[
  {
    "ClientToModuleTotalTime": 8284.0,
    "ClientToModulePercentualError": 0.0,
    "ResilienceModuleToExternalTotalSuccessTime": 8376.0,
    "ResilienceModuleToExternalTotalErrorTime": 0.0,
    "ResilienceModuleToExternalTotalTime": 8376.0,
    "ResilienceModuleToExternalAverageTimePerRequest": 335.03999999999996
  },
  {
    "ClientToModuleTotalTime": 7901.0,
    "ClientToModulePercentualError": 0.0,
    "ResilienceModuleToExternalTotalSuccessTime": 8057.5,
    "ResilienceModuleToExternalTotalErrorTime": 0.0,
    "ResilienceModuleToExternalTotalTime": 8057.5,
    "ResilienceModuleToExternalAverageTimePerRequest": 322.29999999999995
  },
  {
    "ClientToModuleTotalTime": 8814.5,
    "ClientToModulePercentualError": 0.0,
    "ResilienceModuleToExternalTotalSuccessTime": 8998.0,
    "ResilienceModuleToExternalTotalErrorTime": 0.0,
    "ResilienceModuleToExternalTotalTime": 8998.0,
    "ResilienceModuleToExternalAverageTimePerRequest": 359.92
  },
  {
    "ClientToModuleTotalTime": 8331.0,
    "ClientToModulePercentualError": 0.0,
    "ResilienceModuleToExternalTotalSuccessTime": 8459.5,
    "ResilienceModuleToExternalTotalErrorTime": 0.0,
    "ResilienceModuleToExternalTotalTime": 8459.5,
    "ResilienceModuleToExternalAverageTimePerRequest": 338.38
  },
  {
    "ClientToModuleTotalTime": 8134.5,
    "ClientToModulePercentualError": 0.0,
    "ResilienceModuleToExternalTotalSuccessTime": 8312.5,
    "ResilienceModuleToExternalTotalErrorTime": 0.0,
    "ResilienceModuleToExternalTotalTime": 8312.5,
    "ResilienceModuleToExternalAverageTimePerRequest": 332.5
  }
]
