[
  {
    "ClientToModuleTotalTime": 111.5,
    "ClientToModulePercentualError": 0.0,
    "ResilienceModuleToExternalTotalSuccessTime": 105.5,
    "ResilienceModuleToExternalTotalErrorTime": 0.0,
    "ResilienceModuleToExternalTotalTime": 105.5,
    "ResilienceModuleToExternalAverageTimePerRequest": 4.22
  },
  {
    "ClientToModuleTotalTime": 108.5,
    "ClientToModulePercentualError": 0.0,
    "ResilienceModuleToExternalTotalSuccessTime": 103.0,
    "ResilienceModuleToExternalTotalErrorTime": 0.0,
    "ResilienceModuleToExternalTotalTime": 103.0,
    "ResilienceModuleToExternalAverageTimePerRequest": 4.12
  },
  {
    "ClientToModuleTotalTime": 131.0,
    "ClientToModulePercentualError": 0.0,
    "ResilienceModuleToExternalTotalSuccessTime": 127.5,
    "ResilienceModuleToExternalTotalErrorTime": 0.0,
    "ResilienceModuleToExternalTotalTime": 127.5,
    "ResilienceModuleToExternalAverageTimePerRequest": 5.1
  },
  {
    "ClientToModuleTotalTime": 110.5,
    "ClientToModulePercentualError": 0.0,
    "ResilienceModuleToExternalTotalSuccessTime": 107.0,
    "ResilienceModuleToExternalTotalErrorTime": 0.0,
    "ResilienceModuleToExternalTotalTime": 107.0,
    "ResilienceModuleToExternalAverageTimePerRequest": 4.28
  },
  {
    "ClientToModuleTotalTime": 147.5,
    "ClientToModulePercentualError": 0.0,
    "ResilienceModuleToExternalTotalSuccessTime": 143.5,
    "ResilienceModuleToExternalTotalErrorTime": 0.0,
    "ResilienceModuleToExternalTotalTime": 143.5,
    "ResilienceModuleToExternalAverageTimePerRequest": 5.74
  }
]
