[
  {
    "ClientToModuleTotalTime": 2022.0,
    "ClientToModulePercentualError": 0.0,
    "ResilienceModuleToExternalTotalSuccessTime": 2051.5,
    "ResilienceModuleToExternalTotalErrorTime": 0.0,
    "ResilienceModuleToExternalTotalTime": 2051.5,
    "ResilienceModuleToExternalAverageTimePerRequest": 82.06
  },
  {
    "ClientToModuleTotalTime": 2145.0,
    "ClientToModulePercentualError": 0.0,
    "ResilienceModuleToExternalTotalSuccessTime": 2186.5,
    "ResilienceModuleToExternalTotalErrorTime": 0.0,
    "ResilienceModuleToExternalTotalTime": 2186.5,
    "ResilienceModuleToExternalAverageTimePerRequest": 87.46000000000001
  },
  {
    "ClientToModuleTotalTime": 2028.0,
    "ClientToModulePercentualError": 0.0,
    "ResilienceModuleToExternalTotalSuccessTime": 2073.0,
    "ResilienceModuleToExternalTotalErrorTime": 0.0,
    "ResilienceModuleToExternalTotalTime": 2073.0,
    "ResilienceModuleToExternalAverageTimePerRequest": 82.92
  },
  {
    "ClientToModuleTotalTime": 2206.0,
    "ClientToModulePercentualError": 0.0,
    "ResilienceModuleToExternalTotalSuccessTime": 2252.0,
    "ResilienceModuleToExternalTotalErrorTime": 0.0,
    "ResilienceModuleToExternalTotalTime": 2252.0,
    "ResilienceModuleToExternalAverageTimePerRequest": 90.08
  },
  {
    "ClientToModuleTotalTime": 2151.0,
    "ClientToModulePercentualError": 0.0,
    "ResilienceModuleToExternalTotalSuccessTime": 2212.5,
    "ResilienceModuleToExternalTotalErrorTime": 0.0,
    "ResilienceModuleToExternalTotalTime": 2212.5,
    "ResilienceModuleToExternalAverageTimePerRequest": 88.5
  }
]
