[
  {
    "ClientToModuleTotalTime": 3904.0,
    "ClientToModulePercentualError": 0.0,
    "ResilienceModuleToExternalTotalSuccessTime": 3962.0,
    "ResilienceModuleToExternalTotalErrorTime": 0.0,
    "ResilienceModuleToExternalTotalTime": 3962.0,
    "ResilienceModuleToExternalAverageTimePerRequest": 158.48000000000002
  },
  {
    "ClientToModuleTotalTime": 4103.5,
    "ClientToModulePercentualError": 0.0,
    "ResilienceModuleToExternalTotalSuccessTime": 4178.5,
    "ResilienceModuleToExternalTotalErrorTime": 0.0,
    "ResilienceModuleToExternalTotalTime": 4178.5,
    "ResilienceModuleToExternalAverageTimePerRequest": 167.14
  },
  {
    "ClientToModuleTotalTime": 4154.0,
    "ClientToModulePercentualError": 0.0,
    "ResilienceModuleToExternalTotalSuccessTime": 4222.0,
    "ResilienceModuleToExternalTotalErrorTime": 0.0,
    "ResilienceModuleToExternalTotalTime": 4222.0,
    "ResilienceModuleToExternalAverageTimePerRequest": 168.88
  },
  {
    "ClientToModuleTotalTime": 4243.0,
    "ClientToModulePercentualError": 0.0,
    "ResilienceModuleToExternalTotalSuccessTime": 4392.5,
    "ResilienceModuleToExternalTotalErrorTime": 0.0,
    "ResilienceModuleToExternalTotalTime": 4392.5,
    "ResilienceModuleToExternalAverageTimePerRequest": 175.7
  },
  {
    "ClientToModuleTotalTime": 4177.5,
    "ClientToModulePercentualError": 0.0,
    "ResilienceModuleToExternalTotalSuccessTime": 4248.0,
    "ResilienceModuleToExternalTotalErrorTime": 0.0,
    "ResilienceModuleToExternalTotalTime": 4248.0,
    "ResilienceModuleToExternalAverageTimePerRequest": 169.92000000000002
  }
]
