[
  {
    "ClientToModuleTotalTime": 15288.0,
    "ClientToModulePercentualError": 0.6322734155310404,
    "ResilienceModuleToExternalTotalSuccessTime": 9247.5,
    "ResilienceModuleToExternalTotalErrorTime": 6501.0,
    "ResilienceModuleToExternalTotalTime": 15076.0,
    "ResilienceModuleToExternalAverageTimePerRequest": 369.9
  },
  {
    "ClientToModuleTotalTime": 15810.0,
    "ClientToModulePercentualError": 0.6376050420168067,
    "ResilienceModuleToExternalTotalSuccessTime": 9442.5,
    "ResilienceModuleToExternalTotalErrorTime": 5924.0,
    "ResilienceModuleToExternalTotalTime": 15347.5,
    "ResilienceModuleToExternalAverageTimePerRequest": 377.70000000000005
  },
  {
    "ClientToModuleTotalTime": 15358.5,
    "ClientToModulePercentualError": 0.6474358974358975,
    "ResilienceModuleToExternalTotalSuccessTime": 9960.0,
    "ResilienceModuleToExternalTotalErrorTime": 5456.5,
    "ResilienceModuleToExternalTotalTime": 14806.0,
    "ResilienceModuleToExternalAverageTimePerRequest": 398.4
  },
  {
    "ClientToModuleTotalTime": 14608.5,
    "ClientToModulePercentualError": 0.6350170502983802,
    "ResilienceModuleToExternalTotalSuccessTime": 9020.5,
    "ResilienceModuleToExternalTotalErrorTime": 5991.0,
    "ResilienceModuleToExternalTotalTime": 14596.0,
    "ResilienceModuleToExternalAverageTimePerRequest": 360.82
  },
  {
    "ClientToModuleTotalTime": 14236.5,
    "ClientToModulePercentualError": 0.5999743983614951,
    "ResilienceModuleToExternalTotalSuccessTime": 9403.5,
    "ResilienceModuleToExternalTotalErrorTime": 5450.0,
    "ResilienceModuleToExternalTotalTime": 14294.5,
    "ResilienceModuleToExternalAverageTimePerRequest": 376.14
  }
]
