[
  {
    "ClientToModuleTotalTime": 613.0,
    "ClientToModulePercentualError": 0.7534971507146351,
    "ResilienceModuleToExternalTotalSuccessTime": 141.0,
    "ResilienceModuleToExternalTotalErrorTime": 75.0,
    "ResilienceModuleToExternalTotalTime": 216.0,
    "ResilienceModuleToExternalAverageTimePerRequest": 5.640000000000001
  },
  {
    "ClientToModuleTotalTime": 1095.5,
    "ClientToModulePercentualError": 0.7635127324292091,
    "ResilienceModuleToExternalTotalSuccessTime": 147.0,
    "ResilienceModuleToExternalTotalErrorTime": 91.0,
    "ResilienceModuleToExternalTotalTime": 238.0,
    "ResilienceModuleToExternalAverageTimePerRequest": 5.880000000000001
  },
  {
    "ClientToModuleTotalTime": 805.0,
    "ClientToModulePercentualError": 0.7586326802128689,
    "ResilienceModuleToExternalTotalSuccessTime": 165.5,
    "ResilienceModuleToExternalTotalErrorTime": 80.5,
    "ResilienceModuleToExternalTotalTime": 246.0,
    "ResilienceModuleToExternalAverageTimePerRequest": 6.619999999999999
  },
  {
    "ClientToModuleTotalTime": 701.0,
    "ClientToModulePercentualError": 0.7081423404292053,
    "ResilienceModuleToExternalTotalSuccessTime": 160.0,
    "ResilienceModuleToExternalTotalErrorTime": 63.5,
    "ResilienceModuleToExternalTotalTime": 223.5,
    "ResilienceModuleToExternalAverageTimePerRequest": 6.4
  },
  {
    "ClientToModuleTotalTime": 678.5,
    "ClientToModulePercentualError": 0.6939164347762679,
    "ResilienceModuleToExternalTotalSuccessTime": 165.5,
    "ResilienceModuleToExternalTotalErrorTime": 43.0,
    "ResilienceModuleToExternalTotalTime": 208.5,
    "ResilienceModuleToExternalAverageTimePerRequest": 6.62
  }
]
