[
  {
    "ClientToModuleTotalTime": 6685.5,
    "ClientToModulePercentualError": 0.8005535298510742,
    "ResilienceModuleToExternalTotalSuccessTime": 3266.5,
    "ResilienceModuleToExternalTotalErrorTime": 2195.0,
    "ResilienceModuleToExternalTotalTime": 6252.0,
    "ResilienceModuleToExternalAverageTimePerRequest": 130.66
  },
  {
    "ClientToModuleTotalTime": 3875.5,
    "ClientToModulePercentualError": 0.6830550401978974,
    "ResilienceModuleToExternalTotalSuccessTime": 2411.5,
    "ResilienceModuleToExternalTotalErrorTime": 1450.0,
    "ResilienceModuleToExternalTotalTime": 3695.5,
    "ResilienceModuleToExternalAverageTimePerRequest": 96.46000000000001
  },
  {
    "ClientToModuleTotalTime": 3792.5,
    "ClientToModulePercentualError": 0.7368204622090633,
    "ResilienceModuleToExternalTotalSuccessTime": 2250.0,
    "ResilienceModuleToExternalTotalErrorTime": 1183.0,
    "ResilienceModuleToExternalTotalTime": 3453.0,
    "ResilienceModuleToExternalAverageTimePerRequest": 90.0
  },
  {
    "ClientToModuleTotalTime": 4099.0,
    "ClientToModulePercentualError": 0.7422472815142973,
    "ResilienceModuleToExternalTotalSuccessTime": 2430.0,
    "ResilienceModuleToExternalTotalErrorTime": 1251.0,
    "ResilienceModuleToExternalTotalTime": 3655.0,
    "ResilienceModuleToExternalAverageTimePerRequest": 97.19999999999999
  },
  {
    "ClientToModuleTotalTime": 3822.0,
    "ClientToModulePercentualError": 0.7024893746205221,
    "ResilienceModuleToExternalTotalSuccessTime": 2795.5,
    "ResilienceModuleToExternalTotalErrorTime": 917.5,
    "ResilienceModuleToExternalTotalTime": 3778.5,
    "ResilienceModuleToExternalAverageTimePerRequest": 111.82
  }
]
