[
  {
    "ClientToModuleTotalTime": 8760.5,
    "ClientToModulePercentualError": 0.6940680309734513,
    "ResilienceModuleToExternalTotalSuccessTime": 4932.0,
    "ResilienceModuleToExternalTotalErrorTime": 3395.5,
    "ResilienceModuleToExternalTotalTime": 8584.0,
    "ResilienceModuleToExternalAverageTimePerRequest": 197.28
  },
  {
    "ClientToModuleTotalTime": 7529.5,
    "ClientToModulePercentualError": 0.7127329192546584,
    "ResilienceModuleToExternalTotalSuccessTime": 4407.5,
    "ResilienceModuleToExternalTotalErrorTime": 2814.5,
    "ResilienceModuleToExternalTotalTime": 6908.0,
    "ResilienceModuleToExternalAverageTimePerRequest": 176.3
  },
  {
    "ClientToModuleTotalTime": 7943.5,
    "ClientToModulePercentualError": 0.7171125975473802,
    "ResilienceModuleToExternalTotalSuccessTime": 4633.0,
    "ResilienceModuleToExternalTotalErrorTime": 2695.5,
    "ResilienceModuleToExternalTotalTime": 7261.5,
    "ResilienceModuleToExternalAverageTimePerRequest": 185.32
  },
  {
    "ClientToModuleTotalTime": 7755.0,
    "ClientToModulePercentualError": 0.6401201325600663,
    "ResilienceModuleToExternalTotalSuccessTime": 4580.0,
    "ResilienceModuleToExternalTotalErrorTime": 2609.5,
    "ResilienceModuleToExternalTotalTime": 7321.5,
    "ResilienceModuleToExternalAverageTimePerRequest": 183.2
  },
  {
    "ClientToModuleTotalTime": 7110.0,
    "ClientToModulePercentualError": 0.6123798076923077,
    "ResilienceModuleToExternalTotalSuccessTime": 4909.5,
    "ResilienceModuleToExternalTotalErrorTime": 2135.5,
    "ResilienceModuleToExternalTotalTime": 6976.0,
    "ResilienceModuleToExternalAverageTimePerRequest": 196.38
  }
]
