[
  {
    "ClientToModuleTotalTime": 3348.0,
    "ClientToModulePercentualError": 0.0,
    "ResilienceModuleToExternalTotalSuccessTime": 3522.5,
    "ResilienceModuleToExternalTotalErrorTime": 0.0,
    "ResilienceModuleToExternalTotalTime": 3522.5,
    "ResilienceModuleToExternalAverageTimePerRequest": 140.9
  },
  {
    "ClientToModuleTotalTime": 3268.5,
    "ClientToModulePercentualError": 0.0,
    "ResilienceModuleToExternalTotalSuccessTime": 3410.0,
    "ResilienceModuleToExternalTotalErrorTime": 0.0,
    "ResilienceModuleToExternalTotalTime": 3410.0,
    "ResilienceModuleToExternalAverageTimePerRequest": 136.4
  },
  {
    "ClientToModuleTotalTime": 3314.5,
    "ClientToModulePercentualError": 0.0,
    "ResilienceModuleToExternalTotalSuccessTime": 3458.0,
    "ResilienceModuleToExternalTotalErrorTime": 0.0,
    "ResilienceModuleToExternalTotalTime": 3458.0,
    "ResilienceModuleToExternalAverageTimePerRequest": 138.32
  },
  {
    "ClientToModuleTotalTime": 4066.5,
    "ClientToModulePercentualError": 0.0,
    "ResilienceModuleToExternalTotalSuccessTime": 4197.0,
    "ResilienceModuleToExternalTotalErrorTime": 0.0,
    "ResilienceModuleToExternalTotalTime": 4197.0,
    "ResilienceModuleToExternalAverageTimePerRequest": 167.88
  },
  {
    "ClientToModuleTotalTime": 4399.0,
    "ClientToModulePercentualError": 0.0,
    "ResilienceModuleToExternalTotalSuccessTime": 4618.5,
    "ResilienceModuleToExternalTotalErrorTime": 0.0,
    "ResilienceModuleToExternalTotalTime": 4618.5,
    "ResilienceModuleToExternalAverageTimePerRequest": 184.74
  },
  {
    "ClientToModuleTotalTime": 3334.5,
    "ClientToModulePercentualError": 0.0,
    "ResilienceModuleToExternalTotalSuccessTime": 3501.0,
    "ResilienceModuleToExternalTotalErrorTime": 0.0,
    "ResilienceModuleToExternalTotalTime": 3501.0,
    "ResilienceModuleToExternalAverageTimePerRequest": 140.04000000000002
  },
  {
    "ClientToModuleTotalTime": 3466.0,
    "ClientToModulePercentualError": 0.0,
    "ResilienceModuleToExternalTotalSuccessTime": 3600.0,
    "ResilienceModuleToExternalTotalErrorTime": 0.0,
    "ResilienceModuleToExternalTotalTime": 3600.0,
    "ResilienceModuleToExternalAverageTimePerRequest": 144.0
  },
  {
    "ClientToModuleTotalTime": 3290.0,
    "ClientToModulePercentualError": 0.0,
    "ResilienceModuleToExternalTotalSuccessTime": 3440.5,
    "ResilienceModuleToExternalTotalErrorTime": 0.0,
    "ResilienceModuleToExternalTotalTime": 3440.5,
    "ResilienceModuleToExternalAverageTimePerRequest": 137.62
  },
  {
    "ClientToModuleTotalTime": 4459.5,
    "ClientToModulePercentualError": 0.0,
    "ResilienceModuleToExternalTotalSuccessTime": 4650.0,
    "ResilienceModuleToExternalTotalErrorTime": 0.0,
    "ResilienceModuleToExternalTotalTime": 4650.0,
    "ResilienceModuleToExternalAverageTimePerRequest": 186.0
  },
  {
    "ClientToModuleTotalTime": 4082.0,
    "ClientToModulePercentualError": 0.0,
    "ResilienceModuleToExternalTotalSuccessTime": 4322.0,
    "ResilienceModuleToExternalTotalErrorTime": 0.0,
    "ResilienceModuleToExternalTotalTime": 4322.0,
    "ResilienceModuleToExternalAverageTimePerRequest": 172.88
  }
]
