[
  {
    "ClientToModuleTotalTime": 43807.0,
    "ClientToModulePercentualError": 0.9936317341755284,
    "ResilienceModuleToExternalTotalSuccessTime": 19172.5,
    "ResilienceModuleToExternalTotalErrorTime": 18343.5,
    "ResilienceModuleToExternalTotalTime": 37784.5,
    "ResilienceModuleToExternalAverageTimePerRequest": 766.9000000000001
  },
  {
    "ClientToModuleTotalTime": 24300.0,
    "ClientToModulePercentualError": 0.9544211107122439,
    "ResilienceModuleToExternalTotalSuccessTime": 10374.5,
    "ResilienceModuleToExternalTotalErrorTime": 8581.0,
    "ResilienceModuleToExternalTotalTime": 18790.0,
    "ResilienceModuleToExternalAverageTimePerRequest": 414.98
  },
  {
    "ClientToModuleTotalTime": 21548.5,
    "ClientToModulePercentualError": 0.9423291826309068,
    "ResilienceModuleToExternalTotalSuccessTime": 8925.5,
    "ResilienceModuleToExternalTotalErrorTime": 7086.0,
    "ResilienceModuleToExternalTotalTime": 15728.5,
    "ResilienceModuleToExternalAverageTimePerRequest": 357.02
  },
  {
    "ClientToModuleTotalTime": 22073.0,
    "ClientToModulePercentualError": 0.9343832020997376,
    "ResilienceModuleToExternalTotalSuccessTime": 8412.0,
    "ResilienceModuleToExternalTotalErrorTime": 6447.0,
    "ResilienceModuleToExternalTotalTime": 14655.5,
    "ResilienceModuleToExternalAverageTimePerRequest": 336.48
  },
  {
    "ClientToModuleTotalTime": 22523.0,
    "ClientToModulePercentualError": 0.9287743506493507,
    "ResilienceModuleToExternalTotalSuccessTime": 9189.0,
    "ResilienceModuleToExternalTotalErrorTime": 6429.5,
    "ResilienceModuleToExternalTotalTime": 15230.0,
    "ResilienceModuleToExternalAverageTimePerRequest": 367.55999999999995
  }
]
