[
  {
    "ClientToModuleTotalTime": 1874.0,
    "ClientToModulePercentualError": 0.9987117386375348,
    "ResilienceModuleToExternalTotalSuccessTime": 167.0,
    "ResilienceModuleToExternalTotalErrorTime": 66.0,
    "ResilienceModuleToExternalTotalTime": 233.0,
    "ResilienceModuleToExternalAverageTimePerRequest": 6.68
  },
  {
    "ClientToModuleTotalTime": 2117.0,
    "ClientToModulePercentualError": 0.9989073426573427,
    "ResilienceModuleToExternalTotalSuccessTime": 208.0,
    "ResilienceModuleToExternalTotalErrorTime": 64.0,
    "ResilienceModuleToExternalTotalTime": 272.0,
    "ResilienceModuleToExternalAverageTimePerRequest": 8.32
  },
  {
    "ClientToModuleTotalTime": 3521.0,
    "ClientToModulePercentualError": 0.9994034124806109,
    "ResilienceModuleToExternalTotalSuccessTime": 163.0,
    "ResilienceModuleToExternalTotalErrorTime": 97.0,
    "ResilienceModuleToExternalTotalTime": 260.0,
    "ResilienceModuleToExternalAverageTimePerRequest": 6.52
  },
  {
    "ClientToModuleTotalTime": 1457.0,
    "ClientToModulePercentualError": 0.9984387685005933,
    "ResilienceModuleToExternalTotalSuccessTime": 167.0,
    "ResilienceModuleToExternalTotalErrorTime": 52.0,
    "ResilienceModuleToExternalTotalTime": 219.0,
    "ResilienceModuleToExternalAverageTimePerRequest": 6.68
  },
  {
    "ClientToModuleTotalTime": 1241.0,
    "ClientToModulePercentualError": 0.9980764791875049,
    "ResilienceModuleToExternalTotalSuccessTime": 165.0,
    "ResilienceModuleToExternalTotalErrorTime": 42.0,
    "ResilienceModuleToExternalTotalTime": 207.0,
    "ResilienceModuleToExternalAverageTimePerRequest": 6.6
  }
]
