[
  {
    "ClientToModuleTotalTime": 8952.0,
    "ClientToModulePercentualError": 0.9982796586842829,
    "ResilienceModuleToExternalTotalSuccessTime": 10438.0,
    "ResilienceModuleToExternalTotalErrorTime": 9059.0,
    "ResilienceModuleToExternalTotalTime": 19399.0,
    "ResilienceModuleToExternalAverageTimePerRequest": 417.52
  },
  {
    "ClientToModuleTotalTime": 6114.0,
    "ClientToModulePercentualError": 0.9663978494623656,
    "ResilienceModuleToExternalTotalSuccessTime": 1480.0,
    "ResilienceModuleToExternalTotalErrorTime": 1027.0,
    "ResilienceModuleToExternalTotalTime": 2519.0,
    "ResilienceModuleToExternalAverageTimePerRequest": 59.2
  },
  {
    "ClientToModuleTotalTime": 5599.0,
    "ClientToModulePercentualError": 0.9536178107606679,
    "ResilienceModuleToExternalTotalSuccessTime": 1383.0,
    "ResilienceModuleToExternalTotalErrorTime": 1001.0,
    "ResilienceModuleToExternalTotalTime": 2352.0,
    "ResilienceModuleToExternalAverageTimePerRequest": 55.32
  },
  {
    "ClientToModuleTotalTime": 5752.0,
    "ClientToModulePercentualError": 0.9584026622296173,
    "ResilienceModuleToExternalTotalSuccessTime": 1256.0,
    "ResilienceModuleToExternalTotalErrorTime": 909.0,
    "ResilienceModuleToExternalTotalTime": 2156.0,
    "ResilienceModuleToExternalAverageTimePerRequest": 50.24
  },
  {
    "ClientToModuleTotalTime": 6021.0,
    "ClientToModulePercentualError": 0.9647390691114246,
    "ResilienceModuleToExternalTotalSuccessTime": 1347.0,
    "ResilienceModuleToExternalTotalErrorTime": 1007.0,
    "ResilienceModuleToExternalTotalTime": 2241.0,
    "ResilienceModuleToExternalAverageTimePerRequest": 53.88
  }
]
