[
  {
    "ClientToModuleTotalTime": 11019.0,
    "ClientToModulePercentualError": 0.9976134918234134,
    "ResilienceModuleToExternalTotalSuccessTime": 17024.0,
    "ResilienceModuleToExternalTotalErrorTime": 16552.0,
    "ResilienceModuleToExternalTotalTime": 33654.5,
    "ResilienceModuleToExternalAverageTimePerRequest": 680.96
  },
  {
    "ClientToModuleTotalTime": 12800.5,
    "ClientToModulePercentualError": 0.9660903325952137,
    "ResilienceModuleToExternalTotalSuccessTime": 4663.0,
    "ResilienceModuleToExternalTotalErrorTime": 3859.0,
    "ResilienceModuleToExternalTotalTime": 8365.5,
    "ResilienceModuleToExternalAverageTimePerRequest": 186.51999999999998
  },
  {
    "ClientToModuleTotalTime": 11366.5,
    "ClientToModulePercentualError": 0.9508357440094055,
    "ResilienceModuleToExternalTotalSuccessTime": 3485.5,
    "ResilienceModuleToExternalTotalErrorTime": 2593.0,
    "ResilienceModuleToExternalTotalTime": 6006.0,
    "ResilienceModuleToExternalAverageTimePerRequest": 139.42000000000002
  },
  {
    "ClientToModuleTotalTime": 11838.5,
    "ClientToModulePercentualError": 0.9418576350390231,
    "ResilienceModuleToExternalTotalSuccessTime": 3041.5,
    "ResilienceModuleToExternalTotalErrorTime": 2656.0,
    "ResilienceModuleToExternalTotalTime": 5489.0,
    "ResilienceModuleToExternalAverageTimePerRequest": 121.66
  },
  {
    "ClientToModuleTotalTime": 11121.5,
    "ClientToModulePercentualError": 0.9488228737135003,
    "ResilienceModuleToExternalTotalSuccessTime": 3417.5,
    "ResilienceModuleToExternalTotalErrorTime": 2668.0,
    "ResilienceModuleToExternalTotalTime": 5904.5,
    "ResilienceModuleToExternalAverageTimePerRequest": 136.7
  }
]
