[
  {
    "ClientToModuleTotalTime": 2541.0,
    "ClientToModulePercentualError": 65.66666666666667,
    "ResilienceModuleToExternalTotalSuccessTime": 1401.5,
    "ResilienceModuleToExternalTotalErrorTime": 746.5,
    "ResilienceModuleToExternalTotalTime": 2205.5,
    "ResilienceModuleToExternalAverageTimePerRequest": 91.42
  },
  {
    "ClientToModuleTotalTime": 131.5,
    "ClientToModulePercentualError": 165.66666666666666,
    "ResilienceModuleToExternalTotalSuccessTime": 76.0,
    "ResilienceModuleToExternalTotalErrorTime": 34.0,
    "ResilienceModuleToExternalTotalTime": 116.0,
    "ResilienceModuleToExternalAverageTimePerRequest": 11.25
  },
  {
    "ClientToModuleTotalTime": 203.5,
    "ClientToModulePercentualError": 141.85714285714286,
    "ResilienceModuleToExternalTotalSuccessTime": 105.0,
    "ResilienceModuleToExternalTotalErrorTime": 52.0,
    "ResilienceModuleToExternalTotalTime": 164.5,
    "ResilienceModuleToExternalAverageTimePerRequest": 13.431818181818182
  },
  {
    "ClientToModuleTotalTime": 738.5,
    "ClientToModulePercentualError": 110.11111111111111,
    "ResilienceModuleToExternalTotalSuccessTime": 257.5,
    "ResilienceModuleToExternalTotalErrorTime": 232.5,
    "ResilienceModuleToExternalTotalTime": 472.5,
    "ResilienceModuleToExternalAverageTimePerRequest": 33.0
  },
  {
    "ClientToModuleTotalTime": 2246.5,
    "ClientToModulePercentualError": 61.5,
    "ResilienceModuleToExternalTotalSuccessTime": 1318.5,
    "ResilienceModuleToExternalTotalErrorTime": 719.5,
    "ResilienceModuleToExternalTotalTime": 2010.5,
    "ResilienceModuleToExternalAverageTimePerRequest": 90.88499999999999
  },
  {
    "ClientToModuleTotalTime": 5714.0,
    "ClientToModulePercentualError": 56.189542483660134,
    "ResilienceModuleToExternalTotalSuccessTime": 3060.0,
    "ResilienceModuleToExternalTotalErrorTime": 1930.5,
    "ResilienceModuleToExternalTotalTime": 5108.0,
    "ResilienceModuleToExternalAverageTimePerRequest": 183.89285714285714
  },
  {
    "ClientToModuleTotalTime": 8919.0,
    "ClientToModulePercentualError": 49.0,
    "ResilienceModuleToExternalTotalSuccessTime": 5247.5,
    "ResilienceModuleToExternalTotalErrorTime": 2795.0,
    "ResilienceModuleToExternalTotalTime": 8245.0,
    "ResilienceModuleToExternalAverageTimePerRequest": 274.88
  },
  {
    "ClientToModuleTotalTime": 13408.5,
    "ClientToModulePercentualError": 44.45454545454545,
    "ResilienceModuleToExternalTotalSuccessTime": 7560.0,
    "ResilienceModuleToExternalTotalErrorTime": 4788.0,
    "ResilienceModuleToExternalTotalTime": 12634.5,
    "ResilienceModuleToExternalAverageTimePerRequest": 408.31083333333333
  },
  {
    "ClientToModuleTotalTime": 9696.5,
    "ClientToModulePercentualError": 51.63157894736842,
    "ResilienceModuleToExternalTotalSuccessTime": 5316.0,
    "ResilienceModuleToExternalTotalErrorTime": 3783.5,
    "ResilienceModuleToExternalTotalTime": 9045.0,
    "ResilienceModuleToExternalAverageTimePerRequest": 329.28541666666666
  },
  {
    "ClientToModuleTotalTime": 17320.5,
    "ClientToModulePercentualError": 42.47826086956522,
    "ResilienceModuleToExternalTotalSuccessTime": 9482.0,
    "ResilienceModuleToExternalTotalErrorTime": 6066.0,
    "ResilienceModuleToExternalTotalTime": 15310.5,
    "ResilienceModuleToExternalAverageTimePerRequest": 428.6890909090909
  }
]
