[
  {
    "ClientToModuleTotalTime": 516.0,
    "ClientToModulePercentualError": 99.0,
    "ResilienceModuleToExternalTotalSuccessTime": 201.0,
    "ResilienceModuleToExternalTotalErrorTime": 138.0,
    "ResilienceModuleToExternalTotalTime": 348.0,
    "ResilienceModuleToExternalAverageTimePerRequest": 22.5
  },
  {
    "ClientToModuleTotalTime": 1798.0,
    "ClientToModulePercentualError": 65.66666666666667,
    "ResilienceModuleToExternalTotalSuccessTime": 885.0,
    "ResilienceModuleToExternalTotalErrorTime": 645.0,
    "ResilienceModuleToExternalTotalTime": 1437.0,
    "ResilienceModuleToExternalAverageTimePerRequest": 65.4
  },
  {
    "ClientToModuleTotalTime": 682.0,
    "ClientToModulePercentualError": 82.33333333333333,
    "ResilienceModuleToExternalTotalSuccessTime": 376.0,
    "ResilienceModuleToExternalTotalErrorTime": 190.0,
    "ResilienceModuleToExternalTotalTime": 554.0,
    "ResilienceModuleToExternalAverageTimePerRequest": 27.928571428571427
  },
  {
    "ClientToModuleTotalTime": 583.0,
    "ClientToModulePercentualError": 110.11111111111111,
    "ResilienceModuleToExternalTotalSuccessTime": 230.0,
    "ResilienceModuleToExternalTotalErrorTime": 199.0,
    "ResilienceModuleToExternalTotalTime": 402.0,
    "ResilienceModuleToExternalAverageTimePerRequest": 27.0
  },
  {
    "ClientToModuleTotalTime": 1241.0,
    "ClientToModulePercentualError": 75.92307692307692,
    "ResilienceModuleToExternalTotalSuccessTime": 648.0,
    "ResilienceModuleToExternalTotalErrorTime": 344.0,
    "ResilienceModuleToExternalTotalTime": 952.0,
    "ResilienceModuleToExternalAverageTimePerRequest": 49.92307692307692
  },
  {
    "ClientToModuleTotalTime": 4442.0,
    "ClientToModulePercentualError": 44.45454545454545,
    "ResilienceModuleToExternalTotalSuccessTime": 2237.0,
    "ResilienceModuleToExternalTotalErrorTime": 1298.0,
    "ResilienceModuleToExternalTotalTime": 3634.0,
    "ResilienceModuleToExternalAverageTimePerRequest": 110.29411764705883
  },
  {
    "ClientToModuleTotalTime": 2728.0,
    "ClientToModulePercentualError": 57.8235294117647,
    "ResilienceModuleToExternalTotalSuccessTime": 1494.0,
    "ResilienceModuleToExternalTotalErrorTime": 876.0,
    "ResilienceModuleToExternalTotalTime": 2311.0,
    "ResilienceModuleToExternalAverageTimePerRequest": 96.54166666666667
  },
  {
    "ClientToModuleTotalTime": 4151.0,
    "ClientToModulePercentualError": 57.8235294117647,
    "ResilienceModuleToExternalTotalSuccessTime": 2076.0,
    "ResilienceModuleToExternalTotalErrorTime": 1274.0,
    "ResilienceModuleToExternalTotalTime": 3400.0,
    "ResilienceModuleToExternalAverageTimePerRequest": 124.42105263157895
  },
  {
    "ClientToModuleTotalTime": 3471.0,
    "ClientToModulePercentualError": 61.5,
    "ResilienceModuleToExternalTotalSuccessTime": 1917.0,
    "ResilienceModuleToExternalTotalErrorTime": 1021.0,
    "ResilienceModuleToExternalTotalTime": 3098.0,
    "ResilienceModuleToExternalAverageTimePerRequest": 125.8
  },
  {
    "ClientToModuleTotalTime": 3900.0,
    "ClientToModulePercentualError": 54.55555555555556,
    "ResilienceModuleToExternalTotalSuccessTime": 2118.0,
    "ResilienceModuleToExternalTotalErrorTime": 1107.0,
    "ResilienceModuleToExternalTotalTime": 3242.0,
    "ResilienceModuleToExternalAverageTimePerRequest": 119.75
  }
]
