[
  {
    "ClientToModuleTotalTime": 1815.5,
    "ClientToModulePercentualError": 70.42857142857143,
    "ResilienceModuleToExternalTotalSuccessTime": 899.5,
    "ResilienceModuleToExternalTotalErrorTime": 519.5,
    "ResilienceModuleToExternalTotalTime": 1478.0,
    "ResilienceModuleToExternalAverageTimePerRequest": 67.07666666666665
  },
  {
    "ClientToModuleTotalTime": 1216.5,
    "ClientToModulePercentualError": 99.0,
    "ResilienceModuleToExternalTotalSuccessTime": 573.5,
    "ResilienceModuleToExternalTotalErrorTime": 386.0,
    "ResilienceModuleToExternalTotalTime": 949.0,
    "ResilienceModuleToExternalAverageTimePerRequest": 56.24523809523809
  },
  {
    "ClientToModuleTotalTime": 470.5,
    "ClientToModulePercentualError": 124.0,
    "ResilienceModuleToExternalTotalSuccessTime": 162.0,
    "ResilienceModuleToExternalTotalErrorTime": 112.5,
    "ResilienceModuleToExternalTotalTime": 277.0,
    "ResilienceModuleToExternalAverageTimePerRequest": 23.875
  },
  {
    "ClientToModuleTotalTime": 96.0,
    "ClientToModulePercentualError": 182.33333333333331,
    "ResilienceModuleToExternalTotalSuccessTime": 48.5,
    "ResilienceModuleToExternalTotalErrorTime": 29.0,
    "ResilienceModuleToExternalTotalTime": 75.0,
    "ResilienceModuleToExternalAverageTimePerRequest": 10.033333333333333
  },
  {
    "ClientToModuleTotalTime": 1422.5,
    "ClientToModulePercentualError": 89.9090909090909,
    "ResilienceModuleToExternalTotalSuccessTime": 659.5,
    "ResilienceModuleToExternalTotalErrorTime": 439.0,
    "ResilienceModuleToExternalTotalTime": 1151.5,
    "ResilienceModuleToExternalAverageTimePerRequest": 57.49692307692308
  },
  {
    "ClientToModuleTotalTime": 4472.0,
    "ClientToModulePercentualError": 54.55555555555556,
    "ResilienceModuleToExternalTotalSuccessTime": 2281.5,
    "ResilienceModuleToExternalTotalErrorTime": 1629.0,
    "ResilienceModuleToExternalTotalTime": 3662.5,
    "ResilienceModuleToExternalAverageTimePerRequest": 146.10000000000002
  },
  {
    "ClientToModuleTotalTime": 7923.5,
    "ClientToModulePercentualError": 50.315789473684205,
    "ResilienceModuleToExternalTotalSuccessTime": 4645.5,
    "ResilienceModuleToExternalTotalErrorTime": 2253.5,
    "ResilienceModuleToExternalTotalTime": 7220.5,
    "ResilienceModuleToExternalAverageTimePerRequest": 240.8
  },
  {
    "ClientToModuleTotalTime": 8783.5,
    "ClientToModulePercentualError": 46.61904761904762,
    "ResilienceModuleToExternalTotalSuccessTime": 4754.0,
    "ResilienceModuleToExternalTotalErrorTime": 2792.0,
    "ResilienceModuleToExternalTotalTime": 7770.0,
    "ResilienceModuleToExternalAverageTimePerRequest": 232.47045454545454
  },
  {
    "ClientToModuleTotalTime": 8468.5,
    "ClientToModulePercentualError": 54.55555555555556,
    "ResilienceModuleToExternalTotalSuccessTime": 4748.0,
    "ResilienceModuleToExternalTotalErrorTime": 2779.5,
    "ResilienceModuleToExternalTotalTime": 7855.5,
    "ResilienceModuleToExternalAverageTimePerRequest": 258.5
  },
  {
    "ClientToModuleTotalTime": 8577.0,
    "ClientToModulePercentualError": 54.55555555555556,
    "ResilienceModuleToExternalTotalSuccessTime": 4572.0,
    "ResilienceModuleToExternalTotalErrorTime": 2933.0,
    "ResilienceModuleToExternalTotalTime": 7812.5,
    "ResilienceModuleToExternalAverageTimePerRequest": 250.74470588235295
  }
]
