[
  {
    "ClientToModuleTotalTime": 7820.0,
    "ClientToModulePercentualError": 0.0,
    "ResilienceModuleToExternalTotalSuccessTime": 7958.0,
    "ResilienceModuleToExternalTotalErrorTime": 0.0,
    "ResilienceModuleToExternalTotalTime": 7958.0,
    "ResilienceModuleToExternalAverageTimePerRequest": 318.32
  },
  {
    "ClientToModuleTotalTime": 8293.5,
    "ClientToModulePercentualError": 0.0,
    "ResilienceModuleToExternalTotalSuccessTime": 8449.0,
    "ResilienceModuleToExternalTotalErrorTime": 0.0,
    "ResilienceModuleToExternalTotalTime": 8449.0,
    "ResilienceModuleToExternalAverageTimePerRequest": 337.96000000000004
  },
  {
    "ClientToModuleTotalTime": 8786.0,
    "ClientToModulePercentualError": 0.0,
    "ResilienceModuleToExternalTotalSuccessTime": 8918.5,
    "ResilienceModuleToExternalTotalErrorTime": 0.0,
    "ResilienceModuleToExternalTotalTime": 8918.5,
    "ResilienceModuleToExternalAverageTimePerRequest": 356.74
  },
  {
    "ClientToModuleTotalTime": 8601.5,
    "ClientToModulePercentualError": 0.0,
    "ResilienceModuleToExternalTotalSuccessTime": 8705.0,
    "ResilienceModuleToExternalTotalErrorTime": 0.0,
    "ResilienceModuleToExternalTotalTime": 8705.0,
    "ResilienceModuleToExternalAverageTimePerRequest": 348.20000000000005
  },
  {
    "ClientToModuleTotalTime": 8077.0,
    "ClientToModulePercentualError": 0.0,
    "ResilienceModuleToExternalTotalSuccessTime": 8197.0,
    "ResilienceModuleToExternalTotalErrorTime": 0.0,
    "ResilienceModuleToExternalTotalTime": 8197.0,
    "ResilienceModuleToExternalAverageTimePerRequest": 327.88
  }
]
