[
  {
    "ClientToModuleTotalTime": 116.0,
    "ClientToModulePercentualError": 0.0,
    "ResilienceModuleToExternalTotalSuccessTime": 112.0,
    "ResilienceModuleToExternalTotalErrorTime": 0.0,
    "ResilienceModuleToExternalTotalTime": 112.0,
    "ResilienceModuleToExternalAverageTimePerRequest": 4.48
  },
  {
    "ClientToModuleTotalTime": 146.0,
    "ClientToModulePercentualError": 0.0,
    "ResilienceModuleToExternalTotalSuccessTime": 142.5,
    "ResilienceModuleToExternalTotalErrorTime": 0.0,
    "ResilienceModuleToExternalTotalTime": 142.5,
    "ResilienceModuleToExternalAverageTimePerRequest": 5.699999999999999
  },
  {
    "ClientToModuleTotalTime": 108.5,
    "ClientToModulePercentualError": 0.0,
    "ResilienceModuleToExternalTotalSuccessTime": 104.0,
    "ResilienceModuleToExternalTotalErrorTime": 0.0,
    "ResilienceModuleToExternalTotalTime": 104.0,
    "ResilienceModuleToExternalAverageTimePerRequest": 4.16
  },
  {
    "ClientToModuleTotalTime": 148.5,
    "ClientToModulePercentualError": 0.0,
    "ResilienceModuleToExternalTotalSuccessTime": 144.0,
    "ResilienceModuleToExternalTotalErrorTime": 0.0,
    "ResilienceModuleToExternalTotalTime": 144.0,
    "ResilienceModuleToExternalAverageTimePerRequest": 5.76
  },
  {
    "ClientToModuleTotalTime": 123.5,
    "ClientToModulePercentualError": 0.0,
    "ResilienceModuleToExternalTotalSuccessTime": 117.5,
    "ResilienceModuleToExternalTotalErrorTime": 0.0,
    "ResilienceModuleToExternalTotalTime": 117.5,
    "ResilienceModuleToExternalAverageTimePerRequest": 4.7
  }
]
