[
  {
    "ClientToModuleTotalTime": 1958.0,
    "ClientToModulePercentualError": 0.0,
    "ResilienceModuleToExternalTotalSuccessTime": 2008.5,
    "ResilienceModuleToExternalTotalErrorTime": 0.0,
    "ResilienceModuleToExternalTotalTime": 2008.5,
    "ResilienceModuleToExternalAverageTimePerRequest": 80.34
  },
  {
    "ClientToModuleTotalTime": 2083.5,
    "ClientToModulePercentualError": 0.0,
    "ResilienceModuleToExternalTotalSuccessTime": 2141.5,
    "ResilienceModuleToExternalTotalErrorTime": 0.0,
    "ResilienceModuleToExternalTotalTime": 2141.5,
    "ResilienceModuleToExternalAverageTimePerRequest": 85.66
  },
  {
    "ClientToModuleTotalTime": 2025.0,
    "ClientToModulePercentualError": 0.0,
    "ResilienceModuleToExternalTotalSuccessTime": 2045.0,
    "ResilienceModuleToExternalTotalErrorTime": 0.0,
    "ResilienceModuleToExternalTotalTime": 2045.0,
    "ResilienceModuleToExternalAverageTimePerRequest": 81.8
  },
  {
    "ClientToModuleTotalTime": 2072.5,
    "ClientToModulePercentualError": 0.0,
    "ResilienceModuleToExternalTotalSuccessTime": 2105.5,
    "ResilienceModuleToExternalTotalErrorTime": 0.0,
    "ResilienceModuleToExternalTotalTime": 2105.5,
    "ResilienceModuleToExternalAverageTimePerRequest": 84.22
  },
  {
    "ClientToModuleTotalTime": 2007.5,
    "ClientToModulePercentualError": 0.0,
    "ResilienceModuleToExternalTotalSuccessTime": 2049.0,
    "ResilienceModuleToExternalTotalErrorTime": 0.0,
    "ResilienceModuleToExternalTotalTime": 2049.0,
    "ResilienceModuleToExternalAverageTimePerRequest": 81.96
  }
]
