[
  {
    "ClientToModuleTotalTime": 4193.5,
    "ClientToModulePercentualError": 0.0,
    "ResilienceModuleToExternalTotalSuccessTime": 4259.0,
    "ResilienceModuleToExternalTotalErrorTime": 0.0,
    "ResilienceModuleToExternalTotalTime": 4259.0,
    "ResilienceModuleToExternalAverageTimePerRequest": 170.36
  },
  {
    "ClientToModuleTotalTime": 4167.0,
    "ClientToModulePercentualError": 0.0,
    "ResilienceModuleToExternalTotalSuccessTime": 4300.0,
    "ResilienceModuleToExternalTotalErrorTime": 0.0,
    "ResilienceModuleToExternalTotalTime": 4300.0,
    "ResilienceModuleToExternalAverageTimePerRequest": 172.0
  },
  {
    "ClientToModuleTotalTime": 4632.5,
    "ClientToModulePercentualError": 0.0,
    "ResilienceModuleToExternalTotalSuccessTime": 4731.0,
    "ResilienceModuleToExternalTotalErrorTime": 0.0,
    "ResilienceModuleToExternalTotalTime": 4731.0,
    "ResilienceModuleToExternalAverageTimePerRequest": 189.24
  },
  {
    "ClientToModuleTotalTime": 4189.5,
    "ClientToModulePercentualError": 0.0,
    "ResilienceModuleToExternalTotalSuccessTime": 4254.5,
    "ResilienceModuleToExternalTotalErrorTime": 0.0,
    "ResilienceModuleToExternalTotalTime": 4254.5,
    "ResilienceModuleToExternalAverageTimePerRequest": 170.18
  },
  {
    "ClientToModuleTotalTime": 4093.5,
    "ClientToModulePercentualError": 0.0,
    "ResilienceModuleToExternalTotalSuccessTime": 4161.5,
    "ResilienceModuleToExternalTotalErrorTime": 0.0,
    "ResilienceModuleToExternalTotalTime": 4161.5,
    "ResilienceModuleToExternalAverageTimePerRequest": 166.45999999999998
  }
]
