[
  {
    "ClientToModuleTotalTime": 3238.5,
    "ClientToModulePercentualError": 0.0,
    "ResilienceModuleToExternalTotalSuccessTime": 3236.0,
    "ResilienceModuleToExternalTotalErrorTime": 0.0,
    "ResilienceModuleToExternalTotalTime": 3236.0,
    "ResilienceModuleToExternalAverageTimePerRequest": 129.44
  },
  {
    "ClientToModuleTotalTime": 4378.0,
    "ClientToModulePercentualError": 0.0,
    "ResilienceModuleToExternalTotalSuccessTime": 4375.0,
    "ResilienceModuleToExternalTotalErrorTime": 0.0,
    "ResilienceModuleToExternalTotalTime": 4375.0,
    "ResilienceModuleToExternalAverageTimePerRequest": 175.0
  },
  {
    "ClientToModuleTotalTime": 3389.0,
    "ClientToModulePercentualError": 0.0,
    "ResilienceModuleToExternalTotalSuccessTime": 3388.0,
    "ResilienceModuleToExternalTotalErrorTime": 0.0,
    "ResilienceModuleToExternalTotalTime": 3388.0,
    "ResilienceModuleToExternalAverageTimePerRequest": 135.51999999999998
  },
  {
    "ClientToModuleTotalTime": 4702.5,
    "ClientToModulePercentualError": 0.0,
    "ResilienceModuleToExternalTotalSuccessTime": 4701.0,
    "ResilienceModuleToExternalTotalErrorTime": 0.0,
    "ResilienceModuleToExternalTotalTime": 4701.0,
    "ResilienceModuleToExternalAverageTimePerRequest": 188.04
  },
  {
    "ClientToModuleTotalTime": 4200.5,
    "ClientToModulePercentualError": 0.0,
    "ResilienceModuleToExternalTotalSuccessTime": 4200.0,
    "ResilienceModuleToExternalTotalErrorTime": 0.0,
    "ResilienceModuleToExternalTotalTime": 4200.0,
    "ResilienceModuleToExternalAverageTimePerRequest": 168.0
  },
  {
    "ClientToModuleTotalTime": 6034.0,
    "ClientToModulePercentualError": 0.0,
    "ResilienceModuleToExternalTotalSuccessTime": 6032.5,
    "ResilienceModuleToExternalTotalErrorTime": 0.0,
    "ResilienceModuleToExternalTotalTime": 6032.5,
    "ResilienceModuleToExternalAverageTimePerRequest": 241.3
  },
  {
    "ClientToModuleTotalTime": 5778.0,
    "ClientToModulePercentualError": 0.0,
    "ResilienceModuleToExternalTotalSuccessTime": 5776.5,
    "ResilienceModuleToExternalTotalErrorTime": 0.0,
    "ResilienceModuleToExternalTotalTime": 5776.5,
    "ResilienceModuleToExternalAverageTimePerRequest": 231.06
  },
  {
    "ClientToModuleTotalTime": 7126.5,
    "ClientToModulePercentualError": 0.0,
    "ResilienceModuleToExternalTotalSuccessTime": 7122.5,
    "ResilienceModuleToExternalTotalErrorTime": 0.0,
    "ResilienceModuleToExternalTotalTime": 7122.5,
    "ResilienceModuleToExternalAverageTimePerRequest": 284.9
  },
  {
    "ClientToModuleTotalTime": 5727.0,
    "ClientToModulePercentualError": 0.0,
    "ResilienceModuleToExternalTotalSuccessTime": 5725.5,
    "ResilienceModuleToExternalTotalErrorTime": 0.0,
    "ResilienceModuleToExternalTotalTime": 5725.5,
    "ResilienceModuleToExternalAverageTimePerRequest": 229.01999999999998
  },
  {
    "ClientToModuleTotalTime": 6099.0,
    "ClientToModulePercentualError": 0.0,
    "ResilienceModuleToExternalTotalSuccessTime": 6095.0,
    "ResilienceModuleToExternalTotalErrorTime": 0.0,
    "ResilienceModuleToExternalTotalTime": 6095.0,
    "ResilienceModuleToExternalAverageTimePerRequest": 243.8
  }
]
