[
  {
    "ClientToModuleTotalTime": 1119.5,
    "ClientToModulePercentualError": 0.0,
    "ResilienceModuleToExternalTotalSuccessTime": 1118.0,
    "ResilienceModuleToExternalTotalErrorTime": 0.0,
    "ResilienceModuleToExternalTotalTime": 1118.0,
    "ResilienceModuleToExternalAverageTimePerRequest": 44.72
  },
  {
    "ClientToModuleTotalTime": 1159.5,
    "ClientToModulePercentualError": 0.0,
    "ResilienceModuleToExternalTotalSuccessTime": 1158.0,
    "ResilienceModuleToExternalTotalErrorTime": 0.0,
    "ResilienceModuleToExternalTotalTime": 1158.0,
    "ResilienceModuleToExternalAverageTimePerRequest": 46.32
  },
  {
    "ClientToModuleTotalTime": 1478.5,
    "ClientToModulePercentualError": 0.0,
    "ResilienceModuleToExternalTotalSuccessTime": 1476.5,
    "ResilienceModuleToExternalTotalErrorTime": 0.0,
    "ResilienceModuleToExternalTotalTime": 1476.5,
    "ResilienceModuleToExternalAverageTimePerRequest": 59.06
  },
  {
    "ClientToModuleTotalTime": 1258.5,
    "ClientToModulePercentualError": 0.0,
    "ResilienceModuleToExternalTotalSuccessTime": 1256.0,
    "ResilienceModuleToExternalTotalErrorTime": 0.0,
    "ResilienceModuleToExternalTotalTime": 1256.0,
    "ResilienceModuleToExternalAverageTimePerRequest": 50.239999999999995
  },
  {
    "ClientToModuleTotalTime": 2076.0,
    "ClientToModulePercentualError": 0.0,
    "ResilienceModuleToExternalTotalSuccessTime": 2075.5,
    "ResilienceModuleToExternalTotalErrorTime": 0.0,
    "ResilienceModuleToExternalTotalTime": 2075.5,
    "ResilienceModuleToExternalAverageTimePerRequest": 83.02
  },
  {
    "ClientToModuleTotalTime": 1921.0,
    "ClientToModulePercentualError": 0.0,
    "ResilienceModuleToExternalTotalSuccessTime": 1918.5,
    "ResilienceModuleToExternalTotalErrorTime": 0.0,
    "ResilienceModuleToExternalTotalTime": 1918.5,
    "ResilienceModuleToExternalAverageTimePerRequest": 76.74000000000001
  },
  {
    "ClientToModuleTotalTime": 2273.5,
    "ClientToModulePercentualError": 0.0,
    "ResilienceModuleToExternalTotalSuccessTime": 2270.5,
    "ResilienceModuleToExternalTotalErrorTime": 0.0,
    "ResilienceModuleToExternalTotalTime": 2270.5,
    "ResilienceModuleToExternalAverageTimePerRequest": 90.82
  },
  {
    "ClientToModuleTotalTime": 1901.5,
    "ClientToModulePercentualError": 0.0,
    "ResilienceModuleToExternalTotalSuccessTime": 1901.0,
    "ResilienceModuleToExternalTotalErrorTime": 0.0,
    "ResilienceModuleToExternalTotalTime": 1901.0,
    "ResilienceModuleToExternalAverageTimePerRequest": 76.03999999999999
  },
  {
    "ClientToModuleTotalTime": 2111.5,
    "ClientToModulePercentualError": 0.0,
    "ResilienceModuleToExternalTotalSuccessTime": 2110.0,
    "ResilienceModuleToExternalTotalErrorTime": 0.0,
    "ResilienceModuleToExternalTotalTime": 2110.0,
    "ResilienceModuleToExternalAverageTimePerRequest": 84.4
  },
  {
    "ClientToModuleTotalTime": 2129.0,
    "ClientToModulePercentualError": 0.0,
    "ResilienceModuleToExternalTotalSuccessTime": 2128.5,
    "ResilienceModuleToExternalTotalErrorTime": 0.0,
    "ResilienceModuleToExternalTotalTime": 2128.5,
    "ResilienceModuleToExternalAverageTimePerRequest": 85.14
  }
]
