[
  {
    "ClientToModuleTotalTime": 1871.0,
    "ClientToModulePercentualError": 0.0,
    "ResilienceModuleToExternalTotalSuccessTime": 1870.5,
    "ResilienceModuleToExternalTotalErrorTime": 0.0,
    "ResilienceModuleToExternalTotalTime": 1870.5,
    "ResilienceModuleToExternalAverageTimePerRequest": 74.82000000000001
  },
  {
    "ClientToModuleTotalTime": 2291.0,
    "ClientToModulePercentualError": 0.0,
    "ResilienceModuleToExternalTotalSuccessTime": 2289.5,
    "ResilienceModuleToExternalTotalErrorTime": 0.0,
    "ResilienceModuleToExternalTotalTime": 2289.5,
    "ResilienceModuleToExternalAverageTimePerRequest": 91.58
  },
  {
    "ClientToModuleTotalTime": 2102.5,
    "ClientToModulePercentualError": 0.0,
    "ResilienceModuleToExternalTotalSuccessTime": 2101.5,
    "ResilienceModuleToExternalTotalErrorTime": 0.0,
    "ResilienceModuleToExternalTotalTime": 2101.5,
    "ResilienceModuleToExternalAverageTimePerRequest": 84.06
  },
  {
    "ClientToModuleTotalTime": 2281.0,
    "ClientToModulePercentualError": 0.0,
    "ResilienceModuleToExternalTotalSuccessTime": 2278.0,
    "ResilienceModuleToExternalTotalErrorTime": 0.0,
    "ResilienceModuleToExternalTotalTime": 2278.0,
    "ResilienceModuleToExternalAverageTimePerRequest": 91.12
  },
  {
    "ClientToModuleTotalTime": 3403.0,
    "ClientToModulePercentualError": 0.0,
    "ResilienceModuleToExternalTotalSuccessTime": 3401.5,
    "ResilienceModuleToExternalTotalErrorTime": 0.0,
    "ResilienceModuleToExternalTotalTime": 3401.5,
    "ResilienceModuleToExternalAverageTimePerRequest": 136.06
  },
  {
    "ClientToModuleTotalTime": 2755.5,
    "ClientToModulePercentualError": 0.0,
    "ResilienceModuleToExternalTotalSuccessTime": 2753.5,
    "ResilienceModuleToExternalTotalErrorTime": 0.0,
    "ResilienceModuleToExternalTotalTime": 2753.5,
    "ResilienceModuleToExternalAverageTimePerRequest": 110.14
  },
  {
    "ClientToModuleTotalTime": 3530.5,
    "ClientToModulePercentualError": 0.0,
    "ResilienceModuleToExternalTotalSuccessTime": 3529.5,
    "ResilienceModuleToExternalTotalErrorTime": 0.0,
    "ResilienceModuleToExternalTotalTime": 3529.5,
    "ResilienceModuleToExternalAverageTimePerRequest": 141.18
  },
  {
    "ClientToModuleTotalTime": 3971.5,
    "ClientToModulePercentualError": 0.0,
    "ResilienceModuleToExternalTotalSuccessTime": 3971.5,
    "ResilienceModuleToExternalTotalErrorTime": 0.0,
    "ResilienceModuleToExternalTotalTime": 3971.5,
    "ResilienceModuleToExternalAverageTimePerRequest": 158.86
  },
  {
    "ClientToModuleTotalTime": 3956.0,
    "ClientToModulePercentualError": 0.0,
    "ResilienceModuleToExternalTotalSuccessTime": 3956.0,
    "ResilienceModuleToExternalTotalErrorTime": 0.0,
    "ResilienceModuleToExternalTotalTime": 3956.0,
    "ResilienceModuleToExternalAverageTimePerRequest": 158.24
  },
  {
    "ClientToModuleTotalTime": 4079.5,
    "ClientToModulePercentualError": 0.0,
    "ResilienceModuleToExternalTotalSuccessTime": 4078.5,
    "ResilienceModuleToExternalTotalErrorTime": 0.0,
    "ResilienceModuleToExternalTotalTime": 4078.5,
    "ResilienceModuleToExternalAverageTimePerRequest": 163.14
  }
]
