[
  {
    "ClientToModuleTotalTime": 7680.5,
    "ClientToModulePercentualError": 6.1,
    "ResilienceModuleToExternalTotalSuccessTime": 6966.5,
    "ResilienceModuleToExternalTotalErrorTime": 106.0,
    "ResilienceModuleToExternalTotalTime": 7444.5,
    "ResilienceModuleToExternalAverageTimePerRequest": 286.9433333333333
  },
  {
    "ClientToModuleTotalTime": 6304.5,
    "ClientToModulePercentualError": 12.98,
    "ResilienceModuleToExternalTotalSuccessTime": 5952.5,
    "ResilienceModuleToExternalTotalErrorTime": 3.0,
    "ResilienceModuleToExternalTotalTime": 6143.0,
    "ResilienceModuleToExternalAverageTimePerRequest": 241.94
  },
  {
    "ClientToModuleTotalTime": 6772.0,
    "ClientToModulePercentualError": 14.12,
    "ResilienceModuleToExternalTotalSuccessTime": 6516.0,
    "ResilienceModuleToExternalTotalErrorTime": 3.0,
    "ResilienceModuleToExternalTotalTime": 6652.0,
    "ResilienceModuleToExternalAverageTimePerRequest": 266.7375
  },
  {
    "ClientToModuleTotalTime": 6106.5,
    "ClientToModulePercentualError": 15.879999999999999,
    "ResilienceModuleToExternalTotalSuccessTime": 5683.0,
    "ResilienceModuleToExternalTotalErrorTime": 5.0,
    "ResilienceModuleToExternalTotalTime": 5883.5,
    "ResilienceModuleToExternalAverageTimePerRequest": 242.78
  },
  {
    "ClientToModuleTotalTime": 7468.5,
    "ClientToModulePercentualError": 5.46,
    "ResilienceModuleToExternalTotalSuccessTime": 6742.5,
    "ResilienceModuleToExternalTotalErrorTime": 102.5,
    "ResilienceModuleToExternalTotalTime": 7203.5,
    "ResilienceModuleToExternalAverageTimePerRequest": 283.01
  },
  {
    "ClientToModuleTotalTime": 11136.0,
    "ClientToModulePercentualError": 5.260000000000001,
    "ResilienceModuleToExternalTotalSuccessTime": 8709.0,
    "ResilienceModuleToExternalTotalErrorTime": 391.0,
    "ResilienceModuleToExternalTotalTime": 10475.0,
    "ResilienceModuleToExternalAverageTimePerRequest": 358.81714285714287
  },
  {
    "ClientToModuleTotalTime": 12217.0,
    "ClientToModulePercentualError": 3.86,
    "ResilienceModuleToExternalTotalSuccessTime": 9427.0,
    "ResilienceModuleToExternalTotalErrorTime": 555.5,
    "ResilienceModuleToExternalTotalTime": 11693.0,
    "ResilienceModuleToExternalAverageTimePerRequest": 409.55
  },
  {
    "ClientToModuleTotalTime": 14060.0,
    "ClientToModulePercentualError": 2.8,
    "ResilienceModuleToExternalTotalSuccessTime": 11513.0,
    "ResilienceModuleToExternalTotalErrorTime": 828.0,
    "ResilienceModuleToExternalTotalTime": 13944.5,
    "ResilienceModuleToExternalAverageTimePerRequest": 468.79166666666663
  },
  {
    "ClientToModuleTotalTime": 13566.5,
    "ClientToModulePercentualError": 2.14,
    "ResilienceModuleToExternalTotalSuccessTime": 10219.5,
    "ResilienceModuleToExternalTotalErrorTime": 741.5,
    "ResilienceModuleToExternalTotalTime": 13300.0,
    "ResilienceModuleToExternalAverageTimePerRequest": 420.21166666666664
  },
  {
    "ClientToModuleTotalTime": 14897.5,
    "ClientToModulePercentualError": 2.26,
    "ResilienceModuleToExternalTotalSuccessTime": 11805.5,
    "ResilienceModuleToExternalTotalErrorTime": 1376.0,
    "ResilienceModuleToExternalTotalTime": 14641.0,
    "ResilienceModuleToExternalAverageTimePerRequest": 491.70666666666665
  }
]
