[
  {
    "ClientToModuleTotalTime": 2519.0,
    "ClientToModulePercentualError": 6.66,
    "ResilienceModuleToExternalTotalSuccessTime": 2211.0,
    "ResilienceModuleToExternalTotalErrorTime": 18.5,
    "ResilienceModuleToExternalTotalTime": 2356.0,
    "ResilienceModuleToExternalAverageTimePerRequest": 96.80857142857143
  },
  {
    "ClientToModuleTotalTime": 3113.0,
    "ClientToModulePercentualError": 14.9,
    "ResilienceModuleToExternalTotalSuccessTime": 2259.5,
    "ResilienceModuleToExternalTotalErrorTime": 131.5,
    "ResilienceModuleToExternalTotalTime": 2705.5,
    "ResilienceModuleToExternalAverageTimePerRequest": 100.55250000000001
  },
  {
    "ClientToModuleTotalTime": 2256.5,
    "ClientToModulePercentualError": 12.44,
    "ResilienceModuleToExternalTotalSuccessTime": 2087.0,
    "ResilienceModuleToExternalTotalErrorTime": 6.0,
    "ResilienceModuleToExternalTotalTime": 2189.5,
    "ResilienceModuleToExternalAverageTimePerRequest": 86.75833333333333
  },
  {
    "ClientToModuleTotalTime": 2269.5,
    "ClientToModulePercentualError": 8.36,
    "ResilienceModuleToExternalTotalSuccessTime": 2003.0,
    "ResilienceModuleToExternalTotalErrorTime": 8.5,
    "ResilienceModuleToExternalTotalTime": 2162.0,
    "ResilienceModuleToExternalAverageTimePerRequest": 89.98
  },
  {
    "ClientToModuleTotalTime": 2511.0,
    "ClientToModulePercentualError": 14.28,
    "ResilienceModuleToExternalTotalSuccessTime": 2004.5,
    "ResilienceModuleToExternalTotalErrorTime": 43.0,
    "ResilienceModuleToExternalTotalTime": 2298.5,
    "ResilienceModuleToExternalAverageTimePerRequest": 94.08
  },
  {
    "ClientToModuleTotalTime": 3620.0,
    "ClientToModulePercentualError": 9.280000000000001,
    "ResilienceModuleToExternalTotalSuccessTime": 2936.5,
    "ResilienceModuleToExternalTotalErrorTime": 287.0,
    "ResilienceModuleToExternalTotalTime": 3562.0,
    "ResilienceModuleToExternalAverageTimePerRequest": 129.32
  },
  {
    "ClientToModuleTotalTime": 3516.0,
    "ClientToModulePercentualError": 9.760000000000002,
    "ResilienceModuleToExternalTotalSuccessTime": 2950.5,
    "ResilienceModuleToExternalTotalErrorTime": 183.0,
    "ResilienceModuleToExternalTotalTime": 3313.5,
    "ResilienceModuleToExternalAverageTimePerRequest": 128.4
  },
  {
    "ClientToModuleTotalTime": 3725.0,
    "ClientToModulePercentualError": 9.62,
    "ResilienceModuleToExternalTotalSuccessTime": 3152.5,
    "ResilienceModuleToExternalTotalErrorTime": 306.5,
    "ResilienceModuleToExternalTotalTime": 3635.0,
    "ResilienceModuleToExternalAverageTimePerRequest": 137.71904761904761
  },
  {
    "ClientToModuleTotalTime": 3637.5,
    "ClientToModulePercentualError": 6.62,
    "ResilienceModuleToExternalTotalSuccessTime": 2838.5,
    "ResilienceModuleToExternalTotalErrorTime": 329.5,
    "ResilienceModuleToExternalTotalTime": 3470.5,
    "ResilienceModuleToExternalAverageTimePerRequest": 141.17613636363637
  },
  {
    "ClientToModuleTotalTime": 3626.0,
    "ClientToModulePercentualError": 12.34,
    "ResilienceModuleToExternalTotalSuccessTime": 2967.0,
    "ResilienceModuleToExternalTotalErrorTime": 356.5,
    "ResilienceModuleToExternalTotalTime": 3484.0,
    "ResilienceModuleToExternalAverageTimePerRequest": 135.59
  }
]
