[
  {
    "ClientToModuleTotalTime": 3998.5,
    "ClientToModulePercentualError": 2.8,
    "ResilienceModuleToExternalTotalSuccessTime": 3646.0,
    "ResilienceModuleToExternalTotalErrorTime": 78.0,
    "ResilienceModuleToExternalTotalTime": 3862.5,
    "ResilienceModuleToExternalAverageTimePerRequest": 157.88
  },
  {
    "ClientToModuleTotalTime": 4159.5,
    "ClientToModulePercentualError": 12.58,
    "ResilienceModuleToExternalTotalSuccessTime": 3767.5,
    "ResilienceModuleToExternalTotalErrorTime": 8.5,
    "ResilienceModuleToExternalTotalTime": 4042.0,
    "ResilienceModuleToExternalAverageTimePerRequest": 156.69
  },
  {
    "ClientToModuleTotalTime": 3748.5,
    "ClientToModulePercentualError": 17.34,
    "ResilienceModuleToExternalTotalSuccessTime": 3433.5,
    "ResilienceModuleToExternalTotalErrorTime": 8.0,
    "ResilienceModuleToExternalTotalTime": 3594.0,
    "ResilienceModuleToExternalAverageTimePerRequest": 142.4257142857143
  },
  {
    "ClientToModuleTotalTime": 3666.0,
    "ClientToModulePercentualError": 25.26,
    "ResilienceModuleToExternalTotalSuccessTime": 3365.5,
    "ResilienceModuleToExternalTotalErrorTime": 3.0,
    "ResilienceModuleToExternalTotalTime": 3503.5,
    "ResilienceModuleToExternalAverageTimePerRequest": 144.86
  },
  {
    "ClientToModuleTotalTime": 4002.5,
    "ClientToModulePercentualError": 10.7,
    "ResilienceModuleToExternalTotalSuccessTime": 3464.0,
    "ResilienceModuleToExternalTotalErrorTime": 14.5,
    "ResilienceModuleToExternalTotalTime": 3776.5,
    "ResilienceModuleToExternalAverageTimePerRequest": 146.12
  },
  {
    "ClientToModuleTotalTime": 6538.5,
    "ClientToModulePercentualError": 7.58,
    "ResilienceModuleToExternalTotalSuccessTime": 5130.0,
    "ResilienceModuleToExternalTotalErrorTime": 185.0,
    "ResilienceModuleToExternalTotalTime": 6173.0,
    "ResilienceModuleToExternalAverageTimePerRequest": 219.87
  },
  {
    "ClientToModuleTotalTime": 6909.5,
    "ClientToModulePercentualError": 2.8,
    "ResilienceModuleToExternalTotalSuccessTime": 5932.0,
    "ResilienceModuleToExternalTotalErrorTime": 499.0,
    "ResilienceModuleToExternalTotalTime": 6822.0,
    "ResilienceModuleToExternalAverageTimePerRequest": 256.96000000000004
  },
  {
    "ClientToModuleTotalTime": 7369.5,
    "ClientToModulePercentualError": 2.84,
    "ResilienceModuleToExternalTotalSuccessTime": 5871.0,
    "ResilienceModuleToExternalTotalErrorTime": 522.0,
    "ResilienceModuleToExternalTotalTime": 7161.5,
    "ResilienceModuleToExternalAverageTimePerRequest": 261.37
  },
  {
    "ClientToModuleTotalTime": 7623.0,
    "ClientToModulePercentualError": 4.12,
    "ResilienceModuleToExternalTotalSuccessTime": 6338.0,
    "ResilienceModuleToExternalTotalErrorTime": 539.0,
    "ResilienceModuleToExternalTotalTime": 7534.5,
    "ResilienceModuleToExternalAverageTimePerRequest": 275.2
  },
  {
    "ClientToModuleTotalTime": 7768.5,
    "ClientToModulePercentualError": 6.82,
    "ResilienceModuleToExternalTotalSuccessTime": 6115.5,
    "ResilienceModuleToExternalTotalErrorTime": 759.0,
    "ResilienceModuleToExternalTotalTime": 7661.0,
    "ResilienceModuleToExternalAverageTimePerRequest": 278.6857142857143
  }
]
