[
  {
    "ClientToModuleTotalTime": 9151.5,
    "ClientToModulePercentualError": 0.0,
    "ResilienceModuleToExternalTotalSuccessTime": 9136.0,
    "ResilienceModuleToExternalTotalErrorTime": 0.0,
    "ResilienceModuleToExternalTotalTime": 9136.0,
    "ResilienceModuleToExternalAverageTimePerRequest": 365.44
  },
  {
    "ClientToModuleTotalTime": 9158.0,
    "ClientToModulePercentualError": 0.0,
    "ResilienceModuleToExternalTotalSuccessTime": 9143.0,
    "ResilienceModuleToExternalTotalErrorTime": 0.0,
    "ResilienceModuleToExternalTotalTime": 9143.0,
    "ResilienceModuleToExternalAverageTimePerRequest": 365.72
  },
  {
    "ClientToModuleTotalTime": 9155.0,
    "ClientToModulePercentualError": 0.0,
    "ResilienceModuleToExternalTotalSuccessTime": 9141.0,
    "ResilienceModuleToExternalTotalErrorTime": 0.0,
    "ResilienceModuleToExternalTotalTime": 9141.0,
    "ResilienceModuleToExternalAverageTimePerRequest": 365.64
  },
  {
    "ClientToModuleTotalTime": 10563.5,
    "ClientToModulePercentualError": 0.0,
    "ResilienceModuleToExternalTotalSuccessTime": 10548.0,
    "ResilienceModuleToExternalTotalErrorTime": 0.0,
    "ResilienceModuleToExternalTotalTime": 10548.0,
    "ResilienceModuleToExternalAverageTimePerRequest": 421.92
  },
  {
    "ClientToModuleTotalTime": 9313.0,
    "ClientToModulePercentualError": 0.0,
    "ResilienceModuleToExternalTotalSuccessTime": 9298.0,
    "ResilienceModuleToExternalTotalErrorTime": 0.0,
    "ResilienceModuleToExternalTotalTime": 9298.0,
    "ResilienceModuleToExternalAverageTimePerRequest": 371.91999999999996
  },
  {
    "ClientToModuleTotalTime": 9238.5,
    "ClientToModulePercentualError": 0.0,
    "ResilienceModuleToExternalTotalSuccessTime": 9224.0,
    "ResilienceModuleToExternalTotalErrorTime": 0.0,
    "ResilienceModuleToExternalTotalTime": 9224.0,
    "ResilienceModuleToExternalAverageTimePerRequest": 368.96000000000004
  },
  {
    "ClientToModuleTotalTime": 9683.0,
    "ClientToModulePercentualError": 0.0,
    "ResilienceModuleToExternalTotalSuccessTime": 9668.0,
    "ResilienceModuleToExternalTotalErrorTime": 0.0,
    "ResilienceModuleToExternalTotalTime": 9668.0,
    "ResilienceModuleToExternalAverageTimePerRequest": 386.72
  },
  {
    "ClientToModuleTotalTime": 9786.5,
    "ClientToModulePercentualError": 0.0,
    "ResilienceModuleToExternalTotalSuccessTime": 9770.0,
    "ResilienceModuleToExternalTotalErrorTime": 0.0,
    "ResilienceModuleToExternalTotalTime": 9770.0,
    "ResilienceModuleToExternalAverageTimePerRequest": 390.79999999999995
  },
  {
    "ClientToModuleTotalTime": 9378.5,
    "ClientToModulePercentualError": 0.0,
    "ResilienceModuleToExternalTotalSuccessTime": 9363.0,
    "ResilienceModuleToExternalTotalErrorTime": 0.0,
    "ResilienceModuleToExternalTotalTime": 9363.0,
    "ResilienceModuleToExternalAverageTimePerRequest": 374.52
  },
  {
    "ClientToModuleTotalTime": 7867.5,
    "ClientToModulePercentualError": 0.0,
    "ResilienceModuleToExternalTotalSuccessTime": 7852.5,
    "ResilienceModuleToExternalTotalErrorTime": 0.0,
    "ResilienceModuleToExternalTotalTime": 7852.5,
    "ResilienceModuleToExternalAverageTimePerRequest": 314.1
  }
]
