[
  {
    "ClientToModuleTotalTime": 137.0,
    "ClientToModulePercentualError": 0.0,
    "ResilienceModuleToExternalTotalSuccessTime": 123.0,
    "ResilienceModuleToExternalTotalErrorTime": 0.0,
    "ResilienceModuleToExternalTotalTime": 123.0,
    "ResilienceModuleToExternalAverageTimePerRequest": 4.92
  },
  {
    "ClientToModuleTotalTime": 117.0,
    "ClientToModulePercentualError": 0.0,
    "ResilienceModuleToExternalTotalSuccessTime": 103.0,
    "ResilienceModuleToExternalTotalErrorTime": 0.0,
    "ResilienceModuleToExternalTotalTime": 103.0,
    "ResilienceModuleToExternalAverageTimePerRequest": 4.12
  },
  {
    "ClientToModuleTotalTime": 119.0,
    "ClientToModulePercentualError": 0.0,
    "ResilienceModuleToExternalTotalSuccessTime": 106.0,
    "ResilienceModuleToExternalTotalErrorTime": 0.0,
    "ResilienceModuleToExternalTotalTime": 106.0,
    "ResilienceModuleToExternalAverageTimePerRequest": 4.24
  },
  {
    "ClientToModuleTotalTime": 120.0,
    "ClientToModulePercentualError": 0.0,
    "ResilienceModuleToExternalTotalSuccessTime": 110.0,
    "ResilienceModuleToExternalTotalErrorTime": 0.0,
    "ResilienceModuleToExternalTotalTime": 110.0,
    "ResilienceModuleToExternalAverageTimePerRequest": 4.4
  },
  {
    "ClientToModuleTotalTime": 123.0,
    "ClientToModulePercentualError": 0.0,
    "ResilienceModuleToExternalTotalSuccessTime": 108.0,
    "ResilienceModuleToExternalTotalErrorTime": 0.0,
    "ResilienceModuleToExternalTotalTime": 108.0,
    "ResilienceModuleToExternalAverageTimePerRequest": 4.32
  },
  {
    "ClientToModuleTotalTime": 123.0,
    "ClientToModulePercentualError": 0.0,
    "ResilienceModuleToExternalTotalSuccessTime": 109.0,
    "ResilienceModuleToExternalTotalErrorTime": 0.0,
    "ResilienceModuleToExternalTotalTime": 109.0,
    "ResilienceModuleToExternalAverageTimePerRequest": 4.36
  },
  {
    "ClientToModuleTotalTime": 139.0,
    "ClientToModulePercentualError": 0.0,
    "ResilienceModuleToExternalTotalSuccessTime": 125.0,
    "ResilienceModuleToExternalTotalErrorTime": 0.0,
    "ResilienceModuleToExternalTotalTime": 125.0,
    "ResilienceModuleToExternalAverageTimePerRequest": 5.0
  },
  {
    "ClientToModuleTotalTime": 222.0,
    "ClientToModulePercentualError": 0.0,
    "ResilienceModuleToExternalTotalSuccessTime": 205.0,
    "ResilienceModuleToExternalTotalErrorTime": 0.0,
    "ResilienceModuleToExternalTotalTime": 205.0,
    "ResilienceModuleToExternalAverageTimePerRequest": 8.2
  },
  {
    "ClientToModuleTotalTime": 123.0,
    "ClientToModulePercentualError": 0.0,
    "ResilienceModuleToExternalTotalSuccessTime": 108.0,
    "ResilienceModuleToExternalTotalErrorTime": 0.0,
    "ResilienceModuleToExternalTotalTime": 108.0,
    "ResilienceModuleToExternalAverageTimePerRequest": 4.32
  },
  {
    "ClientToModuleTotalTime": 123.0,
    "ClientToModulePercentualError": 0.0,
    "ResilienceModuleToExternalTotalSuccessTime": 111.0,
    "ResilienceModuleToExternalTotalErrorTime": 0.0,
    "ResilienceModuleToExternalTotalTime": 111.0,
    "ResilienceModuleToExternalAverageTimePerRequest": 4.44
  }
]
