[
  {
    "ClientToModuleTotalTime": 2204.0,
    "ClientToModulePercentualError": 0.0,
    "ResilienceModuleToExternalTotalSuccessTime": 2188.0,
    "ResilienceModuleToExternalTotalErrorTime": 0.0,
    "ResilienceModuleToExternalTotalTime": 2188.0,
    "ResilienceModuleToExternalAverageTimePerRequest": 87.52
  },
  {
    "ClientToModuleTotalTime": 2235.0,
    "ClientToModulePercentualError": 0.0,
    "ResilienceModuleToExternalTotalSuccessTime": 2223.0,
    "ResilienceModuleToExternalTotalErrorTime": 0.0,
    "ResilienceModuleToExternalTotalTime": 2223.0,
    "ResilienceModuleToExternalAverageTimePerRequest": 88.92
  },
  {
    "ClientToModuleTotalTime": 2278.0,
    "ClientToModulePercentualError": 0.0,
    "ResilienceModuleToExternalTotalSuccessTime": 2268.0,
    "ResilienceModuleToExternalTotalErrorTime": 0.0,
    "ResilienceModuleToExternalTotalTime": 2268.0,
    "ResilienceModuleToExternalAverageTimePerRequest": 90.72
  },
  {
    "ClientToModuleTotalTime": 2432.0,
    "ClientToModulePercentualError": 0.0,
    "ResilienceModuleToExternalTotalSuccessTime": 2417.0,
    "ResilienceModuleToExternalTotalErrorTime": 0.0,
    "ResilienceModuleToExternalTotalTime": 2417.0,
    "ResilienceModuleToExternalAverageTimePerRequest": 96.68
  },
  {
    "ClientToModuleTotalTime": 2240.0,
    "ClientToModulePercentualError": 0.0,
    "ResilienceModuleToExternalTotalSuccessTime": 2225.0,
    "ResilienceModuleToExternalTotalErrorTime": 0.0,
    "ResilienceModuleToExternalTotalTime": 2225.0,
    "ResilienceModuleToExternalAverageTimePerRequest": 89.0
  },
  {
    "ClientToModuleTotalTime": 2408.0,
    "ClientToModulePercentualError": 0.0,
    "ResilienceModuleToExternalTotalSuccessTime": 2394.0,
    "ResilienceModuleToExternalTotalErrorTime": 0.0,
    "ResilienceModuleToExternalTotalTime": 2394.0,
    "ResilienceModuleToExternalAverageTimePerRequest": 95.76
  },
  {
    "ClientToModuleTotalTime": 2316.0,
    "ClientToModulePercentualError": 0.0,
    "ResilienceModuleToExternalTotalSuccessTime": 2302.0,
    "ResilienceModuleToExternalTotalErrorTime": 0.0,
    "ResilienceModuleToExternalTotalTime": 2302.0,
    "ResilienceModuleToExternalAverageTimePerRequest": 92.08
  },
  {
    "ClientToModuleTotalTime": 2749.0,
    "ClientToModulePercentualError": 0.0,
    "ResilienceModuleToExternalTotalSuccessTime": 2734.0,
    "ResilienceModuleToExternalTotalErrorTime": 0.0,
    "ResilienceModuleToExternalTotalTime": 2734.0,
    "ResilienceModuleToExternalAverageTimePerRequest": 109.36
  },
  {
    "ClientToModuleTotalTime": 2309.0,
    "ClientToModulePercentualError": 0.0,
    "ResilienceModuleToExternalTotalSuccessTime": 2291.0,
    "ResilienceModuleToExternalTotalErrorTime": 0.0,
    "ResilienceModuleToExternalTotalTime": 2291.0,
    "ResilienceModuleToExternalAverageTimePerRequest": 91.64
  },
  {
    "ClientToModuleTotalTime": 2184.0,
    "ClientToModulePercentualError": 0.0,
    "ResilienceModuleToExternalTotalSuccessTime": 2169.0,
    "ResilienceModuleToExternalTotalErrorTime": 0.0,
    "ResilienceModuleToExternalTotalTime": 2169.0,
    "ResilienceModuleToExternalAverageTimePerRequest": 86.76
  }
]
