[
  {
    "ClientToModuleTotalTime": 4410.5,
    "ClientToModulePercentualError": 0.0,
    "ResilienceModuleToExternalTotalSuccessTime": 4395.0,
    "ResilienceModuleToExternalTotalErrorTime": 0.0,
    "ResilienceModuleToExternalTotalTime": 4395.0,
    "ResilienceModuleToExternalAverageTimePerRequest": 175.8
  },
  {
    "ClientToModuleTotalTime": 4518.0,
    "ClientToModulePercentualError": 0.0,
    "ResilienceModuleToExternalTotalSuccessTime": 4506.0,
    "ResilienceModuleToExternalTotalErrorTime": 0.0,
    "ResilienceModuleToExternalTotalTime": 4506.0,
    "ResilienceModuleToExternalAverageTimePerRequest": 180.24
  },
  {
    "ClientToModuleTotalTime": 4804.0,
    "ClientToModulePercentualError": 0.0,
    "ResilienceModuleToExternalTotalSuccessTime": 4790.0,
    "ResilienceModuleToExternalTotalErrorTime": 0.0,
    "ResilienceModuleToExternalTotalTime": 4790.0,
    "ResilienceModuleToExternalAverageTimePerRequest": 191.6
  },
  {
    "ClientToModuleTotalTime": 5774.0,
    "ClientToModulePercentualError": 0.0,
    "ResilienceModuleToExternalTotalSuccessTime": 5756.0,
    "ResilienceModuleToExternalTotalErrorTime": 0.0,
    "ResilienceModuleToExternalTotalTime": 5756.0,
    "ResilienceModuleToExternalAverageTimePerRequest": 230.24
  },
  {
    "ClientToModuleTotalTime": 4847.5,
    "ClientToModulePercentualError": 0.0,
    "ResilienceModuleToExternalTotalSuccessTime": 4834.0,
    "ResilienceModuleToExternalTotalErrorTime": 0.0,
    "ResilienceModuleToExternalTotalTime": 4834.0,
    "ResilienceModuleToExternalAverageTimePerRequest": 193.36
  },
  {
    "ClientToModuleTotalTime": 4786.5,
    "ClientToModulePercentualError": 0.0,
    "ResilienceModuleToExternalTotalSuccessTime": 4770.5,
    "ResilienceModuleToExternalTotalErrorTime": 0.0,
    "ResilienceModuleToExternalTotalTime": 4770.5,
    "ResilienceModuleToExternalAverageTimePerRequest": 190.82
  },
  {
    "ClientToModuleTotalTime": 4712.5,
    "ClientToModulePercentualError": 0.0,
    "ResilienceModuleToExternalTotalSuccessTime": 4697.0,
    "ResilienceModuleToExternalTotalErrorTime": 0.0,
    "ResilienceModuleToExternalTotalTime": 4697.0,
    "ResilienceModuleToExternalAverageTimePerRequest": 187.88
  },
  {
    "ClientToModuleTotalTime": 5382.0,
    "ClientToModulePercentualError": 0.0,
    "ResilienceModuleToExternalTotalSuccessTime": 5365.5,
    "ResilienceModuleToExternalTotalErrorTime": 0.0,
    "ResilienceModuleToExternalTotalTime": 5365.5,
    "ResilienceModuleToExternalAverageTimePerRequest": 214.62
  },
  {
    "ClientToModuleTotalTime": 4617.0,
    "ClientToModulePercentualError": 0.0,
    "ResilienceModuleToExternalTotalSuccessTime": 4603.5,
    "ResilienceModuleToExternalTotalErrorTime": 0.0,
    "ResilienceModuleToExternalTotalTime": 4603.5,
    "ResilienceModuleToExternalAverageTimePerRequest": 184.14
  },
  {
    "ClientToModuleTotalTime": 4525.5,
    "ClientToModulePercentualError": 0.0,
    "ResilienceModuleToExternalTotalSuccessTime": 4512.0,
    "ResilienceModuleToExternalTotalErrorTime": 0.0,
    "ResilienceModuleToExternalTotalTime": 4512.0,
    "ResilienceModuleToExternalAverageTimePerRequest": 180.48000000000002
  }
]
