[
  {
    "ClientToModuleTotalTime": 8846.0,
    "ClientToModulePercentualError": 0.0,
    "ResilienceModuleToExternalTotalSuccessTime": 8832.0,
    "ResilienceModuleToExternalTotalErrorTime": 0.0,
    "ResilienceModuleToExternalTotalTime": 8832.0,
    "ResilienceModuleToExternalAverageTimePerRequest": 353.28
  },
  {
    "ClientToModuleTotalTime": 9814.0,
    "ClientToModulePercentualError": 0.0,
    "ResilienceModuleToExternalTotalSuccessTime": 9798.0,
    "ResilienceModuleToExternalTotalErrorTime": 0.0,
    "ResilienceModuleToExternalTotalTime": 9798.0,
    "ResilienceModuleToExternalAverageTimePerRequest": 391.91999999999996
  },
  {
    "ClientToModuleTotalTime": 9278.5,
    "ClientToModulePercentualError": 0.0,
    "ResilienceModuleToExternalTotalSuccessTime": 9266.0,
    "ResilienceModuleToExternalTotalErrorTime": 0.0,
    "ResilienceModuleToExternalTotalTime": 9266.0,
    "ResilienceModuleToExternalAverageTimePerRequest": 370.64
  },
  {
    "ClientToModuleTotalTime": 10090.0,
    "ClientToModulePercentualError": 0.0,
    "ResilienceModuleToExternalTotalSuccessTime": 10077.5,
    "ResilienceModuleToExternalTotalErrorTime": 0.0,
    "ResilienceModuleToExternalTotalTime": 10077.5,
    "ResilienceModuleToExternalAverageTimePerRequest": 403.1
  },
  {
    "ClientToModuleTotalTime": 9336.0,
    "ClientToModulePercentualError": 0.0,
    "ResilienceModuleToExternalTotalSuccessTime": 9320.0,
    "ResilienceModuleToExternalTotalErrorTime": 0.0,
    "ResilienceModuleToExternalTotalTime": 9320.0,
    "ResilienceModuleToExternalAverageTimePerRequest": 372.8
  },
  {
    "ClientToModuleTotalTime": 8781.0,
    "ClientToModulePercentualError": 0.0,
    "ResilienceModuleToExternalTotalSuccessTime": 8769.0,
    "ResilienceModuleToExternalTotalErrorTime": 0.0,
    "ResilienceModuleToExternalTotalTime": 8769.0,
    "ResilienceModuleToExternalAverageTimePerRequest": 350.76
  },
  {
    "ClientToModuleTotalTime": 9519.0,
    "ClientToModulePercentualError": 0.0,
    "ResilienceModuleToExternalTotalSuccessTime": 9505.5,
    "ResilienceModuleToExternalTotalErrorTime": 0.0,
    "ResilienceModuleToExternalTotalTime": 9505.5,
    "ResilienceModuleToExternalAverageTimePerRequest": 380.22
  },
  {
    "ClientToModuleTotalTime": 9107.5,
    "ClientToModulePercentualError": 0.0,
    "ResilienceModuleToExternalTotalSuccessTime": 9095.0,
    "ResilienceModuleToExternalTotalErrorTime": 0.0,
    "ResilienceModuleToExternalTotalTime": 9095.0,
    "ResilienceModuleToExternalAverageTimePerRequest": 363.8
  },
  {
    "ClientToModuleTotalTime": 9286.5,
    "ClientToModulePercentualError": 0.0,
    "ResilienceModuleToExternalTotalSuccessTime": 9273.0,
    "ResilienceModuleToExternalTotalErrorTime": 0.0,
    "ResilienceModuleToExternalTotalTime": 9273.0,
    "ResilienceModuleToExternalAverageTimePerRequest": 370.91999999999996
  },
  {
    "ClientToModuleTotalTime": 9082.5,
    "ClientToModulePercentualError": 0.0,
    "ResilienceModuleToExternalTotalSuccessTime": 9070.5,
    "ResilienceModuleToExternalTotalErrorTime": 0.0,
    "ResilienceModuleToExternalTotalTime": 9070.5,
    "ResilienceModuleToExternalAverageTimePerRequest": 362.82
  }
]
