[
  {
    "ClientToModuleTotalTime": 128.0,
    "ClientToModulePercentualError": 0.0,
    "ResilienceModuleToExternalTotalSuccessTime": 114.0,
    "ResilienceModuleToExternalTotalErrorTime": 0.0,
    "ResilienceModuleToExternalTotalTime": 114.0,
    "ResilienceModuleToExternalAverageTimePerRequest": 4.56
  },
  {
    "ClientToModuleTotalTime": 180.0,
    "ClientToModulePercentualError": 0.0,
    "ResilienceModuleToExternalTotalSuccessTime": 167.0,
    "ResilienceModuleToExternalTotalErrorTime": 0.0,
    "ResilienceModuleToExternalTotalTime": 167.0,
    "ResilienceModuleToExternalAverageTimePerRequest": 6.68
  },
  {
    "ClientToModuleTotalTime": 129.0,
    "ClientToModulePercentualError": 0.0,
    "ResilienceModuleToExternalTotalSuccessTime": 116.0,
    "ResilienceModuleToExternalTotalErrorTime": 0.0,
    "ResilienceModuleToExternalTotalTime": 116.0,
    "ResilienceModuleToExternalAverageTimePerRequest": 4.64
  },
  {
    "ClientToModuleTotalTime": 122.0,
    "ClientToModulePercentualError": 0.0,
    "ResilienceModuleToExternalTotalSuccessTime": 110.0,
    "ResilienceModuleToExternalTotalErrorTime": 0.0,
    "ResilienceModuleToExternalTotalTime": 110.0,
    "ResilienceModuleToExternalAverageTimePerRequest": 4.4
  },
  {
    "ClientToModuleTotalTime": 144.0,
    "ClientToModulePercentualError": 0.0,
    "ResilienceModuleToExternalTotalSuccessTime": 130.0,
    "ResilienceModuleToExternalTotalErrorTime": 0.0,
    "ResilienceModuleToExternalTotalTime": 130.0,
    "ResilienceModuleToExternalAverageTimePerRequest": 5.2
  },
  {
    "ClientToModuleTotalTime": 115.0,
    "ClientToModulePercentualError": 0.0,
    "ResilienceModuleToExternalTotalSuccessTime": 104.0,
    "ResilienceModuleToExternalTotalErrorTime": 0.0,
    "ResilienceModuleToExternalTotalTime": 104.0,
    "ResilienceModuleToExternalAverageTimePerRequest": 4.16
  },
  {
    "ClientToModuleTotalTime": 123.0,
    "ClientToModulePercentualError": 0.0,
    "ResilienceModuleToExternalTotalSuccessTime": 111.0,
    "ResilienceModuleToExternalTotalErrorTime": 0.0,
    "ResilienceModuleToExternalTotalTime": 111.0,
    "ResilienceModuleToExternalAverageTimePerRequest": 4.44
  },
  {
    "ClientToModuleTotalTime": 202.0,
    "ClientToModulePercentualError": 0.0,
    "ResilienceModuleToExternalTotalSuccessTime": 191.0,
    "ResilienceModuleToExternalTotalErrorTime": 0.0,
    "ResilienceModuleToExternalTotalTime": 191.0,
    "ResilienceModuleToExternalAverageTimePerRequest": 7.64
  },
  {
    "ClientToModuleTotalTime": 121.0,
    "ClientToModulePercentualError": 0.0,
    "ResilienceModuleToExternalTotalSuccessTime": 108.0,
    "ResilienceModuleToExternalTotalErrorTime": 0.0,
    "ResilienceModuleToExternalTotalTime": 108.0,
    "ResilienceModuleToExternalAverageTimePerRequest": 4.32
  },
  {
    "ClientToModuleTotalTime": 122.0,
    "ClientToModulePercentualError": 0.0,
    "ResilienceModuleToExternalTotalSuccessTime": 110.0,
    "ResilienceModuleToExternalTotalErrorTime": 0.0,
    "ResilienceModuleToExternalTotalTime": 110.0,
    "ResilienceModuleToExternalAverageTimePerRequest": 4.4
  }
]
