[
  {
    "ClientToModuleTotalTime": 2246.0,
    "ClientToModulePercentualError": 0.0,
    "ResilienceModuleToExternalTotalSuccessTime": 2233.0,
    "ResilienceModuleToExternalTotalErrorTime": 0.0,
    "ResilienceModuleToExternalTotalTime": 2233.0,
    "ResilienceModuleToExternalAverageTimePerRequest": 89.32
  },
  {
    "ClientToModuleTotalTime": 2416.0,
    "ClientToModulePercentualError": 0.0,
    "ResilienceModuleToExternalTotalSuccessTime": 2400.0,
    "ResilienceModuleToExternalTotalErrorTime": 0.0,
    "ResilienceModuleToExternalTotalTime": 2400.0,
    "ResilienceModuleToExternalAverageTimePerRequest": 96.0
  },
  {
    "ClientToModuleTotalTime": 2233.0,
    "ClientToModulePercentualError": 0.0,
    "ResilienceModuleToExternalTotalSuccessTime": 2221.0,
    "ResilienceModuleToExternalTotalErrorTime": 0.0,
    "ResilienceModuleToExternalTotalTime": 2221.0,
    "ResilienceModuleToExternalAverageTimePerRequest": 88.84
  },
  {
    "ClientToModuleTotalTime": 2371.0,
    "ClientToModulePercentualError": 0.0,
    "ResilienceModuleToExternalTotalSuccessTime": 2358.0,
    "ResilienceModuleToExternalTotalErrorTime": 0.0,
    "ResilienceModuleToExternalTotalTime": 2358.0,
    "ResilienceModuleToExternalAverageTimePerRequest": 94.32
  },
  {
    "ClientToModuleTotalTime": 2236.0,
    "ClientToModulePercentualError": 0.0,
    "ResilienceModuleToExternalTotalSuccessTime": 2223.0,
    "ResilienceModuleToExternalTotalErrorTime": 0.0,
    "ResilienceModuleToExternalTotalTime": 2223.0,
    "ResilienceModuleToExternalAverageTimePerRequest": 88.92
  },
  {
    "ClientToModuleTotalTime": 2247.0,
    "ClientToModulePercentualError": 0.0,
    "ResilienceModuleToExternalTotalSuccessTime": 2231.0,
    "ResilienceModuleToExternalTotalErrorTime": 0.0,
    "ResilienceModuleToExternalTotalTime": 2231.0,
    "ResilienceModuleToExternalAverageTimePerRequest": 89.24
  },
  {
    "ClientToModuleTotalTime": 2402.0,
    "ClientToModulePercentualError": 0.0,
    "ResilienceModuleToExternalTotalSuccessTime": 2388.0,
    "ResilienceModuleToExternalTotalErrorTime": 0.0,
    "ResilienceModuleToExternalTotalTime": 2388.0,
    "ResilienceModuleToExternalAverageTimePerRequest": 95.52
  },
  {
    "ClientToModuleTotalTime": 3087.0,
    "ClientToModulePercentualError": 0.0,
    "ResilienceModuleToExternalTotalSuccessTime": 3072.0,
    "ResilienceModuleToExternalTotalErrorTime": 0.0,
    "ResilienceModuleToExternalTotalTime": 3072.0,
    "ResilienceModuleToExternalAverageTimePerRequest": 122.88
  },
  {
    "ClientToModuleTotalTime": 2277.0,
    "ClientToModulePercentualError": 0.0,
    "ResilienceModuleToExternalTotalSuccessTime": 2265.0,
    "ResilienceModuleToExternalTotalErrorTime": 0.0,
    "ResilienceModuleToExternalTotalTime": 2265.0,
    "ResilienceModuleToExternalAverageTimePerRequest": 90.6
  },
  {
    "ClientToModuleTotalTime": 2430.0,
    "ClientToModulePercentualError": 0.0,
    "ResilienceModuleToExternalTotalSuccessTime": 2416.0,
    "ResilienceModuleToExternalTotalErrorTime": 0.0,
    "ResilienceModuleToExternalTotalTime": 2416.0,
    "ResilienceModuleToExternalAverageTimePerRequest": 96.64
  }
]
