[
  {
    "ClientToModuleTotalTime": 4502.0,
    "ClientToModulePercentualError": 0.0,
    "ResilienceModuleToExternalTotalSuccessTime": 4488.0,
    "ResilienceModuleToExternalTotalErrorTime": 0.0,
    "ResilienceModuleToExternalTotalTime": 4488.0,
    "ResilienceModuleToExternalAverageTimePerRequest": 179.51999999999998
  },
  {
    "ClientToModuleTotalTime": 4532.5,
    "ClientToModulePercentualError": 0.0,
    "ResilienceModuleToExternalTotalSuccessTime": 4518.0,
    "ResilienceModuleToExternalTotalErrorTime": 0.0,
    "ResilienceModuleToExternalTotalTime": 4518.0,
    "ResilienceModuleToExternalAverageTimePerRequest": 180.72
  },
  {
    "ClientToModuleTotalTime": 4731.0,
    "ClientToModulePercentualError": 0.0,
    "ResilienceModuleToExternalTotalSuccessTime": 4717.0,
    "ResilienceModuleToExternalTotalErrorTime": 0.0,
    "ResilienceModuleToExternalTotalTime": 4717.0,
    "ResilienceModuleToExternalAverageTimePerRequest": 188.68
  },
  {
    "ClientToModuleTotalTime": 5553.5,
    "ClientToModulePercentualError": 0.0,
    "ResilienceModuleToExternalTotalSuccessTime": 5540.5,
    "ResilienceModuleToExternalTotalErrorTime": 0.0,
    "ResilienceModuleToExternalTotalTime": 5540.5,
    "ResilienceModuleToExternalAverageTimePerRequest": 221.62
  },
  {
    "ClientToModuleTotalTime": 4461.0,
    "ClientToModulePercentualError": 0.0,
    "ResilienceModuleToExternalTotalSuccessTime": 4447.5,
    "ResilienceModuleToExternalTotalErrorTime": 0.0,
    "ResilienceModuleToExternalTotalTime": 4447.5,
    "ResilienceModuleToExternalAverageTimePerRequest": 177.89999999999998
  },
  {
    "ClientToModuleTotalTime": 4761.0,
    "ClientToModulePercentualError": 0.0,
    "ResilienceModuleToExternalTotalSuccessTime": 4748.5,
    "ResilienceModuleToExternalTotalErrorTime": 0.0,
    "ResilienceModuleToExternalTotalTime": 4748.5,
    "ResilienceModuleToExternalAverageTimePerRequest": 189.94
  },
  {
    "ClientToModuleTotalTime": 4540.5,
    "ClientToModulePercentualError": 0.0,
    "ResilienceModuleToExternalTotalSuccessTime": 4527.5,
    "ResilienceModuleToExternalTotalErrorTime": 0.0,
    "ResilienceModuleToExternalTotalTime": 4527.5,
    "ResilienceModuleToExternalAverageTimePerRequest": 181.10000000000002
  },
  {
    "ClientToModuleTotalTime": 5488.0,
    "ClientToModulePercentualError": 0.0,
    "ResilienceModuleToExternalTotalSuccessTime": 5476.0,
    "ResilienceModuleToExternalTotalErrorTime": 0.0,
    "ResilienceModuleToExternalTotalTime": 5476.0,
    "ResilienceModuleToExternalAverageTimePerRequest": 219.04
  },
  {
    "ClientToModuleTotalTime": 4635.0,
    "ClientToModulePercentualError": 0.0,
    "ResilienceModuleToExternalTotalSuccessTime": 4622.0,
    "ResilienceModuleToExternalTotalErrorTime": 0.0,
    "ResilienceModuleToExternalTotalTime": 4622.0,
    "ResilienceModuleToExternalAverageTimePerRequest": 184.88
  },
  {
    "ClientToModuleTotalTime": 4694.0,
    "ClientToModulePercentualError": 0.0,
    "ResilienceModuleToExternalTotalSuccessTime": 4681.5,
    "ResilienceModuleToExternalTotalErrorTime": 0.0,
    "ResilienceModuleToExternalTotalTime": 4681.5,
    "ResilienceModuleToExternalAverageTimePerRequest": 187.26
  }
]
