[
  {
    "ClientToModuleTotalTime": 23530.5,
    "ClientToModulePercentualError": 0.9348099544434623,
    "ResilienceModuleToExternalTotalSuccessTime": 11153.0,
    "ResilienceModuleToExternalTotalErrorTime": 9287.5,
    "ResilienceModuleToExternalTotalTime": 20396.0,
    "ResilienceModuleToExternalAverageTimePerRequest": 446.12
  },
  {
    "ClientToModuleTotalTime": 22563.5,
    "ClientToModulePercentualError": 0.9367887738140903,
    "ResilienceModuleToExternalTotalSuccessTime": 11202.0,
    "ResilienceModuleToExternalTotalErrorTime": 8488.0,
    "ResilienceModuleToExternalTotalTime": 19596.5,
    "ResilienceModuleToExternalAverageTimePerRequest": 448.08
  },
  {
    "ClientToModuleTotalTime": 23197.0,
    "ClientToModulePercentualError": 0.9400479616306955,
    "ResilienceModuleToExternalTotalSuccessTime": 11621.0,
    "ResilienceModuleToExternalTotalErrorTime": 8110.0,
    "ResilienceModuleToExternalTotalTime": 19425.0,
    "ResilienceModuleToExternalAverageTimePerRequest": 464.84000000000003
  },
  {
    "ClientToModuleTotalTime": 21245.0,
    "ClientToModulePercentualError": 0.9189454767109466,
    "ResilienceModuleToExternalTotalSuccessTime": 10388.5,
    "ResilienceModuleToExternalTotalErrorTime": 6385.0,
    "ResilienceModuleToExternalTotalTime": 16600.0,
    "ResilienceModuleToExternalAverageTimePerRequest": 415.53999999999996
  },
  {
    "ClientToModuleTotalTime": 21106.5,
    "ClientToModulePercentualError": 0.908256571859513,
    "ResilienceModuleToExternalTotalSuccessTime": 9521.0,
    "ResilienceModuleToExternalTotalErrorTime": 6131.0,
    "ResilienceModuleToExternalTotalTime": 15504.5,
    "ResilienceModuleToExternalAverageTimePerRequest": 380.84000000000003
  }
]
