[
  {
    "ClientToModuleTotalTime": 1148.0,
    "ClientToModulePercentualError": 0.9977678571428571,
    "ResilienceModuleToExternalTotalSuccessTime": 132.0,
    "ResilienceModuleToExternalTotalErrorTime": 62.0,
    "ResilienceModuleToExternalTotalTime": 194.0,
    "ResilienceModuleToExternalAverageTimePerRequest": 5.28
  },
  {
    "ClientToModuleTotalTime": 507.0,
    "ClientToModulePercentualError": 0.9936451448906964,
    "ResilienceModuleToExternalTotalSuccessTime": 155.0,
    "ResilienceModuleToExternalTotalErrorTime": 28.0,
    "ResilienceModuleToExternalTotalTime": 183.0,
    "ResilienceModuleToExternalAverageTimePerRequest": 6.2
  },
  {
    "ClientToModuleTotalTime": 3111.0,
    "ClientToModulePercentualError": 0.9992773313291322,
    "ResilienceModuleToExternalTotalSuccessTime": 150.0,
    "ResilienceModuleToExternalTotalErrorTime": 150.0,
    "ResilienceModuleToExternalTotalTime": 300.0,
    "ResilienceModuleToExternalAverageTimePerRequest": 6.0
  },
  {
    "ClientToModuleTotalTime": 1812.0,
    "ClientToModulePercentualError": 0.9986988654106381,
    "ResilienceModuleToExternalTotalSuccessTime": 159.0,
    "ResilienceModuleToExternalTotalErrorTime": 96.0,
    "ResilienceModuleToExternalTotalTime": 255.0,
    "ResilienceModuleToExternalAverageTimePerRequest": 6.36
  },
  {
    "ClientToModuleTotalTime": 737.0,
    "ClientToModulePercentualError": 0.9961324257425742,
    "ResilienceModuleToExternalTotalSuccessTime": 163.0,
    "ResilienceModuleToExternalTotalErrorTime": 43.0,
    "ResilienceModuleToExternalTotalTime": 206.0,
    "ResilienceModuleToExternalAverageTimePerRequest": 6.52
  }
]
