[
  {
    "ClientToModuleTotalTime": 5545.0,
    "ClientToModulePercentualError": 0.9418604651162791,
    "ResilienceModuleToExternalTotalSuccessTime": 2071.0,
    "ResilienceModuleToExternalTotalErrorTime": 1351.0,
    "ResilienceModuleToExternalTotalTime": 3341.0,
    "ResilienceModuleToExternalAverageTimePerRequest": 82.84
  },
  {
    "ClientToModuleTotalTime": 5145.0,
    "ClientToModulePercentualError": 0.9436936936936937,
    "ResilienceModuleToExternalTotalSuccessTime": 1872.0,
    "ResilienceModuleToExternalTotalErrorTime": 1260.0,
    "ResilienceModuleToExternalTotalTime": 2959.0,
    "ResilienceModuleToExternalAverageTimePerRequest": 74.88
  },
  {
    "ClientToModuleTotalTime": 6079.0,
    "ClientToModulePercentualError": 0.9562937062937062,
    "ResilienceModuleToExternalTotalSuccessTime": 2186.0,
    "ResilienceModuleToExternalTotalErrorTime": 1487.0,
    "ResilienceModuleToExternalTotalTime": 3730.0,
    "ResilienceModuleToExternalAverageTimePerRequest": 87.44
  },
  {
    "ClientToModuleTotalTime": 6026.0,
    "ClientToModulePercentualError": 0.9522900763358778,
    "ResilienceModuleToExternalTotalSuccessTime": 1905.0,
    "ResilienceModuleToExternalTotalErrorTime": 1376.0,
    "ResilienceModuleToExternalTotalTime": 3243.0,
    "ResilienceModuleToExternalAverageTimePerRequest": 76.2
  },
  {
    "ClientToModuleTotalTime": 5244.0,
    "ClientToModulePercentualError": 0.9436936936936937,
    "ResilienceModuleToExternalTotalSuccessTime": 1829.0,
    "ResilienceModuleToExternalTotalErrorTime": 1249.0,
    "ResilienceModuleToExternalTotalTime": 3078.0,
    "ResilienceModuleToExternalAverageTimePerRequest": 73.16
  }
]
