[
  {
    "ClientToModuleTotalTime": 11960.5,
    "ClientToModulePercentualError": 0.9539774959693261,
    "ResilienceModuleToExternalTotalSuccessTime": 5294.0,
    "ResilienceModuleToExternalTotalErrorTime": 4268.0,
    "ResilienceModuleToExternalTotalTime": 9482.0,
    "ResilienceModuleToExternalAverageTimePerRequest": 211.76
  },
  {
    "ClientToModuleTotalTime": 11291.5,
    "ClientToModulePercentualError": 0.9301588787963917,
    "ResilienceModuleToExternalTotalSuccessTime": 5077.5,
    "ResilienceModuleToExternalTotalErrorTime": 3816.5,
    "ResilienceModuleToExternalTotalTime": 8729.5,
    "ResilienceModuleToExternalAverageTimePerRequest": 203.10000000000002
  },
  {
    "ClientToModuleTotalTime": 11213.0,
    "ClientToModulePercentualError": 0.945174383933209,
    "ResilienceModuleToExternalTotalSuccessTime": 4733.5,
    "ResilienceModuleToExternalTotalErrorTime": 3251.5,
    "ResilienceModuleToExternalTotalTime": 7807.5,
    "ResilienceModuleToExternalAverageTimePerRequest": 189.33999999999997
  },
  {
    "ClientToModuleTotalTime": 11685.0,
    "ClientToModulePercentualError": 0.9435594015003261,
    "ResilienceModuleToExternalTotalSuccessTime": 4893.5,
    "ResilienceModuleToExternalTotalErrorTime": 3682.5,
    "ResilienceModuleToExternalTotalTime": 8415.5,
    "ResilienceModuleToExternalAverageTimePerRequest": 195.74
  },
  {
    "ClientToModuleTotalTime": 11817.0,
    "ClientToModulePercentualError": 0.9461736349309353,
    "ResilienceModuleToExternalTotalSuccessTime": 4541.5,
    "ResilienceModuleToExternalTotalErrorTime": 3783.0,
    "ResilienceModuleToExternalTotalTime": 8067.0,
    "ResilienceModuleToExternalAverageTimePerRequest": 181.66
  }
]
