[
  {
    "ClientToModuleTotalTime": 5249.0,
    "ClientToModulePercentualError": 0.48,
    "ResilienceModuleToExternalTotalSuccessTime": 5114.5,
    "ResilienceModuleToExternalTotalErrorTime": 2.5,
    "ResilienceModuleToExternalTotalTime": 5186.5,
    "ResilienceModuleToExternalAverageTimePerRequest": 205.70000000000002
  },
  {
    "ClientToModuleTotalTime": 5609.5,
    "ClientToModulePercentualError": 0.4,
    "ResilienceModuleToExternalTotalSuccessTime": 5495.5,
    "ResilienceModuleToExternalTotalErrorTime": 5.5,
    "ResilienceModuleToExternalTotalTime": 5582.5,
    "ResilienceModuleToExternalAverageTimePerRequest": 222.43
  },
  {
    "ClientToModuleTotalTime": 6746.0,
    "ClientToModulePercentualError": 0.48,
    "ResilienceModuleToExternalTotalSuccessTime": 6556.5,
    "ResilienceModuleToExternalTotalErrorTime": 25.5,
    "ResilienceModuleToExternalTotalTime": 6675.0,
    "ResilienceModuleToExternalAverageTimePerRequest": 270.2
  },
  {
    "ClientToModuleTotalTime": 8635.5,
    "ClientToModulePercentualError": 0.4,
    "ResilienceModuleToExternalTotalSuccessTime": 8043.5,
    "ResilienceModuleToExternalTotalErrorTime": 50.5,
    "ResilienceModuleToExternalTotalTime": 8587.5,
    "ResilienceModuleToExternalAverageTimePerRequest": 321.74
  },
  {
    "ClientToModuleTotalTime": 10469.5,
    "ClientToModulePercentualError": 0.44,
    "ResilienceModuleToExternalTotalSuccessTime": 10284.5,
    "ResilienceModuleToExternalTotalErrorTime": 65.5,
    "ResilienceModuleToExternalTotalTime": 10469.5,
    "ResilienceModuleToExternalAverageTimePerRequest": 412.18
  },
  {
    "ClientToModuleTotalTime": 9770.0,
    "ClientToModulePercentualError": 0.42000000000000004,
    "ResilienceModuleToExternalTotalSuccessTime": 9346.0,
    "ResilienceModuleToExternalTotalErrorTime": 28.5,
    "ResilienceModuleToExternalTotalTime": 9726.5,
    "ResilienceModuleToExternalAverageTimePerRequest": 373.84000000000003
  },
  {
    "ClientToModuleTotalTime": 10469.0,
    "ClientToModulePercentualError": 0.44,
    "ResilienceModuleToExternalTotalSuccessTime": 9760.5,
    "ResilienceModuleToExternalTotalErrorTime": 78.5,
    "ResilienceModuleToExternalTotalTime": 10469.0,
    "ResilienceModuleToExternalAverageTimePerRequest": 390.58000000000004
  },
  {
    "ClientToModuleTotalTime": 10954.0,
    "ClientToModulePercentualError": 0.44,
    "ResilienceModuleToExternalTotalSuccessTime": 10941.5,
    "ResilienceModuleToExternalTotalErrorTime": 52.0,
    "ResilienceModuleToExternalTotalTime": 10954.0,
    "ResilienceModuleToExternalAverageTimePerRequest": 442.22
  },
  {
    "ClientToModuleTotalTime": 10774.0,
    "ClientToModulePercentualError": 0.42000000000000004,
    "ResilienceModuleToExternalTotalSuccessTime": 10736.5,
    "ResilienceModuleToExternalTotalErrorTime": 31.5,
    "ResilienceModuleToExternalTotalTime": 10758.5,
    "ResilienceModuleToExternalAverageTimePerRequest": 432.4
  },
  {
    "ClientToModuleTotalTime": 10548.0,
    "ClientToModulePercentualError": 0.48,
    "ResilienceModuleToExternalTotalSuccessTime": 10529.5,
    "ResilienceModuleToExternalTotalErrorTime": 43.5,
    "ResilienceModuleToExternalTotalTime": 10548.0,
    "ResilienceModuleToExternalAverageTimePerRequest": 434.26
  }
]
