[
  {
    "ClientToModuleTotalTime": 1612.5,
    "ClientToModulePercentualError": 0.56,
    "ResilienceModuleToExternalTotalSuccessTime": 1541.5,
    "ResilienceModuleToExternalTotalErrorTime": 15.0,
    "ResilienceModuleToExternalTotalTime": 1585.0,
    "ResilienceModuleToExternalAverageTimePerRequest": 61.975
  },
  {
    "ClientToModuleTotalTime": 1825.0,
    "ClientToModulePercentualError": 0.45999999999999996,
    "ResilienceModuleToExternalTotalSuccessTime": 1721.0,
    "ResilienceModuleToExternalTotalErrorTime": 30.5,
    "ResilienceModuleToExternalTotalTime": 1802.0,
    "ResilienceModuleToExternalAverageTimePerRequest": 70.705
  },
  {
    "ClientToModuleTotalTime": 2318.5,
    "ClientToModulePercentualError": 0.33999999999999997,
    "ResilienceModuleToExternalTotalSuccessTime": 2109.5,
    "ResilienceModuleToExternalTotalErrorTime": 26.0,
    "ResilienceModuleToExternalTotalTime": 2269.0,
    "ResilienceModuleToExternalAverageTimePerRequest": 86.27000000000001
  },
  {
    "ClientToModuleTotalTime": 2728.5,
    "ClientToModulePercentualError": 0.44,
    "ResilienceModuleToExternalTotalSuccessTime": 2579.0,
    "ResilienceModuleToExternalTotalErrorTime": 31.5,
    "ResilienceModuleToExternalTotalTime": 2680.5,
    "ResilienceModuleToExternalAverageTimePerRequest": 103.16
  },
  {
    "ClientToModuleTotalTime": 2515.0,
    "ClientToModulePercentualError": 0.33999999999999997,
    "ResilienceModuleToExternalTotalSuccessTime": 2510.0,
    "ResilienceModuleToExternalTotalErrorTime": 58.0,
    "ResilienceModuleToExternalTotalTime": 2510.0,
    "ResilienceModuleToExternalAverageTimePerRequest": 106.82
  },
  {
    "ClientToModuleTotalTime": 2767.0,
    "ClientToModulePercentualError": 0.48,
    "ResilienceModuleToExternalTotalSuccessTime": 2759.5,
    "ResilienceModuleToExternalTotalErrorTime": 61.0,
    "ResilienceModuleToExternalTotalTime": 2766.5,
    "ResilienceModuleToExternalAverageTimePerRequest": 115.4075
  },
  {
    "ClientToModuleTotalTime": 2576.0,
    "ClientToModulePercentualError": 0.36,
    "ResilienceModuleToExternalTotalSuccessTime": 2567.5,
    "ResilienceModuleToExternalTotalErrorTime": 49.5,
    "ResilienceModuleToExternalTotalTime": 2576.0,
    "ResilienceModuleToExternalAverageTimePerRequest": 105.6
  },
  {
    "ClientToModuleTotalTime": 2699.0,
    "ClientToModulePercentualError": 0.36,
    "ResilienceModuleToExternalTotalSuccessTime": 2686.5,
    "ResilienceModuleToExternalTotalErrorTime": 29.5,
    "ResilienceModuleToExternalTotalTime": 2686.5,
    "ResilienceModuleToExternalAverageTimePerRequest": 111.44
  },
  {
    "ClientToModuleTotalTime": 2697.0,
    "ClientToModulePercentualError": 0.42000000000000004,
    "ResilienceModuleToExternalTotalSuccessTime": 2669.5,
    "ResilienceModuleToExternalTotalErrorTime": 7.5,
    "ResilienceModuleToExternalTotalTime": 2697.0,
    "ResilienceModuleToExternalAverageTimePerRequest": 111.15818181818182
  },
  {
    "ClientToModuleTotalTime": 2615.0,
    "ClientToModulePercentualError": 0.48,
    "ResilienceModuleToExternalTotalSuccessTime": 2610.5,
    "ResilienceModuleToExternalTotalErrorTime": 15.0,
    "ResilienceModuleToExternalTotalTime": 2615.0,
    "ResilienceModuleToExternalAverageTimePerRequest": 108.16
  }
]
