[
  {
    "ClientToModuleTotalTime": 2765.0,
    "ClientToModulePercentualError": 0.4,
    "ResilienceModuleToExternalTotalSuccessTime": 2674.0,
    "ResilienceModuleToExternalTotalErrorTime": 8.5,
    "ResilienceModuleToExternalTotalTime": 2734.0,
    "ResilienceModuleToExternalAverageTimePerRequest": 108.46857142857144
  },
  {
    "ClientToModuleTotalTime": 3228.5,
    "ClientToModulePercentualError": 0.42000000000000004,
    "ResilienceModuleToExternalTotalSuccessTime": 3087.5,
    "ResilienceModuleToExternalTotalErrorTime": 7.5,
    "ResilienceModuleToExternalTotalTime": 3182.0,
    "ResilienceModuleToExternalAverageTimePerRequest": 125.28666666666668
  },
  {
    "ClientToModuleTotalTime": 4452.0,
    "ClientToModulePercentualError": 0.52,
    "ResilienceModuleToExternalTotalSuccessTime": 4090.0,
    "ResilienceModuleToExternalTotalErrorTime": 15.0,
    "ResilienceModuleToExternalTotalTime": 4363.5,
    "ResilienceModuleToExternalAverageTimePerRequest": 173.13333333333333
  },
  {
    "ClientToModuleTotalTime": 5380.5,
    "ClientToModulePercentualError": 0.38,
    "ResilienceModuleToExternalTotalSuccessTime": 5363.5,
    "ResilienceModuleToExternalTotalErrorTime": 56.5,
    "ResilienceModuleToExternalTotalTime": 5380.5,
    "ResilienceModuleToExternalAverageTimePerRequest": 217.36
  },
  {
    "ClientToModuleTotalTime": 5497.5,
    "ClientToModulePercentualError": 0.48,
    "ResilienceModuleToExternalTotalSuccessTime": 5489.5,
    "ResilienceModuleToExternalTotalErrorTime": 18.5,
    "ResilienceModuleToExternalTotalTime": 5497.5,
    "ResilienceModuleToExternalAverageTimePerRequest": 227.01999999999998
  },
  {
    "ClientToModuleTotalTime": 5305.0,
    "ClientToModulePercentualError": 0.48,
    "ResilienceModuleToExternalTotalSuccessTime": 5273.5,
    "ResilienceModuleToExternalTotalErrorTime": 54.0,
    "ResilienceModuleToExternalTotalTime": 5301.0,
    "ResilienceModuleToExternalAverageTimePerRequest": 222.62
  },
  {
    "ClientToModuleTotalTime": 5467.0,
    "ClientToModulePercentualError": 0.48,
    "ResilienceModuleToExternalTotalSuccessTime": 5460.5,
    "ResilienceModuleToExternalTotalErrorTime": 57.5,
    "ResilienceModuleToExternalTotalTime": 5467.0,
    "ResilienceModuleToExternalAverageTimePerRequest": 219.32
  },
  {
    "ClientToModuleTotalTime": 5323.0,
    "ClientToModulePercentualError": 0.4,
    "ResilienceModuleToExternalTotalSuccessTime": 5313.0,
    "ResilienceModuleToExternalTotalErrorTime": 33.0,
    "ResilienceModuleToExternalTotalTime": 5321.0,
    "ResilienceModuleToExternalAverageTimePerRequest": 226.8
  },
  {
    "ClientToModuleTotalTime": 5469.5,
    "ClientToModulePercentualError": 0.44,
    "ResilienceModuleToExternalTotalSuccessTime": 5469.5,
    "ResilienceModuleToExternalTotalErrorTime": 35.0,
    "ResilienceModuleToExternalTotalTime": 5469.5,
    "ResilienceModuleToExternalAverageTimePerRequest": 231.14333333333332
  },
  {
    "ClientToModuleTotalTime": 5287.5,
    "ClientToModulePercentualError": 0.48,
    "ResilienceModuleToExternalTotalSuccessTime": 5278.5,
    "ResilienceModuleToExternalTotalErrorTime": 11.5,
    "ResilienceModuleToExternalTotalTime": 5287.5,
    "ResilienceModuleToExternalAverageTimePerRequest": 227.98000000000002
  }
]
