[
  {
    "ClientToModuleTotalTime": 9315.0,
    "ClientToModulePercentualError": 0.9860640364516333,
    "ResilienceModuleToExternalTotalSuccessTime": 4276.5,
    "ResilienceModuleToExternalTotalErrorTime": 2725.0,
    "ResilienceModuleToExternalTotalTime": 7123.0,
    "ResilienceModuleToExternalAverageTimePerRequest": 171.06
  },
  {
    "ClientToModuleTotalTime": 15182.0,
    "ClientToModulePercentualError": 0.9828235266350398,
    "ResilienceModuleToExternalTotalSuccessTime": 7557.0,
    "ResilienceModuleToExternalTotalErrorTime": 4711.0,
    "ResilienceModuleToExternalTotalTime": 12778.0,
    "ResilienceModuleToExternalAverageTimePerRequest": 302.28
  },
  {
    "ClientToModuleTotalTime": 11697.5,
    "ClientToModulePercentualError": 0.9817184619070232,
    "ResilienceModuleToExternalTotalSuccessTime": 5939.0,
    "ResilienceModuleToExternalTotalErrorTime": 3246.0,
    "ResilienceModuleToExternalTotalTime": 9110.0,
    "ResilienceModuleToExternalAverageTimePerRequest": 237.56
  },
  {
    "ClientToModuleTotalTime": 16951.0,
    "ClientToModulePercentualError": 0.981684500015028,
    "ResilienceModuleToExternalTotalSuccessTime": 8121.0,
    "ResilienceModuleToExternalTotalErrorTime": 5584.0,
    "ResilienceModuleToExternalTotalTime": 13919.0,
    "ResilienceModuleToExternalAverageTimePerRequest": 324.84000000000003
  },
  {
    "ClientToModuleTotalTime": 11011.5,
    "ClientToModulePercentualError": 0.9813083459108949,
    "ResilienceModuleToExternalTotalSuccessTime": 5739.0,
    "ResilienceModuleToExternalTotalErrorTime": 3083.5,
    "ResilienceModuleToExternalTotalTime": 8743.5,
    "ResilienceModuleToExternalAverageTimePerRequest": 229.56
  },
  {
    "ClientToModuleTotalTime": 12715.5,
    "ClientToModulePercentualError": 0.9824421231221456,
    "ResilienceModuleToExternalTotalSuccessTime": 6404.5,
    "ResilienceModuleToExternalTotalErrorTime": 3967.0,
    "ResilienceModuleToExternalTotalTime": 9986.5,
    "ResilienceModuleToExternalAverageTimePerRequest": 256.18
  },
  {
    "ClientToModuleTotalTime": 8296.5,
    "ClientToModulePercentualError": 0.984241915452041,
    "ResilienceModuleToExternalTotalSuccessTime": 3745.0,
    "ResilienceModuleToExternalTotalErrorTime": 2343.5,
    "ResilienceModuleToExternalTotalTime": 6105.5,
    "ResilienceModuleToExternalAverageTimePerRequest": 149.8
  },
  {
    "ClientToModuleTotalTime": 9463.0,
    "ClientToModulePercentualError": 0.9835363685251362,
    "ResilienceModuleToExternalTotalSuccessTime": 4342.5,
    "ResilienceModuleToExternalTotalErrorTime": 2694.5,
    "ResilienceModuleToExternalTotalTime": 6969.0,
    "ResilienceModuleToExternalAverageTimePerRequest": 173.7
  },
  {
    "ClientToModuleTotalTime": 10469.0,
    "ClientToModulePercentualError": 0.9836851173351457,
    "ResilienceModuleToExternalTotalSuccessTime": 5240.5,
    "ResilienceModuleToExternalTotalErrorTime": 2866.0,
    "ResilienceModuleToExternalTotalTime": 8064.5,
    "ResilienceModuleToExternalAverageTimePerRequest": 209.62
  },
  {
    "ClientToModuleTotalTime": 15642.5,
    "ClientToModulePercentualError": 0.9831250552436599,
    "ResilienceModuleToExternalTotalSuccessTime": 8605.5,
    "ResilienceModuleToExternalTotalErrorTime": 4892.0,
    "ResilienceModuleToExternalTotalTime": 13717.5,
    "ResilienceModuleToExternalAverageTimePerRequest": 344.22
  }
]
