[
  {
    "ClientToModuleTotalTime": 1790.0,
    "ClientToModulePercentualError": 0.9995436873710917,
    "ResilienceModuleToExternalTotalSuccessTime": 149.0,
    "ResilienceModuleToExternalTotalErrorTime": 68.0,
    "ResilienceModuleToExternalTotalTime": 217.0,
    "ResilienceModuleToExternalAverageTimePerRequest": 5.96
  },
  {
    "ClientToModuleTotalTime": 1239.0,
    "ClientToModulePercentualError": 0.999352398715159,
    "ResilienceModuleToExternalTotalSuccessTime": 144.0,
    "ResilienceModuleToExternalTotalErrorTime": 47.0,
    "ResilienceModuleToExternalTotalTime": 191.0,
    "ResilienceModuleToExternalAverageTimePerRequest": 5.76
  },
  {
    "ClientToModuleTotalTime": 2486.0,
    "ClientToModulePercentualError": 0.9997058200560118,
    "ResilienceModuleToExternalTotalSuccessTime": 142.0,
    "ResilienceModuleToExternalTotalErrorTime": 70.0,
    "ResilienceModuleToExternalTotalTime": 212.0,
    "ResilienceModuleToExternalAverageTimePerRequest": 5.68
  },
  {
    "ClientToModuleTotalTime": 1052.0,
    "ClientToModulePercentualError": 0.9991934703358389,
    "ResilienceModuleToExternalTotalSuccessTime": 149.0,
    "ResilienceModuleToExternalTotalErrorTime": 50.0,
    "ResilienceModuleToExternalTotalTime": 199.0,
    "ResilienceModuleToExternalAverageTimePerRequest": 5.96
  },
  {
    "ClientToModuleTotalTime": 1651.0,
    "ClientToModulePercentualError": 0.9995409980538318,
    "ResilienceModuleToExternalTotalSuccessTime": 146.0,
    "ResilienceModuleToExternalTotalErrorTime": 53.0,
    "ResilienceModuleToExternalTotalTime": 199.0,
    "ResilienceModuleToExternalAverageTimePerRequest": 5.84
  },
  {
    "ClientToModuleTotalTime": 1694.0,
    "ClientToModulePercentualError": 0.9995350740162167,
    "ResilienceModuleToExternalTotalSuccessTime": 159.0,
    "ResilienceModuleToExternalTotalErrorTime": 78.0,
    "ResilienceModuleToExternalTotalTime": 237.0,
    "ResilienceModuleToExternalAverageTimePerRequest": 6.36
  },
  {
    "ClientToModuleTotalTime": 1358.0,
    "ClientToModulePercentualError": 0.9994074425219246,
    "ResilienceModuleToExternalTotalSuccessTime": 150.0,
    "ResilienceModuleToExternalTotalErrorTime": 56.0,
    "ResilienceModuleToExternalTotalTime": 206.0,
    "ResilienceModuleToExternalAverageTimePerRequest": 6.0
  },
  {
    "ClientToModuleTotalTime": 1152.0,
    "ClientToModulePercentualError": 0.9992796011872173,
    "ResilienceModuleToExternalTotalSuccessTime": 144.0,
    "ResilienceModuleToExternalTotalErrorTime": 56.0,
    "ResilienceModuleToExternalTotalTime": 200.0,
    "ResilienceModuleToExternalAverageTimePerRequest": 5.76
  },
  {
    "ClientToModuleTotalTime": 1891.0,
    "ClientToModulePercentualError": 0.9995863598007909,
    "ResilienceModuleToExternalTotalSuccessTime": 148.0,
    "ResilienceModuleToExternalTotalErrorTime": 80.0,
    "ResilienceModuleToExternalTotalTime": 228.0,
    "ResilienceModuleToExternalAverageTimePerRequest": 5.92
  },
  {
    "ClientToModuleTotalTime": 1238.0,
    "ClientToModulePercentualError": 0.9993535374431113,
    "ResilienceModuleToExternalTotalSuccessTime": 141.0,
    "ResilienceModuleToExternalTotalErrorTime": 46.0,
    "ResilienceModuleToExternalTotalTime": 187.0,
    "ResilienceModuleToExternalAverageTimePerRequest": 5.64
  }
]
