[
  {
    "ClientToModuleTotalTime": 5779.0,
    "ClientToModulePercentualError": 0.9886518384021789,
    "ResilienceModuleToExternalTotalSuccessTime": 2532.0,
    "ResilienceModuleToExternalTotalErrorTime": 1472.0,
    "ResilienceModuleToExternalTotalTime": 4052.0,
    "ResilienceModuleToExternalAverageTimePerRequest": 101.28
  },
  {
    "ClientToModuleTotalTime": 4953.0,
    "ClientToModulePercentualError": 0.9837977965003241,
    "ResilienceModuleToExternalTotalSuccessTime": 2009.0,
    "ResilienceModuleToExternalTotalErrorTime": 1176.0,
    "ResilienceModuleToExternalTotalTime": 3199.0,
    "ResilienceModuleToExternalAverageTimePerRequest": 80.36
  },
  {
    "ClientToModuleTotalTime": 5116.0,
    "ClientToModulePercentualError": 0.9814814814814815,
    "ResilienceModuleToExternalTotalSuccessTime": 2122.0,
    "ResilienceModuleToExternalTotalErrorTime": 1157.0,
    "ResilienceModuleToExternalTotalTime": 3241.0,
    "ResilienceModuleToExternalAverageTimePerRequest": 84.88
  },
  {
    "ClientToModuleTotalTime": 5193.0,
    "ClientToModulePercentualError": 0.9853113983548766,
    "ResilienceModuleToExternalTotalSuccessTime": 1978.0,
    "ResilienceModuleToExternalTotalErrorTime": 1357.0,
    "ResilienceModuleToExternalTotalTime": 3147.0,
    "ResilienceModuleToExternalAverageTimePerRequest": 79.12
  },
  {
    "ClientToModuleTotalTime": 5452.0,
    "ClientToModulePercentualError": 0.9852941176470589,
    "ResilienceModuleToExternalTotalSuccessTime": 2130.0,
    "ResilienceModuleToExternalTotalErrorTime": 1375.0,
    "ResilienceModuleToExternalTotalTime": 3427.0,
    "ResilienceModuleToExternalAverageTimePerRequest": 85.2
  },
  {
    "ClientToModuleTotalTime": 5197.0,
    "ClientToModulePercentualError": 0.9831876260928043,
    "ResilienceModuleToExternalTotalSuccessTime": 2049.0,
    "ResilienceModuleToExternalTotalErrorTime": 1316.0,
    "ResilienceModuleToExternalTotalTime": 3324.0,
    "ResilienceModuleToExternalAverageTimePerRequest": 81.96
  },
  {
    "ClientToModuleTotalTime": 6716.0,
    "ClientToModulePercentualError": 0.9856156501726122,
    "ResilienceModuleToExternalTotalSuccessTime": 2916.0,
    "ResilienceModuleToExternalTotalErrorTime": 2003.0,
    "ResilienceModuleToExternalTotalTime": 4789.0,
    "ResilienceModuleToExternalAverageTimePerRequest": 116.64
  },
  {
    "ClientToModuleTotalTime": 5630.0,
    "ClientToModulePercentualError": 0.987986544930322,
    "ResilienceModuleToExternalTotalSuccessTime": 2303.0,
    "ResilienceModuleToExternalTotalErrorTime": 1551.0,
    "ResilienceModuleToExternalTotalTime": 3909.0,
    "ResilienceModuleToExternalAverageTimePerRequest": 92.12
  },
  {
    "ClientToModuleTotalTime": 5816.0,
    "ClientToModulePercentualError": 0.9857468643101482,
    "ResilienceModuleToExternalTotalSuccessTime": 2084.0,
    "ResilienceModuleToExternalTotalErrorTime": 1563.0,
    "ResilienceModuleToExternalTotalTime": 3654.0,
    "ResilienceModuleToExternalAverageTimePerRequest": 83.36
  },
  {
    "ClientToModuleTotalTime": 5614.0,
    "ClientToModulePercentualError": 0.9871860584315736,
    "ResilienceModuleToExternalTotalSuccessTime": 2134.0,
    "ResilienceModuleToExternalTotalErrorTime": 1527.0,
    "ResilienceModuleToExternalTotalTime": 3586.0,
    "ResilienceModuleToExternalAverageTimePerRequest": 85.36
  }
]
