[
  {
    "ClientToModuleTotalTime": 6730.0,
    "ClientToModulePercentualError": 0.9852069711054507,
    "ResilienceModuleToExternalTotalSuccessTime": 3020.5,
    "ResilienceModuleToExternalTotalErrorTime": 1802.0,
    "ResilienceModuleToExternalTotalTime": 4930.0,
    "ResilienceModuleToExternalAverageTimePerRequest": 120.82
  },
  {
    "ClientToModuleTotalTime": 11914.0,
    "ClientToModulePercentualError": 0.9868716739735848,
    "ResilienceModuleToExternalTotalSuccessTime": 5816.0,
    "ResilienceModuleToExternalTotalErrorTime": 3915.5,
    "ResilienceModuleToExternalTotalTime": 9442.5,
    "ResilienceModuleToExternalAverageTimePerRequest": 232.64
  },
  {
    "ClientToModuleTotalTime": 10337.5,
    "ClientToModulePercentualError": 0.9813454436959428,
    "ResilienceModuleToExternalTotalSuccessTime": 4299.0,
    "ResilienceModuleToExternalTotalErrorTime": 2597.0,
    "ResilienceModuleToExternalTotalTime": 6962.5,
    "ResilienceModuleToExternalAverageTimePerRequest": 171.96
  },
  {
    "ClientToModuleTotalTime": 11236.0,
    "ClientToModulePercentualError": 0.9845653076134193,
    "ResilienceModuleToExternalTotalSuccessTime": 4278.0,
    "ResilienceModuleToExternalTotalErrorTime": 3577.0,
    "ResilienceModuleToExternalTotalTime": 7785.0,
    "ResilienceModuleToExternalAverageTimePerRequest": 171.12
  },
  {
    "ClientToModuleTotalTime": 11156.5,
    "ClientToModulePercentualError": 0.981166430023392,
    "ResilienceModuleToExternalTotalSuccessTime": 5401.0,
    "ResilienceModuleToExternalTotalErrorTime": 3476.0,
    "ResilienceModuleToExternalTotalTime": 8729.5,
    "ResilienceModuleToExternalAverageTimePerRequest": 216.04
  },
  {
    "ClientToModuleTotalTime": 10291.0,
    "ClientToModulePercentualError": 0.980203761755486,
    "ResilienceModuleToExternalTotalSuccessTime": 5609.5,
    "ResilienceModuleToExternalTotalErrorTime": 2454.5,
    "ResilienceModuleToExternalTotalTime": 8078.0,
    "ResilienceModuleToExternalAverageTimePerRequest": 224.38
  },
  {
    "ClientToModuleTotalTime": 10386.5,
    "ClientToModulePercentualError": 0.9807313503232084,
    "ResilienceModuleToExternalTotalSuccessTime": 5011.0,
    "ResilienceModuleToExternalTotalErrorTime": 2965.0,
    "ResilienceModuleToExternalTotalTime": 7942.0,
    "ResilienceModuleToExternalAverageTimePerRequest": 200.44
  },
  {
    "ClientToModuleTotalTime": 11232.5,
    "ClientToModulePercentualError": 0.9810798258112696,
    "ResilienceModuleToExternalTotalSuccessTime": 5616.0,
    "ResilienceModuleToExternalTotalErrorTime": 3299.5,
    "ResilienceModuleToExternalTotalTime": 8729.5,
    "ResilienceModuleToExternalAverageTimePerRequest": 224.64
  },
  {
    "ClientToModuleTotalTime": 10310.5,
    "ClientToModulePercentualError": 0.9813780028230532,
    "ResilienceModuleToExternalTotalSuccessTime": 5018.5,
    "ResilienceModuleToExternalTotalErrorTime": 3055.5,
    "ResilienceModuleToExternalTotalTime": 7879.5,
    "ResilienceModuleToExternalAverageTimePerRequest": 200.74
  },
  {
    "ClientToModuleTotalTime": 11049.0,
    "ClientToModulePercentualError": 0.9855948995236978,
    "ResilienceModuleToExternalTotalSuccessTime": 4737.5,
    "ResilienceModuleToExternalTotalErrorTime": 3584.5,
    "ResilienceModuleToExternalTotalTime": 8112.0,
    "ResilienceModuleToExternalAverageTimePerRequest": 189.5
  }
]
