[
  {
    "ClientToModuleTotalTime": 930.5,
    "ClientToModulePercentualError": 0.0,
    "ResilienceModuleToExternalTotalSuccessTime": 927.5,
    "ResilienceModuleToExternalTotalErrorTime": 0.0,
    "ResilienceModuleToExternalTotalTime": 927.5,
    "ResilienceModuleToExternalAverageTimePerRequest": 37.099999999999994
  },
  {
    "ClientToModuleTotalTime": 3614.0,
    "ClientToModulePercentualError": 0.0,
    "ResilienceModuleToExternalTotalSuccessTime": 3611.0,
    "ResilienceModuleToExternalTotalErrorTime": 0.0,
    "ResilienceModuleToExternalTotalTime": 3611.0,
    "ResilienceModuleToExternalAverageTimePerRequest": 144.44
  },
  {
    "ClientToModuleTotalTime": 5316.5,
    "ClientToModulePercentualError": 0.0,
    "ResilienceModuleToExternalTotalSuccessTime": 5313.0,
    "ResilienceModuleToExternalTotalErrorTime": 0.0,
    "ResilienceModuleToExternalTotalTime": 5313.0,
    "ResilienceModuleToExternalAverageTimePerRequest": 212.52
  },
  {
    "ClientToModuleTotalTime": 7561.5,
    "ClientToModulePercentualError": 0.0,
    "ResilienceModuleToExternalTotalSuccessTime": 7558.5,
    "ResilienceModuleToExternalTotalErrorTime": 0.0,
    "ResilienceModuleToExternalTotalTime": 7558.5,
    "ResilienceModuleToExternalAverageTimePerRequest": 302.34
  },
  {
    "ClientToModuleTotalTime": 8487.0,
    "ClientToModulePercentualError": 0.0,
    "ResilienceModuleToExternalTotalSuccessTime": 8485.0,
    "ResilienceModuleToExternalTotalErrorTime": 0.0,
    "ResilienceModuleToExternalTotalTime": 8485.0,
    "ResilienceModuleToExternalAverageTimePerRequest": 339.4
  },
  {
    "ClientToModuleTotalTime": 7306.0,
    "ClientToModulePercentualError": 0.0,
    "ResilienceModuleToExternalTotalSuccessTime": 7302.5,
    "ResilienceModuleToExternalTotalErrorTime": 0.0,
    "ResilienceModuleToExternalTotalTime": 7302.5,
    "ResilienceModuleToExternalAverageTimePerRequest": 292.1
  },
  {
    "ClientToModuleTotalTime": 10558.0,
    "ClientToModulePercentualError": 0.0,
    "ResilienceModuleToExternalTotalSuccessTime": 10553.5,
    "ResilienceModuleToExternalTotalErrorTime": 0.0,
    "ResilienceModuleToExternalTotalTime": 10553.5,
    "ResilienceModuleToExternalAverageTimePerRequest": 422.14
  },
  {
    "ClientToModuleTotalTime": 8840.0,
    "ClientToModulePercentualError": 0.0,
    "ResilienceModuleToExternalTotalSuccessTime": 8838.0,
    "ResilienceModuleToExternalTotalErrorTime": 0.0,
    "ResilienceModuleToExternalTotalTime": 8838.0,
    "ResilienceModuleToExternalAverageTimePerRequest": 353.52
  },
  {
    "ClientToModuleTotalTime": 10472.5,
    "ClientToModulePercentualError": 0.0,
    "ResilienceModuleToExternalTotalSuccessTime": 10469.0,
    "ResilienceModuleToExternalTotalErrorTime": 0.0,
    "ResilienceModuleToExternalTotalTime": 10469.0,
    "ResilienceModuleToExternalAverageTimePerRequest": 418.76
  },
  {
    "ClientToModuleTotalTime": 9832.5,
    "ClientToModulePercentualError": 0.0,
    "ResilienceModuleToExternalTotalSuccessTime": 9829.0,
    "ResilienceModuleToExternalTotalErrorTime": 0.0,
    "ResilienceModuleToExternalTotalTime": 9829.0,
    "ResilienceModuleToExternalAverageTimePerRequest": 393.15999999999997
  }
]
