[
  {
    "ClientToModuleTotalTime": 582.0,
    "ClientToModulePercentualError": 0.0,
    "ResilienceModuleToExternalTotalSuccessTime": 577.0,
    "ResilienceModuleToExternalTotalErrorTime": 0.0,
    "ResilienceModuleToExternalTotalTime": 577.0,
    "ResilienceModuleToExternalAverageTimePerRequest": 23.08
  },
  {
    "ClientToModuleTotalTime": 2474.0,
    "ClientToModulePercentualError": 0.0,
    "ResilienceModuleToExternalTotalSuccessTime": 2471.0,
    "ResilienceModuleToExternalTotalErrorTime": 0.0,
    "ResilienceModuleToExternalTotalTime": 2471.0,
    "ResilienceModuleToExternalAverageTimePerRequest": 98.84
  },
  {
    "ClientToModuleTotalTime": 2089.0,
    "ClientToModulePercentualError": 0.0,
    "ResilienceModuleToExternalTotalSuccessTime": 2087.0,
    "ResilienceModuleToExternalTotalErrorTime": 0.0,
    "ResilienceModuleToExternalTotalTime": 2087.0,
    "ResilienceModuleToExternalAverageTimePerRequest": 83.48
  },
  {
    "ClientToModuleTotalTime": 2608.0,
    "ClientToModulePercentualError": 0.0,
    "ResilienceModuleToExternalTotalSuccessTime": 2606.0,
    "ResilienceModuleToExternalTotalErrorTime": 0.0,
    "ResilienceModuleToExternalTotalTime": 2606.0,
    "ResilienceModuleToExternalAverageTimePerRequest": 104.24
  },
  {
    "ClientToModuleTotalTime": 2620.0,
    "ClientToModulePercentualError": 0.0,
    "ResilienceModuleToExternalTotalSuccessTime": 2615.0,
    "ResilienceModuleToExternalTotalErrorTime": 0.0,
    "ResilienceModuleToExternalTotalTime": 2615.0,
    "ResilienceModuleToExternalAverageTimePerRequest": 104.6
  },
  {
    "ClientToModuleTotalTime": 2692.0,
    "ClientToModulePercentualError": 0.0,
    "ResilienceModuleToExternalTotalSuccessTime": 2691.0,
    "ResilienceModuleToExternalTotalErrorTime": 0.0,
    "ResilienceModuleToExternalTotalTime": 2691.0,
    "ResilienceModuleToExternalAverageTimePerRequest": 107.64
  },
  {
    "ClientToModuleTotalTime": 2397.0,
    "ClientToModulePercentualError": 0.0,
    "ResilienceModuleToExternalTotalSuccessTime": 2392.0,
    "ResilienceModuleToExternalTotalErrorTime": 0.0,
    "ResilienceModuleToExternalTotalTime": 2392.0,
    "ResilienceModuleToExternalAverageTimePerRequest": 95.68
  },
  {
    "ClientToModuleTotalTime": 2588.0,
    "ClientToModulePercentualError": 0.0,
    "ResilienceModuleToExternalTotalSuccessTime": 2587.0,
    "ResilienceModuleToExternalTotalErrorTime": 0.0,
    "ResilienceModuleToExternalTotalTime": 2587.0,
    "ResilienceModuleToExternalAverageTimePerRequest": 103.48
  },
  {
    "ClientToModuleTotalTime": 2510.0,
    "ClientToModulePercentualError": 0.0,
    "ResilienceModuleToExternalTotalSuccessTime": 2506.0,
    "ResilienceModuleToExternalTotalErrorTime": 0.0,
    "ResilienceModuleToExternalTotalTime": 2506.0,
    "ResilienceModuleToExternalAverageTimePerRequest": 100.24
  },
  {
    "ClientToModuleTotalTime": 2696.0,
    "ClientToModulePercentualError": 0.0,
    "ResilienceModuleToExternalTotalSuccessTime": 2695.0,
    "ResilienceModuleToExternalTotalErrorTime": 0.0,
    "ResilienceModuleToExternalTotalTime": 2695.0,
    "ResilienceModuleToExternalAverageTimePerRequest": 107.8
  }
]
