[
  {
    "ClientToModuleTotalTime": 1552.5,
    "ClientToModulePercentualError": 0.0,
    "ResilienceModuleToExternalTotalSuccessTime": 1551.0,
    "ResilienceModuleToExternalTotalErrorTime": 0.0,
    "ResilienceModuleToExternalTotalTime": 1551.0,
    "ResilienceModuleToExternalAverageTimePerRequest": 62.04
  },
  {
    "ClientToModuleTotalTime": 1342.0,
    "ClientToModulePercentualError": 0.0,
    "ResilienceModuleToExternalTotalSuccessTime": 1340.0,
    "ResilienceModuleToExternalTotalErrorTime": 0.0,
    "ResilienceModuleToExternalTotalTime": 1340.0,
    "ResilienceModuleToExternalAverageTimePerRequest": 53.6
  },
  {
    "ClientToModuleTotalTime": 4534.0,
    "ClientToModulePercentualError": 0.0,
    "ResilienceModuleToExternalTotalSuccessTime": 4532.0,
    "ResilienceModuleToExternalTotalErrorTime": 0.0,
    "ResilienceModuleToExternalTotalTime": 4532.0,
    "ResilienceModuleToExternalAverageTimePerRequest": 181.28
  },
  {
    "ClientToModuleTotalTime": 5812.0,
    "ClientToModulePercentualError": 0.0,
    "ResilienceModuleToExternalTotalSuccessTime": 5809.0,
    "ResilienceModuleToExternalTotalErrorTime": 0.0,
    "ResilienceModuleToExternalTotalTime": 5809.0,
    "ResilienceModuleToExternalAverageTimePerRequest": 232.36
  },
  {
    "ClientToModuleTotalTime": 5149.0,
    "ClientToModulePercentualError": 0.0,
    "ResilienceModuleToExternalTotalSuccessTime": 5146.5,
    "ResilienceModuleToExternalTotalErrorTime": 0.0,
    "ResilienceModuleToExternalTotalTime": 5146.5,
    "ResilienceModuleToExternalAverageTimePerRequest": 205.86
  },
  {
    "ClientToModuleTotalTime": 5245.0,
    "ClientToModulePercentualError": 0.0,
    "ResilienceModuleToExternalTotalSuccessTime": 5242.5,
    "ResilienceModuleToExternalTotalErrorTime": 0.0,
    "ResilienceModuleToExternalTotalTime": 5242.5,
    "ResilienceModuleToExternalAverageTimePerRequest": 209.7
  },
  {
    "ClientToModuleTotalTime": 5036.5,
    "ClientToModulePercentualError": 0.0,
    "ResilienceModuleToExternalTotalSuccessTime": 5033.0,
    "ResilienceModuleToExternalTotalErrorTime": 0.0,
    "ResilienceModuleToExternalTotalTime": 5033.0,
    "ResilienceModuleToExternalAverageTimePerRequest": 201.32
  },
  {
    "ClientToModuleTotalTime": 5153.0,
    "ClientToModulePercentualError": 0.0,
    "ResilienceModuleToExternalTotalSuccessTime": 5148.5,
    "ResilienceModuleToExternalTotalErrorTime": 0.0,
    "ResilienceModuleToExternalTotalTime": 5148.5,
    "ResilienceModuleToExternalAverageTimePerRequest": 205.94
  },
  {
    "ClientToModuleTotalTime": 5188.0,
    "ClientToModulePercentualError": 0.0,
    "ResilienceModuleToExternalTotalSuccessTime": 5186.5,
    "ResilienceModuleToExternalTotalErrorTime": 0.0,
    "ResilienceModuleToExternalTotalTime": 5186.5,
    "ResilienceModuleToExternalAverageTimePerRequest": 207.45999999999998
  },
  {
    "ClientToModuleTotalTime": 5047.5,
    "ClientToModulePercentualError": 0.0,
    "ResilienceModuleToExternalTotalSuccessTime": 5043.5,
    "ResilienceModuleToExternalTotalErrorTime": 0.0,
    "ResilienceModuleToExternalTotalTime": 5043.5,
    "ResilienceModuleToExternalAverageTimePerRequest": 201.74
  }
]
