[
  {
    "ClientToModuleTotalTime": 25076.0,
    "ClientToModulePercentualError": 0.9380344242960341,
    "ResilienceModuleToExternalTotalSuccessTime": 12390.5,
    "ResilienceModuleToExternalTotalErrorTime": 11148.5,
    "ResilienceModuleToExternalTotalTime": 23466.5,
    "ResilienceModuleToExternalAverageTimePerRequest": 495.62
  },
  {
    "ClientToModuleTotalTime": 21728.0,
    "ClientToModulePercentualError": 0.9136315902527506,
    "ResilienceModuleToExternalTotalSuccessTime": 12280.0,
    "ResilienceModuleToExternalTotalErrorTime": 7375.5,
    "ResilienceModuleToExternalTotalTime": 19751.5,
    "ResilienceModuleToExternalAverageTimePerRequest": 491.20000000000005
  },
  {
    "ClientToModuleTotalTime": 22437.5,
    "ClientToModulePercentualError": 0.9155366844724466,
    "ResilienceModuleToExternalTotalSuccessTime": 12329.5,
    "ResilienceModuleToExternalTotalErrorTime": 8271.0,
    "ResilienceModuleToExternalTotalTime": 20570.0,
    "ResilienceModuleToExternalAverageTimePerRequest": 493.18
  },
  {
    "ClientToModuleTotalTime": 23330.5,
    "ClientToModulePercentualError": 0.9227200626839429,
    "ResilienceModuleToExternalTotalSuccessTime": 12502.5,
    "ResilienceModuleToExternalTotalErrorTime": 8785.0,
    "ResilienceModuleToExternalTotalTime": 21410.5,
    "ResilienceModuleToExternalAverageTimePerRequest": 500.1
  },
  {
    "ClientToModuleTotalTime": 22236.0,
    "ClientToModulePercentualError": 0.9119718309859155,
    "ResilienceModuleToExternalTotalSuccessTime": 11541.0,
    "ResilienceModuleToExternalTotalErrorTime": 8409.0,
    "ResilienceModuleToExternalTotalTime": 20072.5,
    "ResilienceModuleToExternalAverageTimePerRequest": 461.64
  }
]
