[
  {
    "ClientToModuleTotalTime": 1059.0,
    "ClientToModulePercentualError": 0.9971773738286102,
    "ResilienceModuleToExternalTotalSuccessTime": 184.0,
    "ResilienceModuleToExternalTotalErrorTime": 71.0,
    "ResilienceModuleToExternalTotalTime": 255.0,
    "ResilienceModuleToExternalAverageTimePerRequest": 7.36
  },
  {
    "ClientToModuleTotalTime": 877.0,
    "ClientToModulePercentualError": 0.996563101457245,
    "ResilienceModuleToExternalTotalSuccessTime": 139.0,
    "ResilienceModuleToExternalTotalErrorTime": 81.0,
    "ResilienceModuleToExternalTotalTime": 220.0,
    "ResilienceModuleToExternalAverageTimePerRequest": 5.56
  },
  {
    "ClientToModuleTotalTime": 1050.0,
    "ClientToModulePercentualError": 0.9972054549519338,
    "ResilienceModuleToExternalTotalSuccessTime": 165.0,
    "ResilienceModuleToExternalTotalErrorTime": 82.0,
    "ResilienceModuleToExternalTotalTime": 247.0,
    "ResilienceModuleToExternalAverageTimePerRequest": 6.6
  },
  {
    "ClientToModuleTotalTime": 897.0,
    "ClientToModulePercentualError": 0.9964488636363636,
    "ResilienceModuleToExternalTotalSuccessTime": 169.0,
    "ResilienceModuleToExternalTotalErrorTime": 77.0,
    "ResilienceModuleToExternalTotalTime": 246.0,
    "ResilienceModuleToExternalAverageTimePerRequest": 6.76
  },
  {
    "ClientToModuleTotalTime": 727.0,
    "ClientToModulePercentualError": 0.995360920393394,
    "ResilienceModuleToExternalTotalSuccessTime": 162.0,
    "ResilienceModuleToExternalTotalErrorTime": 62.0,
    "ResilienceModuleToExternalTotalTime": 224.0,
    "ResilienceModuleToExternalAverageTimePerRequest": 6.48
  }
]
