[
  {
    "ClientToModuleTotalTime": 8213.0,
    "ClientToModulePercentualError": 0.9833776595744681,
    "ResilienceModuleToExternalTotalSuccessTime": 3464.0,
    "ResilienceModuleToExternalTotalErrorTime": 3622.0,
    "ResilienceModuleToExternalTotalTime": 7193.0,
    "ResilienceModuleToExternalAverageTimePerRequest": 138.56
  },
  {
    "ClientToModuleTotalTime": 6060.0,
    "ClientToModulePercentualError": 0.9456521739130435,
    "ResilienceModuleToExternalTotalSuccessTime": 2620.0,
    "ResilienceModuleToExternalTotalErrorTime": 1870.0,
    "ResilienceModuleToExternalTotalTime": 4369.0,
    "ResilienceModuleToExternalAverageTimePerRequest": 104.8
  },
  {
    "ClientToModuleTotalTime": 5860.0,
    "ClientToModulePercentualError": 0.9362244897959183,
    "ResilienceModuleToExternalTotalSuccessTime": 2536.0,
    "ResilienceModuleToExternalTotalErrorTime": 1659.0,
    "ResilienceModuleToExternalTotalTime": 4176.0,
    "ResilienceModuleToExternalAverageTimePerRequest": 101.44
  },
  {
    "ClientToModuleTotalTime": 5664.0,
    "ClientToModulePercentualError": 0.9439461883408071,
    "ResilienceModuleToExternalTotalSuccessTime": 2548.0,
    "ResilienceModuleToExternalTotalErrorTime": 1864.0,
    "ResilienceModuleToExternalTotalTime": 4459.0,
    "ResilienceModuleToExternalAverageTimePerRequest": 101.92
  },
  {
    "ClientToModuleTotalTime": 5376.0,
    "ClientToModulePercentualError": 0.9277456647398844,
    "ResilienceModuleToExternalTotalSuccessTime": 2584.0,
    "ResilienceModuleToExternalTotalErrorTime": 1564.0,
    "ResilienceModuleToExternalTotalTime": 4155.0,
    "ResilienceModuleToExternalAverageTimePerRequest": 103.36
  }
]
