[
  {
    "ClientToModuleTotalTime": 11656.5,
    "ClientToModulePercentualError": 0.939465892768153,
    "ResilienceModuleToExternalTotalSuccessTime": 5918.0,
    "ResilienceModuleToExternalTotalErrorTime": 4518.0,
    "ResilienceModuleToExternalTotalTime": 10421.0,
    "ResilienceModuleToExternalAverageTimePerRequest": 236.72
  },
  {
    "ClientToModuleTotalTime": 10682.5,
    "ClientToModulePercentualError": 0.9206153505505345,
    "ResilienceModuleToExternalTotalSuccessTime": 5745.5,
    "ResilienceModuleToExternalTotalErrorTime": 3214.5,
    "ResilienceModuleToExternalTotalTime": 8869.0,
    "ResilienceModuleToExternalAverageTimePerRequest": 229.82
  },
  {
    "ClientToModuleTotalTime": 12313.0,
    "ClientToModulePercentualError": 0.923535959144351,
    "ResilienceModuleToExternalTotalSuccessTime": 5892.0,
    "ResilienceModuleToExternalTotalErrorTime": 4470.5,
    "ResilienceModuleToExternalTotalTime": 10300.5,
    "ResilienceModuleToExternalAverageTimePerRequest": 235.68
  },
  {
    "ClientToModuleTotalTime": 10967.5,
    "ClientToModulePercentualError": 0.9257016939572182,
    "ResilienceModuleToExternalTotalSuccessTime": 5924.0,
    "ResilienceModuleToExternalTotalErrorTime": 3398.5,
    "ResilienceModuleToExternalTotalTime": 9265.0,
    "ResilienceModuleToExternalAverageTimePerRequest": 236.96
  },
  {
    "ClientToModuleTotalTime": 10588.0,
    "ClientToModulePercentualError": 0.9169426048565121,
    "ResilienceModuleToExternalTotalSuccessTime": 5800.5,
    "ResilienceModuleToExternalTotalErrorTime": 3424.0,
    "ResilienceModuleToExternalTotalTime": 9125.5,
    "ResilienceModuleToExternalAverageTimePerRequest": 232.02
  }
]
