[
  {
    "ClientToModuleTotalTime": 12222.5,
    "ClientToModulePercentualError": 0.34210526315789475,
    "ResilienceModuleToExternalTotalSuccessTime": 11473.5,
    "ResilienceModuleToExternalTotalErrorTime": 667.5,
    "ResilienceModuleToExternalTotalTime": 12293.0,
    "ResilienceModuleToExternalAverageTimePerRequest": 458.94
  },
  {
    "ClientToModuleTotalTime": 11609.0,
    "ClientToModulePercentualError": 0.2857142857142857,
    "ResilienceModuleToExternalTotalSuccessTime": 10951.0,
    "ResilienceModuleToExternalTotalErrorTime": 517.5,
    "ResilienceModuleToExternalTotalTime": 11662.5,
    "ResilienceModuleToExternalAverageTimePerRequest": 438.03999999999996
  },
  {
    "ClientToModuleTotalTime": 12205.5,
    "ClientToModulePercentualError": 0.2647058823529412,
    "ResilienceModuleToExternalTotalSuccessTime": 11505.5,
    "ResilienceModuleToExternalTotalErrorTime": 875.5,
    "ResilienceModuleToExternalTotalTime": 12101.0,
    "ResilienceModuleToExternalAverageTimePerRequest": 460.22
  },
  {
    "ClientToModuleTotalTime": 12108.0,
    "ClientToModulePercentualError": 0.2857142857142857,
    "ResilienceModuleToExternalTotalSuccessTime": 11150.5,
    "ResilienceModuleToExternalTotalErrorTime": 904.0,
    "ResilienceModuleToExternalTotalTime": 12151.5,
    "ResilienceModuleToExternalAverageTimePerRequest": 446.02
  },
  {
    "ClientToModuleTotalTime": 11792.5,
    "ClientToModulePercentualError": 0.32432432432432434,
    "ResilienceModuleToExternalTotalSuccessTime": 11372.5,
    "ResilienceModuleToExternalTotalErrorTime": 775.0,
    "ResilienceModuleToExternalTotalTime": 11901.0,
    "ResilienceModuleToExternalAverageTimePerRequest": 454.9
  }
]
