[
  {
    "ClientToModuleTotalTime": 208.0,
    "ClientToModulePercentualError": 0.5735753317720531,
    "ResilienceModuleToExternalTotalSuccessTime": 139.0,
    "ResilienceModuleToExternalTotalErrorTime": 10.0,
    "ResilienceModuleToExternalTotalTime": 149.0,
    "ResilienceModuleToExternalAverageTimePerRequest": 5.5600000000000005
  },
  {
    "ClientToModuleTotalTime": 371.5,
    "ClientToModulePercentualError": 0.5807549504950495,
    "ResilienceModuleToExternalTotalSuccessTime": 128.5,
    "ResilienceModuleToExternalTotalErrorTime": 26.5,
    "ResilienceModuleToExternalTotalTime": 155.0,
    "ResilienceModuleToExternalAverageTimePerRequest": 5.140000000000001
  },
  {
    "ClientToModuleTotalTime": 335.5,
    "ClientToModulePercentualError": 0.6762754631459668,
    "ResilienceModuleToExternalTotalSuccessTime": 144.5,
    "ResilienceModuleToExternalTotalErrorTime": 29.5,
    "ResilienceModuleToExternalTotalTime": 174.0,
    "ResilienceModuleToExternalAverageTimePerRequest": 5.78
  },
  {
    "ClientToModuleTotalTime": 142.5,
    "ClientToModulePercentualError": 0.1783405172413793,
    "ResilienceModuleToExternalTotalSuccessTime": 122.5,
    "ResilienceModuleToExternalTotalErrorTime": 10.5,
    "ResilienceModuleToExternalTotalTime": 133.0,
    "ResilienceModuleToExternalAverageTimePerRequest": 4.9
  },
  {
    "ClientToModuleTotalTime": 274.0,
    "ClientToModulePercentualError": 0.6480465135839852,
    "ResilienceModuleToExternalTotalSuccessTime": 138.5,
    "ResilienceModuleToExternalTotalErrorTime": 22.5,
    "ResilienceModuleToExternalTotalTime": 161.0,
    "ResilienceModuleToExternalAverageTimePerRequest": 5.54
  }
]
