[
  {
    "ClientToModuleTotalTime": 3361.5,
    "ClientToModulePercentualError": 0.5938707411310151,
    "ResilienceModuleToExternalTotalSuccessTime": 2781.0,
    "ResilienceModuleToExternalTotalErrorTime": 315.5,
    "ResilienceModuleToExternalTotalTime": 3246.5,
    "ResilienceModuleToExternalAverageTimePerRequest": 111.24000000000001
  },
  {
    "ClientToModuleTotalTime": 2883.0,
    "ClientToModulePercentualError": 0.2647058823529412,
    "ResilienceModuleToExternalTotalSuccessTime": 2562.5,
    "ResilienceModuleToExternalTotalErrorTime": 202.5,
    "ResilienceModuleToExternalTotalTime": 2898.0,
    "ResilienceModuleToExternalAverageTimePerRequest": 102.5
  },
  {
    "ClientToModuleTotalTime": 2849.0,
    "ClientToModulePercentualError": 0.3416493416493417,
    "ResilienceModuleToExternalTotalSuccessTime": 2619.5,
    "ResilienceModuleToExternalTotalErrorTime": 234.5,
    "ResilienceModuleToExternalTotalTime": 2864.5,
    "ResilienceModuleToExternalAverageTimePerRequest": 104.78
  },
  {
    "ClientToModuleTotalTime": 2821.5,
    "ClientToModulePercentualError": 0.2647058823529412,
    "ResilienceModuleToExternalTotalSuccessTime": 2405.5,
    "ResilienceModuleToExternalTotalErrorTime": 314.0,
    "ResilienceModuleToExternalTotalTime": 2757.5,
    "ResilienceModuleToExternalAverageTimePerRequest": 96.22
  },
  {
    "ClientToModuleTotalTime": 2877.0,
    "ClientToModulePercentualError": 0.32432432432432434,
    "ResilienceModuleToExternalTotalSuccessTime": 2432.5,
    "ResilienceModuleToExternalTotalErrorTime": 279.0,
    "ResilienceModuleToExternalTotalTime": 2827.5,
    "ResilienceModuleToExternalAverageTimePerRequest": 97.30000000000001
  }
]
