[
  {
    "ClientToModuleTotalTime": 6211.5,
    "ClientToModulePercentualError": 0.3055555555555556,
    "ResilienceModuleToExternalTotalSuccessTime": 5748.5,
    "ResilienceModuleToExternalTotalErrorTime": 379.5,
    "ResilienceModuleToExternalTotalTime": 6284.0,
    "ResilienceModuleToExternalAverageTimePerRequest": 229.94
  },
  {
    "ClientToModuleTotalTime": 5937.0,
    "ClientToModulePercentualError": 0.3055555555555556,
    "ResilienceModuleToExternalTotalSuccessTime": 5669.5,
    "ResilienceModuleToExternalTotalErrorTime": 395.5,
    "ResilienceModuleToExternalTotalTime": 6004.0,
    "ResilienceModuleToExternalAverageTimePerRequest": 226.78
  },
  {
    "ClientToModuleTotalTime": 5876.5,
    "ClientToModulePercentualError": 0.3055555555555556,
    "ResilienceModuleToExternalTotalSuccessTime": 5229.5,
    "ResilienceModuleToExternalTotalErrorTime": 433.0,
    "ResilienceModuleToExternalTotalTime": 5870.5,
    "ResilienceModuleToExternalAverageTimePerRequest": 209.18
  },
  {
    "ClientToModuleTotalTime": 6274.5,
    "ClientToModulePercentualError": 0.32432432432432434,
    "ResilienceModuleToExternalTotalSuccessTime": 5646.5,
    "ResilienceModuleToExternalTotalErrorTime": 547.5,
    "ResilienceModuleToExternalTotalTime": 6191.5,
    "ResilienceModuleToExternalAverageTimePerRequest": 225.86
  },
  {
    "ClientToModuleTotalTime": 5724.5,
    "ClientToModulePercentualError": 0.3055555555555556,
    "ResilienceModuleToExternalTotalSuccessTime": 5111.0,
    "ResilienceModuleToExternalTotalErrorTime": 495.0,
    "ResilienceModuleToExternalTotalTime": 5730.0,
    "ResilienceModuleToExternalAverageTimePerRequest": 204.44
  }
]
