[
  {
    "ClientToModuleTotalTime": 6969.0,
    "ClientToModulePercentualError": 0.0,
    "ResilienceModuleToExternalTotalSuccessTime": 7288.5,
    "ResilienceModuleToExternalTotalErrorTime": 0.0,
    "ResilienceModuleToExternalTotalTime": 7288.5,
    "ResilienceModuleToExternalAverageTimePerRequest": 291.53999999999996
  },
  {
    "ClientToModuleTotalTime": 6817.0,
    "ClientToModulePercentualError": 0.0,
    "ResilienceModuleToExternalTotalSuccessTime": 7169.5,
    "ResilienceModuleToExternalTotalErrorTime": 0.0,
    "ResilienceModuleToExternalTotalTime": 7169.5,
    "ResilienceModuleToExternalAverageTimePerRequest": 286.78
  },
  {
    "ClientToModuleTotalTime": 7218.5,
    "ClientToModulePercentualError": 0.0,
    "ResilienceModuleToExternalTotalSuccessTime": 7553.0,
    "ResilienceModuleToExternalTotalErrorTime": 0.0,
    "ResilienceModuleToExternalTotalTime": 7553.0,
    "ResilienceModuleToExternalAverageTimePerRequest": 302.12
  },
  {
    "ClientToModuleTotalTime": 9799.5,
    "ClientToModulePercentualError": 0.0,
    "ResilienceModuleToExternalTotalSuccessTime": 10260.0,
    "ResilienceModuleToExternalTotalErrorTime": 0.0,
    "ResilienceModuleToExternalTotalTime": 10260.0,
    "ResilienceModuleToExternalAverageTimePerRequest": 410.4
  },
  {
    "ClientToModuleTotalTime": 7120.0,
    "ClientToModulePercentualError": 0.0,
    "ResilienceModuleToExternalTotalSuccessTime": 7455.0,
    "ResilienceModuleToExternalTotalErrorTime": 0.0,
    "ResilienceModuleToExternalTotalTime": 7455.0,
    "ResilienceModuleToExternalAverageTimePerRequest": 298.2
  },
  {
    "ClientToModuleTotalTime": 7261.0,
    "ClientToModulePercentualError": 0.0,
    "ResilienceModuleToExternalTotalSuccessTime": 7622.5,
    "ResilienceModuleToExternalTotalErrorTime": 0.0,
    "ResilienceModuleToExternalTotalTime": 7622.5,
    "ResilienceModuleToExternalAverageTimePerRequest": 304.9
  },
  {
    "ClientToModuleTotalTime": 7192.5,
    "ClientToModulePercentualError": 0.0,
    "ResilienceModuleToExternalTotalSuccessTime": 7514.0,
    "ResilienceModuleToExternalTotalErrorTime": 0.0,
    "ResilienceModuleToExternalTotalTime": 7514.0,
    "ResilienceModuleToExternalAverageTimePerRequest": 300.56
  },
  {
    "ClientToModuleTotalTime": 9562.5,
    "ClientToModulePercentualError": 0.0,
    "ResilienceModuleToExternalTotalSuccessTime": 9875.0,
    "ResilienceModuleToExternalTotalErrorTime": 0.0,
    "ResilienceModuleToExternalTotalTime": 9875.0,
    "ResilienceModuleToExternalAverageTimePerRequest": 395.0
  },
  {
    "ClientToModuleTotalTime": 8278.0,
    "ClientToModulePercentualError": 0.0,
    "ResilienceModuleToExternalTotalSuccessTime": 8684.0,
    "ResilienceModuleToExternalTotalErrorTime": 0.0,
    "ResilienceModuleToExternalTotalTime": 8684.0,
    "ResilienceModuleToExternalAverageTimePerRequest": 347.36
  },
  {
    "ClientToModuleTotalTime": 7306.0,
    "ClientToModulePercentualError": 0.0,
    "ResilienceModuleToExternalTotalSuccessTime": 7663.0,
    "ResilienceModuleToExternalTotalErrorTime": 0.0,
    "ResilienceModuleToExternalTotalTime": 7663.0,
    "ResilienceModuleToExternalAverageTimePerRequest": 306.52
  }
]
