[
  {
    "ClientToModuleTotalTime": 1985.0,
    "ClientToModulePercentualError": 0.0,
    "ResilienceModuleToExternalTotalSuccessTime": 2079.0,
    "ResilienceModuleToExternalTotalErrorTime": 0.0,
    "ResilienceModuleToExternalTotalTime": 2079.0,
    "ResilienceModuleToExternalAverageTimePerRequest": 83.16
  },
  {
    "ClientToModuleTotalTime": 1615.0,
    "ClientToModulePercentualError": 0.0,
    "ResilienceModuleToExternalTotalSuccessTime": 1715.0,
    "ResilienceModuleToExternalTotalErrorTime": 0.0,
    "ResilienceModuleToExternalTotalTime": 1715.0,
    "ResilienceModuleToExternalAverageTimePerRequest": 68.6
  },
  {
    "ClientToModuleTotalTime": 1897.0,
    "ClientToModulePercentualError": 0.0,
    "ResilienceModuleToExternalTotalSuccessTime": 1993.0,
    "ResilienceModuleToExternalTotalErrorTime": 0.0,
    "ResilienceModuleToExternalTotalTime": 1993.0,
    "ResilienceModuleToExternalAverageTimePerRequest": 79.72
  },
  {
    "ClientToModuleTotalTime": 1943.0,
    "ClientToModulePercentualError": 0.0,
    "ResilienceModuleToExternalTotalSuccessTime": 2045.0,
    "ResilienceModuleToExternalTotalErrorTime": 0.0,
    "ResilienceModuleToExternalTotalTime": 2045.0,
    "ResilienceModuleToExternalAverageTimePerRequest": 81.8
  },
  {
    "ClientToModuleTotalTime": 2754.0,
    "ClientToModulePercentualError": 0.0,
    "ResilienceModuleToExternalTotalSuccessTime": 2859.0,
    "ResilienceModuleToExternalTotalErrorTime": 0.0,
    "ResilienceModuleToExternalTotalTime": 2859.0,
    "ResilienceModuleToExternalAverageTimePerRequest": 114.36
  },
  {
    "ClientToModuleTotalTime": 1938.0,
    "ClientToModulePercentualError": 0.0,
    "ResilienceModuleToExternalTotalSuccessTime": 2035.0,
    "ResilienceModuleToExternalTotalErrorTime": 0.0,
    "ResilienceModuleToExternalTotalTime": 2035.0,
    "ResilienceModuleToExternalAverageTimePerRequest": 81.4
  },
  {
    "ClientToModuleTotalTime": 2315.0,
    "ClientToModulePercentualError": 0.0,
    "ResilienceModuleToExternalTotalSuccessTime": 2443.0,
    "ResilienceModuleToExternalTotalErrorTime": 0.0,
    "ResilienceModuleToExternalTotalTime": 2443.0,
    "ResilienceModuleToExternalAverageTimePerRequest": 97.72
  },
  {
    "ClientToModuleTotalTime": 2034.0,
    "ClientToModulePercentualError": 0.0,
    "ResilienceModuleToExternalTotalSuccessTime": 2139.0,
    "ResilienceModuleToExternalTotalErrorTime": 0.0,
    "ResilienceModuleToExternalTotalTime": 2139.0,
    "ResilienceModuleToExternalAverageTimePerRequest": 85.56
  },
  {
    "ClientToModuleTotalTime": 2434.0,
    "ClientToModulePercentualError": 0.0,
    "ResilienceModuleToExternalTotalSuccessTime": 2551.0,
    "ResilienceModuleToExternalTotalErrorTime": 0.0,
    "ResilienceModuleToExternalTotalTime": 2551.0,
    "ResilienceModuleToExternalAverageTimePerRequest": 102.04
  },
  {
    "ClientToModuleTotalTime": 2045.0,
    "ClientToModulePercentualError": 0.0,
    "ResilienceModuleToExternalTotalSuccessTime": 2153.0,
    "ResilienceModuleToExternalTotalErrorTime": 0.0,
    "ResilienceModuleToExternalTotalTime": 2153.0,
    "ResilienceModuleToExternalAverageTimePerRequest": 86.12
  }
]
