[
  {
    "ClientToModuleTotalTime": 4863.0,
    "ClientToModulePercentualError": 0.0,
    "ResilienceModuleToExternalTotalSuccessTime": 4862.0,
    "ResilienceModuleToExternalTotalErrorTime": 0.0,
    "ResilienceModuleToExternalTotalTime": 4862.0,
    "ResilienceModuleToExternalAverageTimePerRequest": 194.48
  },
  {
    "ClientToModuleTotalTime": 5695.0,
    "ClientToModulePercentualError": 0.0,
    "ResilienceModuleToExternalTotalSuccessTime": 5693.5,
    "ResilienceModuleToExternalTotalErrorTime": 0.0,
    "ResilienceModuleToExternalTotalTime": 5693.5,
    "ResilienceModuleToExternalAverageTimePerRequest": 227.74
  },
  {
    "ClientToModuleTotalTime": 6299.5,
    "ClientToModulePercentualError": 0.0,
    "ResilienceModuleToExternalTotalSuccessTime": 6299.0,
    "ResilienceModuleToExternalTotalErrorTime": 0.0,
    "ResilienceModuleToExternalTotalTime": 6299.0,
    "ResilienceModuleToExternalAverageTimePerRequest": 251.95999999999998
  },
  {
    "ClientToModuleTotalTime": 7753.0,
    "ClientToModulePercentualError": 0.0,
    "ResilienceModuleToExternalTotalSuccessTime": 7750.0,
    "ResilienceModuleToExternalTotalErrorTime": 0.0,
    "ResilienceModuleToExternalTotalTime": 7750.0,
    "ResilienceModuleToExternalAverageTimePerRequest": 310.0
  },
  {
    "ClientToModuleTotalTime": 8571.5,
    "ClientToModulePercentualError": 0.0,
    "ResilienceModuleToExternalTotalSuccessTime": 8571.5,
    "ResilienceModuleToExternalTotalErrorTime": 0.0,
    "ResilienceModuleToExternalTotalTime": 8571.5,
    "ResilienceModuleToExternalAverageTimePerRequest": 342.86
  },
  {
    "ClientToModuleTotalTime": 7500.5,
    "ClientToModulePercentualError": 0.0,
    "ResilienceModuleToExternalTotalSuccessTime": 7495.0,
    "ResilienceModuleToExternalTotalErrorTime": 0.0,
    "ResilienceModuleToExternalTotalTime": 7495.0,
    "ResilienceModuleToExternalAverageTimePerRequest": 299.8
  },
  {
    "ClientToModuleTotalTime": 8566.5,
    "ClientToModulePercentualError": 0.0,
    "ResilienceModuleToExternalTotalSuccessTime": 8566.5,
    "ResilienceModuleToExternalTotalErrorTime": 0.0,
    "ResilienceModuleToExternalTotalTime": 8566.5,
    "ResilienceModuleToExternalAverageTimePerRequest": 342.65999999999997
  },
  {
    "ClientToModuleTotalTime": 7993.0,
    "ClientToModulePercentualError": 0.0,
    "ResilienceModuleToExternalTotalSuccessTime": 7993.0,
    "ResilienceModuleToExternalTotalErrorTime": 0.0,
    "ResilienceModuleToExternalTotalTime": 7993.0,
    "ResilienceModuleToExternalAverageTimePerRequest": 319.72
  },
  {
    "ClientToModuleTotalTime": 9164.5,
    "ClientToModulePercentualError": 0.0,
    "ResilienceModuleToExternalTotalSuccessTime": 9161.5,
    "ResilienceModuleToExternalTotalErrorTime": 0.0,
    "ResilienceModuleToExternalTotalTime": 9161.5,
    "ResilienceModuleToExternalAverageTimePerRequest": 366.46
  },
  {
    "ClientToModuleTotalTime": 8275.0,
    "ClientToModulePercentualError": 0.0,
    "ResilienceModuleToExternalTotalSuccessTime": 8275.0,
    "ResilienceModuleToExternalTotalErrorTime": 0.0,
    "ResilienceModuleToExternalTotalTime": 8275.0,
    "ResilienceModuleToExternalAverageTimePerRequest": 331.0
  }
]
