[
  {
    "ClientToModuleTotalTime": 1393.5,
    "ClientToModulePercentualError": 0.0,
    "ResilienceModuleToExternalTotalSuccessTime": 1393.0,
    "ResilienceModuleToExternalTotalErrorTime": 0.0,
    "ResilienceModuleToExternalTotalTime": 1393.0,
    "ResilienceModuleToExternalAverageTimePerRequest": 55.72
  },
  {
    "ClientToModuleTotalTime": 2175.0,
    "ClientToModulePercentualError": 0.0,
    "ResilienceModuleToExternalTotalSuccessTime": 2172.5,
    "ResilienceModuleToExternalTotalErrorTime": 0.0,
    "ResilienceModuleToExternalTotalTime": 2172.5,
    "ResilienceModuleToExternalAverageTimePerRequest": 86.9
  },
  {
    "ClientToModuleTotalTime": 2142.0,
    "ClientToModulePercentualError": 0.0,
    "ResilienceModuleToExternalTotalSuccessTime": 2140.0,
    "ResilienceModuleToExternalTotalErrorTime": 0.0,
    "ResilienceModuleToExternalTotalTime": 2140.0,
    "ResilienceModuleToExternalAverageTimePerRequest": 85.6
  },
  {
    "ClientToModuleTotalTime": 2263.0,
    "ClientToModulePercentualError": 0.0,
    "ResilienceModuleToExternalTotalSuccessTime": 2262.5,
    "ResilienceModuleToExternalTotalErrorTime": 0.0,
    "ResilienceModuleToExternalTotalTime": 2262.5,
    "ResilienceModuleToExternalAverageTimePerRequest": 90.5
  },
  {
    "ClientToModuleTotalTime": 2347.0,
    "ClientToModulePercentualError": 0.0,
    "ResilienceModuleToExternalTotalSuccessTime": 2345.5,
    "ResilienceModuleToExternalTotalErrorTime": 0.0,
    "ResilienceModuleToExternalTotalTime": 2345.5,
    "ResilienceModuleToExternalAverageTimePerRequest": 93.82
  },
  {
    "ClientToModuleTotalTime": 2396.5,
    "ClientToModulePercentualError": 0.0,
    "ResilienceModuleToExternalTotalSuccessTime": 2396.0,
    "ResilienceModuleToExternalTotalErrorTime": 0.0,
    "ResilienceModuleToExternalTotalTime": 2396.0,
    "ResilienceModuleToExternalAverageTimePerRequest": 95.84
  },
  {
    "ClientToModuleTotalTime": 2225.5,
    "ClientToModulePercentualError": 0.0,
    "ResilienceModuleToExternalTotalSuccessTime": 2224.5,
    "ResilienceModuleToExternalTotalErrorTime": 0.0,
    "ResilienceModuleToExternalTotalTime": 2224.5,
    "ResilienceModuleToExternalAverageTimePerRequest": 88.97999999999999
  },
  {
    "ClientToModuleTotalTime": 2202.0,
    "ClientToModulePercentualError": 0.0,
    "ResilienceModuleToExternalTotalSuccessTime": 2202.0,
    "ResilienceModuleToExternalTotalErrorTime": 0.0,
    "ResilienceModuleToExternalTotalTime": 2202.0,
    "ResilienceModuleToExternalAverageTimePerRequest": 88.08
  },
  {
    "ClientToModuleTotalTime": 2223.0,
    "ClientToModulePercentualError": 0.0,
    "ResilienceModuleToExternalTotalSuccessTime": 2220.5,
    "ResilienceModuleToExternalTotalErrorTime": 0.0,
    "ResilienceModuleToExternalTotalTime": 2220.5,
    "ResilienceModuleToExternalAverageTimePerRequest": 88.82
  },
  {
    "ClientToModuleTotalTime": 2556.0,
    "ClientToModulePercentualError": 0.0,
    "ResilienceModuleToExternalTotalSuccessTime": 2553.0,
    "ResilienceModuleToExternalTotalErrorTime": 0.0,
    "ResilienceModuleToExternalTotalTime": 2553.0,
    "ResilienceModuleToExternalAverageTimePerRequest": 102.12
  }
]
