[
  {
    "ClientToModuleTotalTime": 2935.0,
    "ClientToModulePercentualError": 0.0,
    "ResilienceModuleToExternalTotalSuccessTime": 2934.0,
    "ResilienceModuleToExternalTotalErrorTime": 0.0,
    "ResilienceModuleToExternalTotalTime": 2934.0,
    "ResilienceModuleToExternalAverageTimePerRequest": 117.35999999999999
  },
  {
    "ClientToModuleTotalTime": 2604.5,
    "ClientToModulePercentualError": 0.0,
    "ResilienceModuleToExternalTotalSuccessTime": 2603.5,
    "ResilienceModuleToExternalTotalErrorTime": 0.0,
    "ResilienceModuleToExternalTotalTime": 2603.5,
    "ResilienceModuleToExternalAverageTimePerRequest": 104.14
  },
  {
    "ClientToModuleTotalTime": 4250.0,
    "ClientToModulePercentualError": 0.0,
    "ResilienceModuleToExternalTotalSuccessTime": 4250.0,
    "ResilienceModuleToExternalTotalErrorTime": 0.0,
    "ResilienceModuleToExternalTotalTime": 4250.0,
    "ResilienceModuleToExternalAverageTimePerRequest": 170.0
  },
  {
    "ClientToModuleTotalTime": 4909.0,
    "ClientToModulePercentualError": 0.0,
    "ResilienceModuleToExternalTotalSuccessTime": 4906.0,
    "ResilienceModuleToExternalTotalErrorTime": 0.0,
    "ResilienceModuleToExternalTotalTime": 4906.0,
    "ResilienceModuleToExternalAverageTimePerRequest": 196.24
  },
  {
    "ClientToModuleTotalTime": 4475.5,
    "ClientToModulePercentualError": 0.0,
    "ResilienceModuleToExternalTotalSuccessTime": 4474.0,
    "ResilienceModuleToExternalTotalErrorTime": 0.0,
    "ResilienceModuleToExternalTotalTime": 4474.0,
    "ResilienceModuleToExternalAverageTimePerRequest": 178.96
  },
  {
    "ClientToModuleTotalTime": 4667.5,
    "ClientToModulePercentualError": 0.0,
    "ResilienceModuleToExternalTotalSuccessTime": 4665.0,
    "ResilienceModuleToExternalTotalErrorTime": 0.0,
    "ResilienceModuleToExternalTotalTime": 4665.0,
    "ResilienceModuleToExternalAverageTimePerRequest": 186.6
  },
  {
    "ClientToModuleTotalTime": 4582.0,
    "ClientToModulePercentualError": 0.0,
    "ResilienceModuleToExternalTotalSuccessTime": 4580.5,
    "ResilienceModuleToExternalTotalErrorTime": 0.0,
    "ResilienceModuleToExternalTotalTime": 4580.5,
    "ResilienceModuleToExternalAverageTimePerRequest": 183.22
  },
  {
    "ClientToModuleTotalTime": 4533.0,
    "ClientToModulePercentualError": 0.0,
    "ResilienceModuleToExternalTotalSuccessTime": 4531.0,
    "ResilienceModuleToExternalTotalErrorTime": 0.0,
    "ResilienceModuleToExternalTotalTime": 4531.0,
    "ResilienceModuleToExternalAverageTimePerRequest": 181.24
  },
  {
    "ClientToModuleTotalTime": 4510.5,
    "ClientToModulePercentualError": 0.0,
    "ResilienceModuleToExternalTotalSuccessTime": 4509.0,
    "ResilienceModuleToExternalTotalErrorTime": 0.0,
    "ResilienceModuleToExternalTotalTime": 4509.0,
    "ResilienceModuleToExternalAverageTimePerRequest": 180.36
  },
  {
    "ClientToModuleTotalTime": 4481.5,
    "ClientToModulePercentualError": 0.0,
    "ResilienceModuleToExternalTotalSuccessTime": 4481.0,
    "ResilienceModuleToExternalTotalErrorTime": 0.0,
    "ResilienceModuleToExternalTotalTime": 4481.0,
    "ResilienceModuleToExternalAverageTimePerRequest": 179.24
  }
]
