[
  {
    "ClientToModuleTotalTime": 9801.0,
    "ClientToModulePercentualError": 0.0,
    "ResilienceModuleToExternalTotalSuccessTime": 9789.5,
    "ResilienceModuleToExternalTotalErrorTime": 0.0,
    "ResilienceModuleToExternalTotalTime": 9789.5,
    "ResilienceModuleToExternalAverageTimePerRequest": 391.58
  },
  {
    "ClientToModuleTotalTime": 8627.0,
    "ClientToModulePercentualError": 0.0,
    "ResilienceModuleToExternalTotalSuccessTime": 8614.0,
    "ResilienceModuleToExternalTotalErrorTime": 0.0,
    "ResilienceModuleToExternalTotalTime": 8614.0,
    "ResilienceModuleToExternalAverageTimePerRequest": 344.56
  },
  {
    "ClientToModuleTotalTime": 8794.5,
    "ClientToModulePercentualError": 0.0,
    "ResilienceModuleToExternalTotalSuccessTime": 8785.0,
    "ResilienceModuleToExternalTotalErrorTime": 0.0,
    "ResilienceModuleToExternalTotalTime": 8785.0,
    "ResilienceModuleToExternalAverageTimePerRequest": 351.4
  },
  {
    "ClientToModuleTotalTime": 10361.0,
    "ClientToModulePercentualError": 0.0,
    "ResilienceModuleToExternalTotalSuccessTime": 10349.0,
    "ResilienceModuleToExternalTotalErrorTime": 0.0,
    "ResilienceModuleToExternalTotalTime": 10349.0,
    "ResilienceModuleToExternalAverageTimePerRequest": 413.96000000000004
  },
  {
    "ClientToModuleTotalTime": 9177.5,
    "ClientToModulePercentualError": 0.0,
    "ResilienceModuleToExternalTotalSuccessTime": 9164.0,
    "ResilienceModuleToExternalTotalErrorTime": 0.0,
    "ResilienceModuleToExternalTotalTime": 9164.0,
    "ResilienceModuleToExternalAverageTimePerRequest": 366.56
  },
  {
    "ClientToModuleTotalTime": 9112.5,
    "ClientToModulePercentualError": 0.0,
    "ResilienceModuleToExternalTotalSuccessTime": 9100.5,
    "ResilienceModuleToExternalTotalErrorTime": 0.0,
    "ResilienceModuleToExternalTotalTime": 9100.5,
    "ResilienceModuleToExternalAverageTimePerRequest": 364.02
  },
  {
    "ClientToModuleTotalTime": 9083.5,
    "ClientToModulePercentualError": 0.0,
    "ResilienceModuleToExternalTotalSuccessTime": 9071.0,
    "ResilienceModuleToExternalTotalErrorTime": 0.0,
    "ResilienceModuleToExternalTotalTime": 9071.0,
    "ResilienceModuleToExternalAverageTimePerRequest": 362.84
  },
  {
    "ClientToModuleTotalTime": 9741.5,
    "ClientToModulePercentualError": 0.0,
    "ResilienceModuleToExternalTotalSuccessTime": 9728.5,
    "ResilienceModuleToExternalTotalErrorTime": 0.0,
    "ResilienceModuleToExternalTotalTime": 9728.5,
    "ResilienceModuleToExternalAverageTimePerRequest": 389.14
  },
  {
    "ClientToModuleTotalTime": 9052.0,
    "ClientToModulePercentualError": 0.0,
    "ResilienceModuleToExternalTotalSuccessTime": 9038.0,
    "ResilienceModuleToExternalTotalErrorTime": 0.0,
    "ResilienceModuleToExternalTotalTime": 9038.0,
    "ResilienceModuleToExternalAverageTimePerRequest": 361.52
  },
  {
    "ClientToModuleTotalTime": 8956.5,
    "ClientToModulePercentualError": 0.0,
    "ResilienceModuleToExternalTotalSuccessTime": 8945.5,
    "ResilienceModuleToExternalTotalErrorTime": 0.0,
    "ResilienceModuleToExternalTotalTime": 8945.5,
    "ResilienceModuleToExternalAverageTimePerRequest": 357.82
  }
]
