[
  {
    "ClientToModuleTotalTime": 140.0,
    "ClientToModulePercentualError": 0.0,
    "ResilienceModuleToExternalTotalSuccessTime": 128.0,
    "ResilienceModuleToExternalTotalErrorTime": 0.0,
    "ResilienceModuleToExternalTotalTime": 128.0,
    "ResilienceModuleToExternalAverageTimePerRequest": 5.12
  },
  {
    "ClientToModuleTotalTime": 122.0,
    "ClientToModulePercentualError": 0.0,
    "ResilienceModuleToExternalTotalSuccessTime": 110.0,
    "ResilienceModuleToExternalTotalErrorTime": 0.0,
    "ResilienceModuleToExternalTotalTime": 110.0,
    "ResilienceModuleToExternalAverageTimePerRequest": 4.4
  },
  {
    "ClientToModuleTotalTime": 121.0,
    "ClientToModulePercentualError": 0.0,
    "ResilienceModuleToExternalTotalSuccessTime": 109.0,
    "ResilienceModuleToExternalTotalErrorTime": 0.0,
    "ResilienceModuleToExternalTotalTime": 109.0,
    "ResilienceModuleToExternalAverageTimePerRequest": 4.36
  },
  {
    "ClientToModuleTotalTime": 119.0,
    "ClientToModulePercentualError": 0.0,
    "ResilienceModuleToExternalTotalSuccessTime": 108.0,
    "ResilienceModuleToExternalTotalErrorTime": 0.0,
    "ResilienceModuleToExternalTotalTime": 108.0,
    "ResilienceModuleToExternalAverageTimePerRequest": 4.32
  },
  {
    "ClientToModuleTotalTime": 119.0,
    "ClientToModulePercentualError": 0.0,
    "ResilienceModuleToExternalTotalSuccessTime": 109.0,
    "ResilienceModuleToExternalTotalErrorTime": 0.0,
    "ResilienceModuleToExternalTotalTime": 109.0,
    "ResilienceModuleToExternalAverageTimePerRequest": 4.36
  },
  {
    "ClientToModuleTotalTime": 125.0,
    "ClientToModulePercentualError": 0.0,
    "ResilienceModuleToExternalTotalSuccessTime": 112.0,
    "ResilienceModuleToExternalTotalErrorTime": 0.0,
    "ResilienceModuleToExternalTotalTime": 112.0,
    "ResilienceModuleToExternalAverageTimePerRequest": 4.48
  },
  {
    "ClientToModuleTotalTime": 121.0,
    "ClientToModulePercentualError": 0.0,
    "ResilienceModuleToExternalTotalSuccessTime": 110.0,
    "ResilienceModuleToExternalTotalErrorTime": 0.0,
    "ResilienceModuleToExternalTotalTime": 110.0,
    "ResilienceModuleToExternalAverageTimePerRequest": 4.4
  },
  {
    "ClientToModuleTotalTime": 193.0,
    "ClientToModulePercentualError": 0.0,
    "ResilienceModuleToExternalTotalSuccessTime": 183.0,
    "ResilienceModuleToExternalTotalErrorTime": 0.0,
    "ResilienceModuleToExternalTotalTime": 183.0,
    "ResilienceModuleToExternalAverageTimePerRequest": 7.32
  },
  {
    "ClientToModuleTotalTime": 119.0,
    "ClientToModulePercentualError": 0.0,
    "ResilienceModuleToExternalTotalSuccessTime": 105.0,
    "ResilienceModuleToExternalTotalErrorTime": 0.0,
    "ResilienceModuleToExternalTotalTime": 105.0,
    "ResilienceModuleToExternalAverageTimePerRequest": 4.2
  },
  {
    "ClientToModuleTotalTime": 138.0,
    "ClientToModulePercentualError": 0.0,
    "ResilienceModuleToExternalTotalSuccessTime": 125.0,
    "ResilienceModuleToExternalTotalErrorTime": 0.0,
    "ResilienceModuleToExternalTotalTime": 125.0,
    "ResilienceModuleToExternalAverageTimePerRequest": 5.0
  }
]
