[
  {
    "ClientToModuleTotalTime": 2207.0,
    "ClientToModulePercentualError": 0.0,
    "ResilienceModuleToExternalTotalSuccessTime": 2190.0,
    "ResilienceModuleToExternalTotalErrorTime": 0.0,
    "ResilienceModuleToExternalTotalTime": 2190.0,
    "ResilienceModuleToExternalAverageTimePerRequest": 87.6
  },
  {
    "ClientToModuleTotalTime": 2422.0,
    "ClientToModulePercentualError": 0.0,
    "ResilienceModuleToExternalTotalSuccessTime": 2411.0,
    "ResilienceModuleToExternalTotalErrorTime": 0.0,
    "ResilienceModuleToExternalTotalTime": 2411.0,
    "ResilienceModuleToExternalAverageTimePerRequest": 96.44
  },
  {
    "ClientToModuleTotalTime": 2193.0,
    "ClientToModulePercentualError": 0.0,
    "ResilienceModuleToExternalTotalSuccessTime": 2180.0,
    "ResilienceModuleToExternalTotalErrorTime": 0.0,
    "ResilienceModuleToExternalTotalTime": 2180.0,
    "ResilienceModuleToExternalAverageTimePerRequest": 87.2
  },
  {
    "ClientToModuleTotalTime": 2334.0,
    "ClientToModulePercentualError": 0.0,
    "ResilienceModuleToExternalTotalSuccessTime": 2320.0,
    "ResilienceModuleToExternalTotalErrorTime": 0.0,
    "ResilienceModuleToExternalTotalTime": 2320.0,
    "ResilienceModuleToExternalAverageTimePerRequest": 92.8
  },
  {
    "ClientToModuleTotalTime": 2475.0,
    "ClientToModulePercentualError": 0.0,
    "ResilienceModuleToExternalTotalSuccessTime": 2462.0,
    "ResilienceModuleToExternalTotalErrorTime": 0.0,
    "ResilienceModuleToExternalTotalTime": 2462.0,
    "ResilienceModuleToExternalAverageTimePerRequest": 98.48
  },
  {
    "ClientToModuleTotalTime": 2409.0,
    "ClientToModulePercentualError": 0.0,
    "ResilienceModuleToExternalTotalSuccessTime": 2395.0,
    "ResilienceModuleToExternalTotalErrorTime": 0.0,
    "ResilienceModuleToExternalTotalTime": 2395.0,
    "ResilienceModuleToExternalAverageTimePerRequest": 95.8
  },
  {
    "ClientToModuleTotalTime": 2176.0,
    "ClientToModulePercentualError": 0.0,
    "ResilienceModuleToExternalTotalSuccessTime": 2164.0,
    "ResilienceModuleToExternalTotalErrorTime": 0.0,
    "ResilienceModuleToExternalTotalTime": 2164.0,
    "ResilienceModuleToExternalAverageTimePerRequest": 86.56
  },
  {
    "ClientToModuleTotalTime": 2966.0,
    "ClientToModulePercentualError": 0.0,
    "ResilienceModuleToExternalTotalSuccessTime": 2953.0,
    "ResilienceModuleToExternalTotalErrorTime": 0.0,
    "ResilienceModuleToExternalTotalTime": 2953.0,
    "ResilienceModuleToExternalAverageTimePerRequest": 118.12
  },
  {
    "ClientToModuleTotalTime": 2171.0,
    "ClientToModulePercentualError": 0.0,
    "ResilienceModuleToExternalTotalSuccessTime": 2158.0,
    "ResilienceModuleToExternalTotalErrorTime": 0.0,
    "ResilienceModuleToExternalTotalTime": 2158.0,
    "ResilienceModuleToExternalAverageTimePerRequest": 86.32
  },
  {
    "ClientToModuleTotalTime": 2237.0,
    "ClientToModulePercentualError": 0.0,
    "ResilienceModuleToExternalTotalSuccessTime": 2221.0,
    "ResilienceModuleToExternalTotalErrorTime": 0.0,
    "ResilienceModuleToExternalTotalTime": 2221.0,
    "ResilienceModuleToExternalAverageTimePerRequest": 88.84
  }
]
