[
  {
    "ClientToModuleTotalTime": 4467.5,
    "ClientToModulePercentualError": 0.0,
    "ResilienceModuleToExternalTotalSuccessTime": 4456.0,
    "ResilienceModuleToExternalTotalErrorTime": 0.0,
    "ResilienceModuleToExternalTotalTime": 4456.0,
    "ResilienceModuleToExternalAverageTimePerRequest": 178.24
  },
  {
    "ClientToModuleTotalTime": 4546.5,
    "ClientToModulePercentualError": 0.0,
    "ResilienceModuleToExternalTotalSuccessTime": 4533.5,
    "ResilienceModuleToExternalTotalErrorTime": 0.0,
    "ResilienceModuleToExternalTotalTime": 4533.5,
    "ResilienceModuleToExternalAverageTimePerRequest": 181.34
  },
  {
    "ClientToModuleTotalTime": 4635.0,
    "ClientToModulePercentualError": 0.0,
    "ResilienceModuleToExternalTotalSuccessTime": 4622.5,
    "ResilienceModuleToExternalTotalErrorTime": 0.0,
    "ResilienceModuleToExternalTotalTime": 4622.5,
    "ResilienceModuleToExternalAverageTimePerRequest": 184.9
  },
  {
    "ClientToModuleTotalTime": 5605.5,
    "ClientToModulePercentualError": 0.0,
    "ResilienceModuleToExternalTotalSuccessTime": 5592.0,
    "ResilienceModuleToExternalTotalErrorTime": 0.0,
    "ResilienceModuleToExternalTotalTime": 5592.0,
    "ResilienceModuleToExternalAverageTimePerRequest": 223.68
  },
  {
    "ClientToModuleTotalTime": 4658.0,
    "ClientToModulePercentualError": 0.0,
    "ResilienceModuleToExternalTotalSuccessTime": 4647.5,
    "ResilienceModuleToExternalTotalErrorTime": 0.0,
    "ResilienceModuleToExternalTotalTime": 4647.5,
    "ResilienceModuleToExternalAverageTimePerRequest": 185.9
  },
  {
    "ClientToModuleTotalTime": 4682.0,
    "ClientToModulePercentualError": 0.0,
    "ResilienceModuleToExternalTotalSuccessTime": 4668.0,
    "ResilienceModuleToExternalTotalErrorTime": 0.0,
    "ResilienceModuleToExternalTotalTime": 4668.0,
    "ResilienceModuleToExternalAverageTimePerRequest": 186.72
  },
  {
    "ClientToModuleTotalTime": 4412.0,
    "ClientToModulePercentualError": 0.0,
    "ResilienceModuleToExternalTotalSuccessTime": 4399.5,
    "ResilienceModuleToExternalTotalErrorTime": 0.0,
    "ResilienceModuleToExternalTotalTime": 4399.5,
    "ResilienceModuleToExternalAverageTimePerRequest": 175.98000000000002
  },
  {
    "ClientToModuleTotalTime": 5125.0,
    "ClientToModulePercentualError": 0.0,
    "ResilienceModuleToExternalTotalSuccessTime": 5112.5,
    "ResilienceModuleToExternalTotalErrorTime": 0.0,
    "ResilienceModuleToExternalTotalTime": 5112.5,
    "ResilienceModuleToExternalAverageTimePerRequest": 204.5
  },
  {
    "ClientToModuleTotalTime": 5094.5,
    "ClientToModulePercentualError": 0.0,
    "ResilienceModuleToExternalTotalSuccessTime": 5082.5,
    "ResilienceModuleToExternalTotalErrorTime": 0.0,
    "ResilienceModuleToExternalTotalTime": 5082.5,
    "ResilienceModuleToExternalAverageTimePerRequest": 203.3
  },
  {
    "ClientToModuleTotalTime": 4323.0,
    "ClientToModulePercentualError": 0.0,
    "ResilienceModuleToExternalTotalSuccessTime": 4309.0,
    "ResilienceModuleToExternalTotalErrorTime": 0.0,
    "ResilienceModuleToExternalTotalTime": 4309.0,
    "ResilienceModuleToExternalAverageTimePerRequest": 172.36
  }
]
