[
  {
    "ClientToModuleTotalTime": 292.0,
    "ClientToModulePercentualError": 332.3333333333333,
    "ResilienceModuleToExternalTotalSuccessTime": 74.5,
    "ResilienceModuleToExternalTotalErrorTime": 58.5,
    "ResilienceModuleToExternalTotalTime": 133.5,
    "ResilienceModuleToExternalAverageTimePerRequest": 17.64423076923077
  },
  {
    "ClientToModuleTotalTime": 471.0,
    "ClientToModulePercentualError": 165.66666666666666,
    "ResilienceModuleToExternalTotalSuccessTime": 129.5,
    "ResilienceModuleToExternalTotalErrorTime": 93.0,
    "ResilienceModuleToExternalTotalTime": 219.0,
    "ResilienceModuleToExternalAverageTimePerRequest": 19.436363636363637
  },
  {
    "ClientToModuleTotalTime": 169.0,
    "ClientToModulePercentualError": 249.0,
    "ResilienceModuleToExternalTotalSuccessTime": 44.5,
    "ResilienceModuleToExternalTotalErrorTime": 39.0,
    "ResilienceModuleToExternalTotalTime": 91.5,
    "ResilienceModuleToExternalAverageTimePerRequest": 13.882352941176471
  },
  {
    "ClientToModuleTotalTime": 466.5,
    "ClientToModulePercentualError": 165.66666666666666,
    "ResilienceModuleToExternalTotalSuccessTime": 126.0,
    "ResilienceModuleToExternalTotalErrorTime": 110.0,
    "ResilienceModuleToExternalTotalTime": 240.5,
    "ResilienceModuleToExternalAverageTimePerRequest": 22.229166666666664
  },
  {
    "ClientToModuleTotalTime": 3615.0,
    "ClientToModulePercentualError": 65.66666666666667,
    "ResilienceModuleToExternalTotalSuccessTime": 1507.0,
    "ResilienceModuleToExternalTotalErrorTime": 999.0,
    "ResilienceModuleToExternalTotalTime": 2553.0,
    "ResilienceModuleToExternalAverageTimePerRequest": 118.58333333333333
  },
  {
    "ClientToModuleTotalTime": 9130.5,
    "ClientToModulePercentualError": 51.63157894736842,
    "ResilienceModuleToExternalTotalSuccessTime": 4752.5,
    "ResilienceModuleToExternalTotalErrorTime": 2624.0,
    "ResilienceModuleToExternalTotalTime": 7523.5,
    "ResilienceModuleToExternalAverageTimePerRequest": 279.04
  },
  {
    "ClientToModuleTotalTime": 14090.5,
    "ClientToModulePercentualError": 44.45454545454545,
    "ResilienceModuleToExternalTotalSuccessTime": 6952.5,
    "ResilienceModuleToExternalTotalErrorTime": 4207.5,
    "ResilienceModuleToExternalTotalTime": 11059.5,
    "ResilienceModuleToExternalAverageTimePerRequest": 346.5542857142857
  },
  {
    "ClientToModuleTotalTime": 13373.0,
    "ClientToModulePercentualError": 54.55555555555556,
    "ResilienceModuleToExternalTotalSuccessTime": 6301.5,
    "ResilienceModuleToExternalTotalErrorTime": 4436.5,
    "ResilienceModuleToExternalTotalTime": 11088.0,
    "ResilienceModuleToExternalAverageTimePerRequest": 375.2894736842105
  },
  {
    "ClientToModuleTotalTime": 11588.5,
    "ClientToModulePercentualError": 51.63157894736842,
    "ResilienceModuleToExternalTotalSuccessTime": 5364.0,
    "ResilienceModuleToExternalTotalErrorTime": 3782.5,
    "ResilienceModuleToExternalTotalTime": 9673.0,
    "ResilienceModuleToExternalAverageTimePerRequest": 325.57291666666663
  },
  {
    "ClientToModuleTotalTime": 16416.0,
    "ClientToModulePercentualError": 51.63157894736842,
    "ResilienceModuleToExternalTotalSuccessTime": 8237.5,
    "ResilienceModuleToExternalTotalErrorTime": 5939.0,
    "ResilienceModuleToExternalTotalTime": 14723.0,
    "ResilienceModuleToExternalAverageTimePerRequest": 450.27666666666664
  }
]
