[
  {
    "ClientToModuleTotalTime": 293.0,
    "ClientToModulePercentualError": 141.85714285714286,
    "ResilienceModuleToExternalTotalSuccessTime": 121.0,
    "ResilienceModuleToExternalTotalErrorTime": 76.0,
    "ResilienceModuleToExternalTotalTime": 202.0,
    "ResilienceModuleToExternalAverageTimePerRequest": 17.375
  },
  {
    "ClientToModuleTotalTime": 90.0,
    "ClientToModulePercentualError": 332.3333333333333,
    "ResilienceModuleToExternalTotalSuccessTime": 43.0,
    "ResilienceModuleToExternalTotalErrorTime": 22.0,
    "ResilienceModuleToExternalTotalTime": 70.0,
    "ResilienceModuleToExternalAverageTimePerRequest": 13.333333333333334
  },
  {
    "ClientToModuleTotalTime": 273.0,
    "ClientToModulePercentualError": 199.0,
    "ResilienceModuleToExternalTotalSuccessTime": 58.0,
    "ResilienceModuleToExternalTotalErrorTime": 51.0,
    "ResilienceModuleToExternalTotalTime": 105.0,
    "ResilienceModuleToExternalAverageTimePerRequest": 12.6
  },
  {
    "ClientToModuleTotalTime": 50.0,
    "ClientToModulePercentualError": 499.0,
    "ResilienceModuleToExternalTotalSuccessTime": 16.0,
    "ResilienceModuleToExternalTotalErrorTime": 15.0,
    "ResilienceModuleToExternalTotalTime": 33.0,
    "ResilienceModuleToExternalAverageTimePerRequest": 8.0
  },
  {
    "ClientToModuleTotalTime": 959.0,
    "ClientToModulePercentualError": 89.9090909090909,
    "ResilienceModuleToExternalTotalSuccessTime": 368.0,
    "ResilienceModuleToExternalTotalErrorTime": 219.0,
    "ResilienceModuleToExternalTotalTime": 639.0,
    "ResilienceModuleToExternalAverageTimePerRequest": 35.583333333333336
  },
  {
    "ClientToModuleTotalTime": 2131.0,
    "ClientToModulePercentualError": 89.9090909090909,
    "ResilienceModuleToExternalTotalSuccessTime": 925.0,
    "ResilienceModuleToExternalTotalErrorTime": 570.0,
    "ResilienceModuleToExternalTotalTime": 1586.0,
    "ResilienceModuleToExternalAverageTimePerRequest": 80.5
  },
  {
    "ClientToModuleTotalTime": 3476.0,
    "ClientToModulePercentualError": 89.9090909090909,
    "ResilienceModuleToExternalTotalSuccessTime": 1390.0,
    "ResilienceModuleToExternalTotalErrorTime": 1058.0,
    "ResilienceModuleToExternalTotalTime": 2546.0,
    "ResilienceModuleToExternalAverageTimePerRequest": 109.45454545454545
  },
  {
    "ClientToModuleTotalTime": 4333.0,
    "ClientToModulePercentualError": 54.55555555555556,
    "ResilienceModuleToExternalTotalSuccessTime": 1865.0,
    "ResilienceModuleToExternalTotalErrorTime": 1205.0,
    "ResilienceModuleToExternalTotalTime": 3046.0,
    "ResilienceModuleToExternalAverageTimePerRequest": 105.14285714285714
  },
  {
    "ClientToModuleTotalTime": 3217.0,
    "ClientToModulePercentualError": 75.92307692307692,
    "ResilienceModuleToExternalTotalSuccessTime": 1467.0,
    "ResilienceModuleToExternalTotalErrorTime": 947.0,
    "ResilienceModuleToExternalTotalTime": 2383.0,
    "ResilienceModuleToExternalAverageTimePerRequest": 102.57142857142857
  },
  {
    "ClientToModuleTotalTime": 3134.0,
    "ClientToModulePercentualError": 65.66666666666667,
    "ResilienceModuleToExternalTotalSuccessTime": 1742.0,
    "ResilienceModuleToExternalTotalErrorTime": 855.0,
    "ResilienceModuleToExternalTotalTime": 2583.0,
    "ResilienceModuleToExternalAverageTimePerRequest": 108.88888888888889
  }
]
