[
  {
    "ClientToModuleTotalTime": 87.5,
    "ClientToModulePercentualError": 332.3333333333333,
    "ResilienceModuleToExternalTotalSuccessTime": 39.5,
    "ResilienceModuleToExternalTotalErrorTime": 19.5,
    "ResilienceModuleToExternalTotalTime": 61.5,
    "ResilienceModuleToExternalAverageTimePerRequest": 9.916666666666668
  },
  {
    "ClientToModuleTotalTime": 450.5,
    "ClientToModulePercentualError": 199.0,
    "ResilienceModuleToExternalTotalSuccessTime": 114.5,
    "ResilienceModuleToExternalTotalErrorTime": 100.0,
    "ResilienceModuleToExternalTotalTime": 205.5,
    "ResilienceModuleToExternalAverageTimePerRequest": 20.1
  },
  {
    "ClientToModuleTotalTime": 44.5,
    "ClientToModulePercentualError": 499.0,
    "ResilienceModuleToExternalTotalSuccessTime": 13.5,
    "ResilienceModuleToExternalTotalErrorTime": 14.5,
    "ResilienceModuleToExternalTotalTime": 32.5,
    "ResilienceModuleToExternalAverageTimePerRequest": 7.75
  },
  {
    "ClientToModuleTotalTime": 90.5,
    "ClientToModulePercentualError": 332.3333333333333,
    "ResilienceModuleToExternalTotalSuccessTime": 35.0,
    "ResilienceModuleToExternalTotalErrorTime": 25.0,
    "ResilienceModuleToExternalTotalTime": 58.5,
    "ResilienceModuleToExternalAverageTimePerRequest": 11.0
  },
  {
    "ClientToModuleTotalTime": 1532.5,
    "ClientToModulePercentualError": 99.0,
    "ResilienceModuleToExternalTotalSuccessTime": 580.5,
    "ResilienceModuleToExternalTotalErrorTime": 434.0,
    "ResilienceModuleToExternalTotalTime": 999.5,
    "ResilienceModuleToExternalAverageTimePerRequest": 56.08888888888889
  },
  {
    "ClientToModuleTotalTime": 8121.0,
    "ClientToModulePercentualError": 47.80952380952381,
    "ResilienceModuleToExternalTotalSuccessTime": 3877.0,
    "ResilienceModuleToExternalTotalErrorTime": 2179.0,
    "ResilienceModuleToExternalTotalTime": 6250.5,
    "ResilienceModuleToExternalAverageTimePerRequest": 199.5
  },
  {
    "ClientToModuleTotalTime": 7685.5,
    "ClientToModulePercentualError": 56.189542483660134,
    "ResilienceModuleToExternalTotalSuccessTime": 4030.0,
    "ResilienceModuleToExternalTotalErrorTime": 2216.5,
    "ResilienceModuleToExternalTotalTime": 6517.0,
    "ResilienceModuleToExternalAverageTimePerRequest": 235.17261904761904
  },
  {
    "ClientToModuleTotalTime": 9746.0,
    "ClientToModulePercentualError": 43.466403162055336,
    "ResilienceModuleToExternalTotalSuccessTime": 4533.0,
    "ResilienceModuleToExternalTotalErrorTime": 2964.0,
    "ResilienceModuleToExternalTotalTime": 7735.0,
    "ResilienceModuleToExternalAverageTimePerRequest": 225.28
  },
  {
    "ClientToModuleTotalTime": 8340.5,
    "ClientToModulePercentualError": 57.8235294117647,
    "ResilienceModuleToExternalTotalSuccessTime": 4300.5,
    "ResilienceModuleToExternalTotalErrorTime": 2498.5,
    "ResilienceModuleToExternalTotalTime": 6795.5,
    "ResilienceModuleToExternalAverageTimePerRequest": 243.61111111111111
  },
  {
    "ClientToModuleTotalTime": 7674.0,
    "ClientToModulePercentualError": 57.8235294117647,
    "ResilienceModuleToExternalTotalSuccessTime": 4021.0,
    "ResilienceModuleToExternalTotalErrorTime": 2422.5,
    "ResilienceModuleToExternalTotalTime": 6582.5,
    "ResilienceModuleToExternalAverageTimePerRequest": 240.35784313725492
  }
]
