[
  {
    "ClientToModuleTotalTime": 485.0,
    "ClientToModulePercentualError": 35.42,
    "ResilienceModuleToExternalTotalSuccessTime": 321.0,
    "ResilienceModuleToExternalTotalErrorTime": 60.5,
    "ResilienceModuleToExternalTotalTime": 431.5,
    "ResilienceModuleToExternalAverageTimePerRequest": 22.17125
  },
  {
    "ClientToModuleTotalTime": 1107.0,
    "ClientToModulePercentualError": 32.1,
    "ResilienceModuleToExternalTotalSuccessTime": 957.0,
    "ResilienceModuleToExternalTotalErrorTime": 135.5,
    "ResilienceModuleToExternalTotalTime": 1053.0,
    "ResilienceModuleToExternalAverageTimePerRequest": 42.0
  },
  {
    "ClientToModuleTotalTime": 4681.5,
    "ClientToModulePercentualError": 20.14,
    "ResilienceModuleToExternalTotalSuccessTime": 4177.0,
    "ResilienceModuleToExternalTotalErrorTime": 319.5,
    "ResilienceModuleToExternalTotalTime": 4607.0,
    "ResilienceModuleToExternalAverageTimePerRequest": 174.98803827751198
  },
  {
    "ClientToModuleTotalTime": 6648.0,
    "ClientToModulePercentualError": 18.78,
    "ResilienceModuleToExternalTotalSuccessTime": 6085.5,
    "ResilienceModuleToExternalTotalErrorTime": 552.5,
    "ResilienceModuleToExternalTotalTime": 6562.5,
    "ResilienceModuleToExternalAverageTimePerRequest": 251.36666666666667
  },
  {
    "ClientToModuleTotalTime": 10739.5,
    "ClientToModulePercentualError": 18.58,
    "ResilienceModuleToExternalTotalSuccessTime": 9910.5,
    "ResilienceModuleToExternalTotalErrorTime": 702.5,
    "ResilienceModuleToExternalTotalTime": 10704.5,
    "ResilienceModuleToExternalAverageTimePerRequest": 400.85526315789474
  },
  {
    "ClientToModuleTotalTime": 8929.0,
    "ClientToModulePercentualError": 17.02,
    "ResilienceModuleToExternalTotalSuccessTime": 8376.0,
    "ResilienceModuleToExternalTotalErrorTime": 446.0,
    "ResilienceModuleToExternalTotalTime": 8848.0,
    "ResilienceModuleToExternalAverageTimePerRequest": 345.36636363636364
  },
  {
    "ClientToModuleTotalTime": 9849.0,
    "ClientToModulePercentualError": 19.2,
    "ResilienceModuleToExternalTotalSuccessTime": 8775.0,
    "ResilienceModuleToExternalTotalErrorTime": 968.5,
    "ResilienceModuleToExternalTotalTime": 9774.0,
    "ResilienceModuleToExternalAverageTimePerRequest": 359.78
  },
  {
    "ClientToModuleTotalTime": 13481.5,
    "ClientToModulePercentualError": 19.560000000000002,
    "ResilienceModuleToExternalTotalSuccessTime": 12261.5,
    "ResilienceModuleToExternalTotalErrorTime": 1122.5,
    "ResilienceModuleToExternalTotalTime": 13414.0,
    "ResilienceModuleToExternalAverageTimePerRequest": 499.0077399380805
  },
  {
    "ClientToModuleTotalTime": 11691.0,
    "ClientToModulePercentualError": 16.24,
    "ResilienceModuleToExternalTotalSuccessTime": 11167.5,
    "ResilienceModuleToExternalTotalErrorTime": 509.0,
    "ResilienceModuleToExternalTotalTime": 11658.0,
    "ResilienceModuleToExternalAverageTimePerRequest": 453.36
  },
  {
    "ClientToModuleTotalTime": 13522.0,
    "ClientToModulePercentualError": 23.3,
    "ResilienceModuleToExternalTotalSuccessTime": 12668.0,
    "ResilienceModuleToExternalTotalErrorTime": 769.5,
    "ResilienceModuleToExternalTotalTime": 13467.5,
    "ResilienceModuleToExternalAverageTimePerRequest": 516.3
  }
]
