[
  {
    "ClientToModuleTotalTime": 562.0,
    "ClientToModulePercentualError": 35.0,
    "ResilienceModuleToExternalTotalSuccessTime": 411.0,
    "ResilienceModuleToExternalTotalErrorTime": 76.0,
    "ResilienceModuleToExternalTotalTime": 493.0,
    "ResilienceModuleToExternalAverageTimePerRequest": 22.958333333333332
  },
  {
    "ClientToModuleTotalTime": 864.0,
    "ClientToModulePercentualError": 28.16,
    "ResilienceModuleToExternalTotalSuccessTime": 706.0,
    "ResilienceModuleToExternalTotalErrorTime": 105.0,
    "ResilienceModuleToExternalTotalTime": 822.0,
    "ResilienceModuleToExternalAverageTimePerRequest": 30.5
  },
  {
    "ClientToModuleTotalTime": 1950.0,
    "ClientToModulePercentualError": 22.76,
    "ResilienceModuleToExternalTotalSuccessTime": 1718.0,
    "ResilienceModuleToExternalTotalErrorTime": 155.0,
    "ResilienceModuleToExternalTotalTime": 1865.0,
    "ResilienceModuleToExternalAverageTimePerRequest": 79.56
  },
  {
    "ClientToModuleTotalTime": 2568.0,
    "ClientToModulePercentualError": 21.4,
    "ResilienceModuleToExternalTotalSuccessTime": 2293.0,
    "ResilienceModuleToExternalTotalErrorTime": 201.0,
    "ResilienceModuleToExternalTotalTime": 2442.0,
    "ResilienceModuleToExternalAverageTimePerRequest": 95.24
  },
  {
    "ClientToModuleTotalTime": 3241.0,
    "ClientToModulePercentualError": 26.44,
    "ResilienceModuleToExternalTotalSuccessTime": 2933.0,
    "ResilienceModuleToExternalTotalErrorTime": 229.0,
    "ResilienceModuleToExternalTotalTime": 3167.0,
    "ResilienceModuleToExternalAverageTimePerRequest": 119.0
  },
  {
    "ClientToModuleTotalTime": 3517.0,
    "ClientToModulePercentualError": 15.4,
    "ResilienceModuleToExternalTotalSuccessTime": 3160.0,
    "ResilienceModuleToExternalTotalErrorTime": 276.0,
    "ResilienceModuleToExternalTotalTime": 3417.0,
    "ResilienceModuleToExternalAverageTimePerRequest": 129.92
  },
  {
    "ClientToModuleTotalTime": 3287.0,
    "ClientToModulePercentualError": 22.52,
    "ResilienceModuleToExternalTotalSuccessTime": 2928.0,
    "ResilienceModuleToExternalTotalErrorTime": 290.0,
    "ResilienceModuleToExternalTotalTime": 3220.0,
    "ResilienceModuleToExternalAverageTimePerRequest": 118.28
  },
  {
    "ClientToModuleTotalTime": 3277.0,
    "ClientToModulePercentualError": 13.48,
    "ResilienceModuleToExternalTotalSuccessTime": 2954.0,
    "ResilienceModuleToExternalTotalErrorTime": 247.0,
    "ResilienceModuleToExternalTotalTime": 3207.0,
    "ResilienceModuleToExternalAverageTimePerRequest": 122.36
  },
  {
    "ClientToModuleTotalTime": 3366.0,
    "ClientToModulePercentualError": 18.12,
    "ResilienceModuleToExternalTotalSuccessTime": 3043.0,
    "ResilienceModuleToExternalTotalErrorTime": 262.0,
    "ResilienceModuleToExternalTotalTime": 3288.0,
    "ResilienceModuleToExternalAverageTimePerRequest": 122.8
  },
  {
    "ClientToModuleTotalTime": 3337.0,
    "ClientToModulePercentualError": 23.48,
    "ResilienceModuleToExternalTotalSuccessTime": 3031.0,
    "ResilienceModuleToExternalTotalErrorTime": 220.0,
    "ResilienceModuleToExternalTotalTime": 3258.0,
    "ResilienceModuleToExternalAverageTimePerRequest": 124.8
  }
]
