[
  {
    "ClientToModuleTotalTime": 682.0,
    "ClientToModulePercentualError": 38.85333333333333,
    "ResilienceModuleToExternalTotalSuccessTime": 555.5,
    "ResilienceModuleToExternalTotalErrorTime": 86.5,
    "ResilienceModuleToExternalTotalTime": 632.5,
    "ResilienceModuleToExternalAverageTimePerRequest": 26.14
  },
  {
    "ClientToModuleTotalTime": 718.5,
    "ClientToModulePercentualError": 33.04,
    "ResilienceModuleToExternalTotalSuccessTime": 556.5,
    "ResilienceModuleToExternalTotalErrorTime": 105.5,
    "ResilienceModuleToExternalTotalTime": 671.5,
    "ResilienceModuleToExternalAverageTimePerRequest": 32.27142857142857
  },
  {
    "ClientToModuleTotalTime": 3157.5,
    "ClientToModulePercentualError": 22.62,
    "ResilienceModuleToExternalTotalSuccessTime": 2865.5,
    "ResilienceModuleToExternalTotalErrorTime": 279.0,
    "ResilienceModuleToExternalTotalTime": 3101.5,
    "ResilienceModuleToExternalAverageTimePerRequest": 121.65
  },
  {
    "ClientToModuleTotalTime": 6249.5,
    "ClientToModulePercentualError": 20.6,
    "ResilienceModuleToExternalTotalSuccessTime": 5720.5,
    "ResilienceModuleToExternalTotalErrorTime": 474.5,
    "ResilienceModuleToExternalTotalTime": 6192.5,
    "ResilienceModuleToExternalAverageTimePerRequest": 234.7
  },
  {
    "ClientToModuleTotalTime": 6754.0,
    "ClientToModulePercentualError": 12.18,
    "ResilienceModuleToExternalTotalSuccessTime": 6322.0,
    "ResilienceModuleToExternalTotalErrorTime": 382.5,
    "ResilienceModuleToExternalTotalTime": 6724.5,
    "ResilienceModuleToExternalAverageTimePerRequest": 255.5
  },
  {
    "ClientToModuleTotalTime": 6956.5,
    "ClientToModulePercentualError": 21.96,
    "ResilienceModuleToExternalTotalSuccessTime": 6320.0,
    "ResilienceModuleToExternalTotalErrorTime": 548.5,
    "ResilienceModuleToExternalTotalTime": 6868.0,
    "ResilienceModuleToExternalAverageTimePerRequest": 254.9
  },
  {
    "ClientToModuleTotalTime": 6868.5,
    "ClientToModulePercentualError": 23.6,
    "ResilienceModuleToExternalTotalSuccessTime": 6462.5,
    "ResilienceModuleToExternalTotalErrorTime": 276.5,
    "ResilienceModuleToExternalTotalTime": 6797.0,
    "ResilienceModuleToExternalAverageTimePerRequest": 263.82000000000005
  },
  {
    "ClientToModuleTotalTime": 6685.0,
    "ClientToModulePercentualError": 15.82,
    "ResilienceModuleToExternalTotalSuccessTime": 6285.0,
    "ResilienceModuleToExternalTotalErrorTime": 316.0,
    "ResilienceModuleToExternalTotalTime": 6610.0,
    "ResilienceModuleToExternalAverageTimePerRequest": 255.2494736842105
  },
  {
    "ClientToModuleTotalTime": 7108.0,
    "ClientToModulePercentualError": 18.6,
    "ResilienceModuleToExternalTotalSuccessTime": 6511.5,
    "ResilienceModuleToExternalTotalErrorTime": 495.0,
    "ResilienceModuleToExternalTotalTime": 7038.5,
    "ResilienceModuleToExternalAverageTimePerRequest": 265.4294117647059
  },
  {
    "ClientToModuleTotalTime": 7040.5,
    "ClientToModulePercentualError": 19.86,
    "ResilienceModuleToExternalTotalSuccessTime": 6440.5,
    "ResilienceModuleToExternalTotalErrorTime": 489.0,
    "ResilienceModuleToExternalTotalTime": 6953.5,
    "ResilienceModuleToExternalAverageTimePerRequest": 263.22
  }
]
