[
  {
    "ClientToModuleTotalTime": 8016.0,
    "ClientToModulePercentualError": 0.0,
    "ResilienceModuleToExternalTotalSuccessTime": 8134.5,
    "ResilienceModuleToExternalTotalErrorTime": 0.0,
    "ResilienceModuleToExternalTotalTime": 8134.5,
    "ResilienceModuleToExternalAverageTimePerRequest": 325.38
  },
  {
    "ClientToModuleTotalTime": 8227.5,
    "ClientToModulePercentualError": 0.0,
    "ResilienceModuleToExternalTotalSuccessTime": 8329.5,
    "ResilienceModuleToExternalTotalErrorTime": 0.0,
    "ResilienceModuleToExternalTotalTime": 8329.5,
    "ResilienceModuleToExternalAverageTimePerRequest": 333.18
  },
  {
    "ClientToModuleTotalTime": 9170.5,
    "ClientToModulePercentualError": 0.0,
    "ResilienceModuleToExternalTotalSuccessTime": 9315.5,
    "ResilienceModuleToExternalTotalErrorTime": 0.0,
    "ResilienceModuleToExternalTotalTime": 9315.5,
    "ResilienceModuleToExternalAverageTimePerRequest": 372.62
  },
  {
    "ClientToModuleTotalTime": 8236.0,
    "ClientToModulePercentualError": 0.0,
    "ResilienceModuleToExternalTotalSuccessTime": 8346.5,
    "ResilienceModuleToExternalTotalErrorTime": 0.0,
    "ResilienceModuleToExternalTotalTime": 8346.5,
    "ResilienceModuleToExternalAverageTimePerRequest": 333.86
  },
  {
    "ClientToModuleTotalTime": 8256.5,
    "ClientToModulePercentualError": 0.0,
    "ResilienceModuleToExternalTotalSuccessTime": 8423.5,
    "ResilienceModuleToExternalTotalErrorTime": 0.0,
    "ResilienceModuleToExternalTotalTime": 8423.5,
    "ResilienceModuleToExternalAverageTimePerRequest": 336.94
  }
]
