[
  {
    "ClientToModuleTotalTime": 133.0,
    "ClientToModulePercentualError": 0.0,
    "ResilienceModuleToExternalTotalSuccessTime": 113.5,
    "ResilienceModuleToExternalTotalErrorTime": 0.0,
    "ResilienceModuleToExternalTotalTime": 113.5,
    "ResilienceModuleToExternalAverageTimePerRequest": 4.539999999999999
  },
  {
    "ClientToModuleTotalTime": 125.0,
    "ClientToModulePercentualError": 0.0,
    "ResilienceModuleToExternalTotalSuccessTime": 120.5,
    "ResilienceModuleToExternalTotalErrorTime": 0.0,
    "ResilienceModuleToExternalTotalTime": 120.5,
    "ResilienceModuleToExternalAverageTimePerRequest": 4.82
  },
  {
    "ClientToModuleTotalTime": 118.5,
    "ClientToModulePercentualError": 0.0,
    "ResilienceModuleToExternalTotalSuccessTime": 113.5,
    "ResilienceModuleToExternalTotalErrorTime": 0.0,
    "ResilienceModuleToExternalTotalTime": 113.5,
    "ResilienceModuleToExternalAverageTimePerRequest": 4.54
  },
  {
    "ClientToModuleTotalTime": 117.5,
    "ClientToModulePercentualError": 0.0,
    "ResilienceModuleToExternalTotalSuccessTime": 114.0,
    "ResilienceModuleToExternalTotalErrorTime": 0.0,
    "ResilienceModuleToExternalTotalTime": 114.0,
    "ResilienceModuleToExternalAverageTimePerRequest": 4.5600000000000005
  },
  {
    "ClientToModuleTotalTime": 109.5,
    "ClientToModulePercentualError": 0.0,
    "ResilienceModuleToExternalTotalSuccessTime": 106.0,
    "ResilienceModuleToExternalTotalErrorTime": 0.0,
    "ResilienceModuleToExternalTotalTime": 106.0,
    "ResilienceModuleToExternalAverageTimePerRequest": 4.24
  }
]
