[
  {
    "ClientToModuleTotalTime": 1988.0,
    "ClientToModulePercentualError": 0.0,
    "ResilienceModuleToExternalTotalSuccessTime": 2021.0,
    "ResilienceModuleToExternalTotalErrorTime": 0.0,
    "ResilienceModuleToExternalTotalTime": 2021.0,
    "ResilienceModuleToExternalAverageTimePerRequest": 80.84
  },
  {
    "ClientToModuleTotalTime": 1929.0,
    "ClientToModulePercentualError": 0.0,
    "ResilienceModuleToExternalTotalSuccessTime": 1959.5,
    "ResilienceModuleToExternalTotalErrorTime": 0.0,
    "ResilienceModuleToExternalTotalTime": 1959.5,
    "ResilienceModuleToExternalAverageTimePerRequest": 78.38
  },
  {
    "ClientToModuleTotalTime": 2068.0,
    "ClientToModulePercentualError": 0.0,
    "ResilienceModuleToExternalTotalSuccessTime": 2111.0,
    "ResilienceModuleToExternalTotalErrorTime": 0.0,
    "ResilienceModuleToExternalTotalTime": 2111.0,
    "ResilienceModuleToExternalAverageTimePerRequest": 84.44
  },
  {
    "ClientToModuleTotalTime": 1874.0,
    "ClientToModulePercentualError": 0.0,
    "ResilienceModuleToExternalTotalSuccessTime": 1913.5,
    "ResilienceModuleToExternalTotalErrorTime": 0.0,
    "ResilienceModuleToExternalTotalTime": 1913.5,
    "ResilienceModuleToExternalAverageTimePerRequest": 76.53999999999999
  },
  {
    "ClientToModuleTotalTime": 1981.5,
    "ClientToModulePercentualError": 0.0,
    "ResilienceModuleToExternalTotalSuccessTime": 2014.0,
    "ResilienceModuleToExternalTotalErrorTime": 0.0,
    "ResilienceModuleToExternalTotalTime": 2014.0,
    "ResilienceModuleToExternalAverageTimePerRequest": 80.56
  }
]
