[
  {
    "ClientToModuleTotalTime": 3818.0,
    "ClientToModulePercentualError": 0.0,
    "ResilienceModuleToExternalTotalSuccessTime": 3882.5,
    "ResilienceModuleToExternalTotalErrorTime": 0.0,
    "ResilienceModuleToExternalTotalTime": 3882.5,
    "ResilienceModuleToExternalAverageTimePerRequest": 155.3
  },
  {
    "ClientToModuleTotalTime": 4269.5,
    "ClientToModulePercentualError": 0.0,
    "ResilienceModuleToExternalTotalSuccessTime": 4342.0,
    "ResilienceModuleToExternalTotalErrorTime": 0.0,
    "ResilienceModuleToExternalTotalTime": 4342.0,
    "ResilienceModuleToExternalAverageTimePerRequest": 173.68
  },
  {
    "ClientToModuleTotalTime": 4190.5,
    "ClientToModulePercentualError": 0.0,
    "ResilienceModuleToExternalTotalSuccessTime": 4331.5,
    "ResilienceModuleToExternalTotalErrorTime": 0.0,
    "ResilienceModuleToExternalTotalTime": 4331.5,
    "ResilienceModuleToExternalAverageTimePerRequest": 173.26
  },
  {
    "ClientToModuleTotalTime": 4218.0,
    "ClientToModulePercentualError": 0.0,
    "ResilienceModuleToExternalTotalSuccessTime": 4282.5,
    "ResilienceModuleToExternalTotalErrorTime": 0.0,
    "ResilienceModuleToExternalTotalTime": 4282.5,
    "ResilienceModuleToExternalAverageTimePerRequest": 171.3
  },
  {
    "ClientToModuleTotalTime": 4013.5,
    "ClientToModulePercentualError": 0.0,
    "ResilienceModuleToExternalTotalSuccessTime": 4084.0,
    "ResilienceModuleToExternalTotalErrorTime": 0.0,
    "ResilienceModuleToExternalTotalTime": 4084.0,
    "ResilienceModuleToExternalAverageTimePerRequest": 163.36
  }
]
