[
  {
    "ClientToModuleTotalTime": 524.0,
    "ClientToModulePercentualError": 0.0,
    "ResilienceModuleToExternalTotalSuccessTime": 521.5,
    "ResilienceModuleToExternalTotalErrorTime": 0.0,
    "ResilienceModuleToExternalTotalTime": 521.5,
    "ResilienceModuleToExternalAverageTimePerRequest": 20.86
  },
  {
    "ClientToModuleTotalTime": 515.0,
    "ClientToModulePercentualError": 0.0,
    "ResilienceModuleToExternalTotalSuccessTime": 513.5,
    "ResilienceModuleToExternalTotalErrorTime": 0.0,
    "ResilienceModuleToExternalTotalTime": 513.5,
    "ResilienceModuleToExternalAverageTimePerRequest": 20.54
  },
  {
    "ClientToModuleTotalTime": 505.5,
    "ClientToModulePercentualError": 0.0,
    "ResilienceModuleToExternalTotalSuccessTime": 504.0,
    "ResilienceModuleToExternalTotalErrorTime": 0.0,
    "ResilienceModuleToExternalTotalTime": 504.0,
    "ResilienceModuleToExternalAverageTimePerRequest": 20.16
  },
  {
    "ClientToModuleTotalTime": 1683.0,
    "ClientToModulePercentualError": 0.0,
    "ResilienceModuleToExternalTotalSuccessTime": 1679.5,
    "ResilienceModuleToExternalTotalErrorTime": 0.0,
    "ResilienceModuleToExternalTotalTime": 1679.5,
    "ResilienceModuleToExternalAverageTimePerRequest": 67.18
  },
  {
    "ClientToModuleTotalTime": 1184.0,
    "ClientToModulePercentualError": 0.0,
    "ResilienceModuleToExternalTotalSuccessTime": 1181.5,
    "ResilienceModuleToExternalTotalErrorTime": 0.0,
    "ResilienceModuleToExternalTotalTime": 1181.5,
    "ResilienceModuleToExternalAverageTimePerRequest": 47.260000000000005
  },
  {
    "ClientToModuleTotalTime": 3566.0,
    "ClientToModulePercentualError": 0.0,
    "ResilienceModuleToExternalTotalSuccessTime": 3564.0,
    "ResilienceModuleToExternalTotalErrorTime": 0.0,
    "ResilienceModuleToExternalTotalTime": 3564.0,
    "ResilienceModuleToExternalAverageTimePerRequest": 142.56
  },
  {
    "ClientToModuleTotalTime": 4317.0,
    "ClientToModulePercentualError": 0.0,
    "ResilienceModuleToExternalTotalSuccessTime": 4315.0,
    "ResilienceModuleToExternalTotalErrorTime": 0.0,
    "ResilienceModuleToExternalTotalTime": 4315.0,
    "ResilienceModuleToExternalAverageTimePerRequest": 172.60000000000002
  },
  {
    "ClientToModuleTotalTime": 6591.5,
    "ClientToModulePercentualError": 0.0,
    "ResilienceModuleToExternalTotalSuccessTime": 6583.0,
    "ResilienceModuleToExternalTotalErrorTime": 0.0,
    "ResilienceModuleToExternalTotalTime": 6583.0,
    "ResilienceModuleToExternalAverageTimePerRequest": 263.32
  },
  {
    "ClientToModuleTotalTime": 4455.5,
    "ClientToModulePercentualError": 0.0,
    "ResilienceModuleToExternalTotalSuccessTime": 4450.5,
    "ResilienceModuleToExternalTotalErrorTime": 0.0,
    "ResilienceModuleToExternalTotalTime": 4450.5,
    "ResilienceModuleToExternalAverageTimePerRequest": 178.02
  },
  {
    "ClientToModuleTotalTime": 5891.5,
    "ClientToModulePercentualError": 0.0,
    "ResilienceModuleToExternalTotalSuccessTime": 5889.5,
    "ResilienceModuleToExternalTotalErrorTime": 0.0,
    "ResilienceModuleToExternalTotalTime": 5889.5,
    "ResilienceModuleToExternalAverageTimePerRequest": 235.57999999999998
  }
]
