[
  {
    "ClientToModuleTotalTime": 464.0,
    "ClientToModulePercentualError": 0.0,
    "ResilienceModuleToExternalTotalSuccessTime": 461.0,
    "ResilienceModuleToExternalTotalErrorTime": 0.0,
    "ResilienceModuleToExternalTotalTime": 461.0,
    "ResilienceModuleToExternalAverageTimePerRequest": 18.44
  },
  {
    "ClientToModuleTotalTime": 342.0,
    "ClientToModulePercentualError": 0.0,
    "ResilienceModuleToExternalTotalSuccessTime": 340.0,
    "ResilienceModuleToExternalTotalErrorTime": 0.0,
    "ResilienceModuleToExternalTotalTime": 340.0,
    "ResilienceModuleToExternalAverageTimePerRequest": 13.6
  },
  {
    "ClientToModuleTotalTime": 538.0,
    "ClientToModulePercentualError": 0.0,
    "ResilienceModuleToExternalTotalSuccessTime": 536.0,
    "ResilienceModuleToExternalTotalErrorTime": 0.0,
    "ResilienceModuleToExternalTotalTime": 536.0,
    "ResilienceModuleToExternalAverageTimePerRequest": 21.44
  },
  {
    "ClientToModuleTotalTime": 514.0,
    "ClientToModulePercentualError": 0.0,
    "ResilienceModuleToExternalTotalSuccessTime": 509.0,
    "ResilienceModuleToExternalTotalErrorTime": 0.0,
    "ResilienceModuleToExternalTotalTime": 509.0,
    "ResilienceModuleToExternalAverageTimePerRequest": 20.36
  },
  {
    "ClientToModuleTotalTime": 2253.0,
    "ClientToModulePercentualError": 0.0,
    "ResilienceModuleToExternalTotalSuccessTime": 2250.0,
    "ResilienceModuleToExternalTotalErrorTime": 0.0,
    "ResilienceModuleToExternalTotalTime": 2250.0,
    "ResilienceModuleToExternalAverageTimePerRequest": 90.0
  },
  {
    "ClientToModuleTotalTime": 2128.0,
    "ClientToModulePercentualError": 0.0,
    "ResilienceModuleToExternalTotalSuccessTime": 2125.0,
    "ResilienceModuleToExternalTotalErrorTime": 0.0,
    "ResilienceModuleToExternalTotalTime": 2125.0,
    "ResilienceModuleToExternalAverageTimePerRequest": 85.0
  },
  {
    "ClientToModuleTotalTime": 2220.0,
    "ClientToModulePercentualError": 0.0,
    "ResilienceModuleToExternalTotalSuccessTime": 2214.0,
    "ResilienceModuleToExternalTotalErrorTime": 0.0,
    "ResilienceModuleToExternalTotalTime": 2214.0,
    "ResilienceModuleToExternalAverageTimePerRequest": 88.56
  },
  {
    "ClientToModuleTotalTime": 2034.0,
    "ClientToModulePercentualError": 0.0,
    "ResilienceModuleToExternalTotalSuccessTime": 2029.0,
    "ResilienceModuleToExternalTotalErrorTime": 0.0,
    "ResilienceModuleToExternalTotalTime": 2029.0,
    "ResilienceModuleToExternalAverageTimePerRequest": 81.16
  },
  {
    "ClientToModuleTotalTime": 2275.0,
    "ClientToModulePercentualError": 0.0,
    "ResilienceModuleToExternalTotalSuccessTime": 2274.0,
    "ResilienceModuleToExternalTotalErrorTime": 0.0,
    "ResilienceModuleToExternalTotalTime": 2274.0,
    "ResilienceModuleToExternalAverageTimePerRequest": 90.96
  },
  {
    "ClientToModuleTotalTime": 2255.0,
    "ClientToModulePercentualError": 0.0,
    "ResilienceModuleToExternalTotalSuccessTime": 2250.0,
    "ResilienceModuleToExternalTotalErrorTime": 0.0,
    "ResilienceModuleToExternalTotalTime": 2250.0,
    "ResilienceModuleToExternalAverageTimePerRequest": 90.0
  }
]
