[
  {
    "ClientToModuleTotalTime": 467.0,
    "ClientToModulePercentualError": 0.0,
    "ResilienceModuleToExternalTotalSuccessTime": 463.5,
    "ResilienceModuleToExternalTotalErrorTime": 0.0,
    "ResilienceModuleToExternalTotalTime": 463.5,
    "ResilienceModuleToExternalAverageTimePerRequest": 18.54
  },
  {
    "ClientToModuleTotalTime": 518.5,
    "ClientToModulePercentualError": 0.0,
    "ResilienceModuleToExternalTotalSuccessTime": 514.5,
    "ResilienceModuleToExternalTotalErrorTime": 0.0,
    "ResilienceModuleToExternalTotalTime": 514.5,
    "ResilienceModuleToExternalAverageTimePerRequest": 20.58
  },
  {
    "ClientToModuleTotalTime": 381.5,
    "ClientToModulePercentualError": 0.0,
    "ResilienceModuleToExternalTotalSuccessTime": 380.0,
    "ResilienceModuleToExternalTotalErrorTime": 0.0,
    "ResilienceModuleToExternalTotalTime": 380.0,
    "ResilienceModuleToExternalAverageTimePerRequest": 15.2
  },
  {
    "ClientToModuleTotalTime": 941.5,
    "ClientToModulePercentualError": 0.0,
    "ResilienceModuleToExternalTotalSuccessTime": 932.5,
    "ResilienceModuleToExternalTotalErrorTime": 0.0,
    "ResilienceModuleToExternalTotalTime": 932.5,
    "ResilienceModuleToExternalAverageTimePerRequest": 37.3
  },
  {
    "ClientToModuleTotalTime": 2891.0,
    "ClientToModulePercentualError": 0.0,
    "ResilienceModuleToExternalTotalSuccessTime": 2888.5,
    "ResilienceModuleToExternalTotalErrorTime": 0.0,
    "ResilienceModuleToExternalTotalTime": 2888.5,
    "ResilienceModuleToExternalAverageTimePerRequest": 115.53999999999999
  },
  {
    "ClientToModuleTotalTime": 1448.5,
    "ClientToModulePercentualError": 0.0,
    "ResilienceModuleToExternalTotalSuccessTime": 1447.5,
    "ResilienceModuleToExternalTotalErrorTime": 0.0,
    "ResilienceModuleToExternalTotalTime": 1447.5,
    "ResilienceModuleToExternalAverageTimePerRequest": 57.9
  },
  {
    "ClientToModuleTotalTime": 2419.5,
    "ClientToModulePercentualError": 0.0,
    "ResilienceModuleToExternalTotalSuccessTime": 2418.5,
    "ResilienceModuleToExternalTotalErrorTime": 0.0,
    "ResilienceModuleToExternalTotalTime": 2418.5,
    "ResilienceModuleToExternalAverageTimePerRequest": 96.74000000000001
  },
  {
    "ClientToModuleTotalTime": 4164.0,
    "ClientToModulePercentualError": 0.0,
    "ResilienceModuleToExternalTotalSuccessTime": 4159.0,
    "ResilienceModuleToExternalTotalErrorTime": 0.0,
    "ResilienceModuleToExternalTotalTime": 4159.0,
    "ResilienceModuleToExternalAverageTimePerRequest": 166.36
  },
  {
    "ClientToModuleTotalTime": 4293.5,
    "ClientToModulePercentualError": 0.0,
    "ResilienceModuleToExternalTotalSuccessTime": 4291.0,
    "ResilienceModuleToExternalTotalErrorTime": 0.0,
    "ResilienceModuleToExternalTotalTime": 4291.0,
    "ResilienceModuleToExternalAverageTimePerRequest": 171.64
  },
  {
    "ClientToModuleTotalTime": 4273.5,
    "ClientToModulePercentualError": 0.0,
    "ResilienceModuleToExternalTotalSuccessTime": 4271.0,
    "ResilienceModuleToExternalTotalErrorTime": 0.0,
    "ResilienceModuleToExternalTotalTime": 4271.0,
    "ResilienceModuleToExternalAverageTimePerRequest": 170.84
  }
]
