[
  {
    "ClientToModuleTotalTime": 15382.0,
    "ClientToModulePercentualError": 0.9114819642543806,
    "ResilienceModuleToExternalTotalSuccessTime": 14005.0,
    "ResilienceModuleToExternalTotalErrorTime": 721.0,
    "ResilienceModuleToExternalTotalTime": 14742.0,
    "ResilienceModuleToExternalAverageTimePerRequest": 560.2
  },
  {
    "ClientToModuleTotalTime": 15549.5,
    "ClientToModulePercentualError": 0.9161073825503355,
    "ResilienceModuleToExternalTotalSuccessTime": 13883.0,
    "ResilienceModuleToExternalTotalErrorTime": 1045.0,
    "ResilienceModuleToExternalTotalTime": 14952.5,
    "ResilienceModuleToExternalAverageTimePerRequest": 555.3199999999999
  },
  {
    "ClientToModuleTotalTime": 14961.5,
    "ClientToModulePercentualError": 0.9058377074762378,
    "ResilienceModuleToExternalTotalSuccessTime": 13815.0,
    "ResilienceModuleToExternalTotalErrorTime": 576.5,
    "ResilienceModuleToExternalTotalTime": 14336.5,
    "ResilienceModuleToExternalAverageTimePerRequest": 552.5999999999999
  },
  {
    "ClientToModuleTotalTime": 14460.0,
    "ClientToModulePercentualError": 0.883838492481769,
    "ResilienceModuleToExternalTotalSuccessTime": 12203.0,
    "ResilienceModuleToExternalTotalErrorTime": 1590.5,
    "ResilienceModuleToExternalTotalTime": 13817.5,
    "ResilienceModuleToExternalAverageTimePerRequest": 488.12
  },
  {
    "ClientToModuleTotalTime": 15050.0,
    "ClientToModulePercentualError": 0.8979574836731974,
    "ResilienceModuleToExternalTotalSuccessTime": 13277.0,
    "ResilienceModuleToExternalTotalErrorTime": 1144.0,
    "ResilienceModuleToExternalTotalTime": 14422.5,
    "ResilienceModuleToExternalAverageTimePerRequest": 531.08
  }
]
