[
  {
    "ClientToModuleTotalTime": 196.0,
    "ClientToModulePercentualError": 0.21875,
    "ResilienceModuleToExternalTotalSuccessTime": 156.0,
    "ResilienceModuleToExternalTotalErrorTime": 17.0,
    "ResilienceModuleToExternalTotalTime": 173.0,
    "ResilienceModuleToExternalAverageTimePerRequest": 6.24
  },
  {
    "ClientToModuleTotalTime": 370.0,
    "ClientToModulePercentualError": 0.9906507105459985,
    "ResilienceModuleToExternalTotalSuccessTime": 139.0,
    "ResilienceModuleToExternalTotalErrorTime": 12.0,
    "ResilienceModuleToExternalTotalTime": 151.0,
    "ResilienceModuleToExternalAverageTimePerRequest": 5.56
  },
  {
    "ClientToModuleTotalTime": 159.0,
    "ClientToModulePercentualError": 0.13793103448275862,
    "ResilienceModuleToExternalTotalSuccessTime": 135.0,
    "ResilienceModuleToExternalTotalErrorTime": 9.0,
    "ResilienceModuleToExternalTotalTime": 144.0,
    "ResilienceModuleToExternalAverageTimePerRequest": 5.4
  },
  {
    "ClientToModuleTotalTime": 635.0,
    "ClientToModulePercentualError": 0.9952865761689291,
    "ResilienceModuleToExternalTotalSuccessTime": 161.0,
    "ResilienceModuleToExternalTotalErrorTime": 39.0,
    "ResilienceModuleToExternalTotalTime": 200.0,
    "ResilienceModuleToExternalAverageTimePerRequest": 6.44
  },
  {
    "ClientToModuleTotalTime": 131.0,
    "ClientToModulePercentualError": 0.0,
    "ResilienceModuleToExternalTotalSuccessTime": 117.0,
    "ResilienceModuleToExternalTotalErrorTime": 0.0,
    "ResilienceModuleToExternalTotalTime": 117.0,
    "ResilienceModuleToExternalAverageTimePerRequest": 4.68
  }
]
