[
  {
    "ClientToModuleTotalTime": 7488.0,
    "ClientToModulePercentualError": 0.9907373101148573,
    "ResilienceModuleToExternalTotalSuccessTime": 5371.0,
    "ResilienceModuleToExternalTotalErrorTime": 1251.0,
    "ResilienceModuleToExternalTotalTime": 6580.0,
    "ResilienceModuleToExternalAverageTimePerRequest": 214.84
  },
  {
    "ClientToModuleTotalTime": 3861.0,
    "ClientToModulePercentualError": 0.9090909090909091,
    "ResilienceModuleToExternalTotalSuccessTime": 2894.0,
    "ResilienceModuleToExternalTotalErrorTime": 405.0,
    "ResilienceModuleToExternalTotalTime": 3238.0,
    "ResilienceModuleToExternalAverageTimePerRequest": 115.76
  },
  {
    "ClientToModuleTotalTime": 3607.0,
    "ClientToModulePercentualError": 0.8842592592592593,
    "ResilienceModuleToExternalTotalSuccessTime": 3070.0,
    "ResilienceModuleToExternalTotalErrorTime": 212.0,
    "ResilienceModuleToExternalTotalTime": 3285.0,
    "ResilienceModuleToExternalAverageTimePerRequest": 122.8
  },
  {
    "ClientToModuleTotalTime": 4123.0,
    "ClientToModulePercentualError": 0.9216300940438872,
    "ResilienceModuleToExternalTotalSuccessTime": 2738.0,
    "ResilienceModuleToExternalTotalErrorTime": 560.0,
    "ResilienceModuleToExternalTotalTime": 3317.0,
    "ResilienceModuleToExternalAverageTimePerRequest": 109.52
  },
  {
    "ClientToModuleTotalTime": 3659.0,
    "ClientToModulePercentualError": 0.8983739837398373,
    "ResilienceModuleToExternalTotalSuccessTime": 2834.0,
    "ResilienceModuleToExternalTotalErrorTime": 409.0,
    "ResilienceModuleToExternalTotalTime": 3207.0,
    "ResilienceModuleToExternalAverageTimePerRequest": 113.36
  }
]
