[
  {
    "ClientToModuleTotalTime": 8028.5,
    "ClientToModulePercentualError": 0.9505795931735503,
    "ResilienceModuleToExternalTotalSuccessTime": 6587.0,
    "ResilienceModuleToExternalTotalErrorTime": 842.5,
    "ResilienceModuleToExternalTotalTime": 7508.5,
    "ResilienceModuleToExternalAverageTimePerRequest": 263.48
  },
  {
    "ClientToModuleTotalTime": 7428.0,
    "ClientToModulePercentualError": 0.8915273699269634,
    "ResilienceModuleToExternalTotalSuccessTime": 6526.5,
    "ResilienceModuleToExternalTotalErrorTime": 388.0,
    "ResilienceModuleToExternalTotalTime": 6865.0,
    "ResilienceModuleToExternalAverageTimePerRequest": 261.06
  },
  {
    "ClientToModuleTotalTime": 7295.0,
    "ClientToModulePercentualError": 0.8898283743995041,
    "ResilienceModuleToExternalTotalSuccessTime": 6112.5,
    "ResilienceModuleToExternalTotalErrorTime": 709.0,
    "ResilienceModuleToExternalTotalTime": 6724.0,
    "ResilienceModuleToExternalAverageTimePerRequest": 244.5
  },
  {
    "ClientToModuleTotalTime": 7798.5,
    "ClientToModulePercentualError": 0.9087396749267254,
    "ResilienceModuleToExternalTotalSuccessTime": 6238.5,
    "ResilienceModuleToExternalTotalErrorTime": 899.0,
    "ResilienceModuleToExternalTotalTime": 7162.5,
    "ResilienceModuleToExternalAverageTimePerRequest": 249.54000000000002
  },
  {
    "ClientToModuleTotalTime": 7476.0,
    "ClientToModulePercentualError": 0.9219479458450046,
    "ResilienceModuleToExternalTotalSuccessTime": 6184.0,
    "ResilienceModuleToExternalTotalErrorTime": 638.0,
    "ResilienceModuleToExternalTotalTime": 6778.0,
    "ResilienceModuleToExternalAverageTimePerRequest": 247.36
  }
]
