[
  {
    "ClientToModuleTotalTime": 22030.5,
    "ClientToModulePercentualError": 0.9267921454296004,
    "ResilienceModuleToExternalTotalSuccessTime": 11568.5,
    "ResilienceModuleToExternalTotalErrorTime": 7860.5,
    "ResilienceModuleToExternalTotalTime": 19089.0,
    "ResilienceModuleToExternalAverageTimePerRequest": 462.74
  },
  {
    "ClientToModuleTotalTime": 21736.5,
    "ClientToModulePercentualError": 0.9199981567575317,
    "ResilienceModuleToExternalTotalSuccessTime": 12428.5,
    "ResilienceModuleToExternalTotalErrorTime": 6419.5,
    "ResilienceModuleToExternalTotalTime": 18932.5,
    "ResilienceModuleToExternalAverageTimePerRequest": 497.14
  },
  {
    "ClientToModuleTotalTime": 22534.5,
    "ClientToModulePercentualError": 0.9137838769904032,
    "ResilienceModuleToExternalTotalSuccessTime": 11253.0,
    "ResilienceModuleToExternalTotalErrorTime": 7693.5,
    "ResilienceModuleToExternalTotalTime": 18972.0,
    "ResilienceModuleToExternalAverageTimePerRequest": 450.12
  },
  {
    "ClientToModuleTotalTime": 21319.0,
    "ClientToModulePercentualError": 0.9156827281827282,
    "ResilienceModuleToExternalTotalSuccessTime": 10078.5,
    "ResilienceModuleToExternalTotalErrorTime": 7395.5,
    "ResilienceModuleToExternalTotalTime": 17445.5,
    "ResilienceModuleToExternalAverageTimePerRequest": 403.14
  },
  {
    "ClientToModuleTotalTime": 21269.0,
    "ClientToModulePercentualError": 0.9199981567575317,
    "ResilienceModuleToExternalTotalSuccessTime": 10809.5,
    "ResilienceModuleToExternalTotalErrorTime": 7171.0,
    "ResilienceModuleToExternalTotalTime": 17721.0,
    "ResilienceModuleToExternalAverageTimePerRequest": 432.38
  }
]
