[
  {
    "ClientToModuleTotalTime": 1018.0,
    "ClientToModulePercentualError": 0.9971903798606429,
    "ResilienceModuleToExternalTotalSuccessTime": 152.0,
    "ResilienceModuleToExternalTotalErrorTime": 68.0,
    "ResilienceModuleToExternalTotalTime": 220.0,
    "ResilienceModuleToExternalAverageTimePerRequest": 6.08
  },
  {
    "ClientToModuleTotalTime": 1992.0,
    "ClientToModulePercentualError": 0.9987235780659655,
    "ResilienceModuleToExternalTotalSuccessTime": 159.0,
    "ResilienceModuleToExternalTotalErrorTime": 113.0,
    "ResilienceModuleToExternalTotalTime": 272.0,
    "ResilienceModuleToExternalAverageTimePerRequest": 6.36
  },
  {
    "ClientToModuleTotalTime": 1408.0,
    "ClientToModulePercentualError": 0.9980345911949685,
    "ResilienceModuleToExternalTotalSuccessTime": 188.0,
    "ResilienceModuleToExternalTotalErrorTime": 98.0,
    "ResilienceModuleToExternalTotalTime": 286.0,
    "ResilienceModuleToExternalAverageTimePerRequest": 7.52
  },
  {
    "ClientToModuleTotalTime": 1220.0,
    "ClientToModulePercentualError": 0.9976800296956199,
    "ResilienceModuleToExternalTotalSuccessTime": 171.0,
    "ResilienceModuleToExternalTotalErrorTime": 89.0,
    "ResilienceModuleToExternalTotalTime": 260.0,
    "ResilienceModuleToExternalAverageTimePerRequest": 6.84
  },
  {
    "ClientToModuleTotalTime": 1180.0,
    "ClientToModulePercentualError": 0.9975889671135114,
    "ResilienceModuleToExternalTotalSuccessTime": 182.0,
    "ResilienceModuleToExternalTotalErrorTime": 53.0,
    "ResilienceModuleToExternalTotalTime": 235.0,
    "ResilienceModuleToExternalAverageTimePerRequest": 7.28
  }
]
