[
  {
    "ClientToModuleTotalTime": 11986.0,
    "ClientToModulePercentualError": 0.9942844078646548,
    "ResilienceModuleToExternalTotalSuccessTime": 5525.0,
    "ResilienceModuleToExternalTotalErrorTime": 5351.0,
    "ResilienceModuleToExternalTotalTime": 10568.0,
    "ResilienceModuleToExternalAverageTimePerRequest": 221.0
  },
  {
    "ClientToModuleTotalTime": 6598.0,
    "ClientToModulePercentualError": 0.9502982107355865,
    "ResilienceModuleToExternalTotalSuccessTime": 2430.0,
    "ResilienceModuleToExternalTotalErrorTime": 1875.0,
    "ResilienceModuleToExternalTotalTime": 4425.0,
    "ResilienceModuleToExternalAverageTimePerRequest": 97.2
  },
  {
    "ClientToModuleTotalTime": 5508.0,
    "ClientToModulePercentualError": 0.9358974358974359,
    "ResilienceModuleToExternalTotalSuccessTime": 2118.0,
    "ResilienceModuleToExternalTotalErrorTime": 1479.0,
    "ResilienceModuleToExternalTotalTime": 3536.0,
    "ResilienceModuleToExternalAverageTimePerRequest": 84.72
  },
  {
    "ClientToModuleTotalTime": 5922.0,
    "ClientToModulePercentualError": 0.9504950495049505,
    "ResilienceModuleToExternalTotalSuccessTime": 2286.0,
    "ResilienceModuleToExternalTotalErrorTime": 1679.0,
    "ResilienceModuleToExternalTotalTime": 3943.0,
    "ResilienceModuleToExternalAverageTimePerRequest": 91.44
  },
  {
    "ClientToModuleTotalTime": 5537.0,
    "ClientToModulePercentualError": 0.9443207126948775,
    "ResilienceModuleToExternalTotalSuccessTime": 2429.0,
    "ResilienceModuleToExternalTotalErrorTime": 1407.0,
    "ResilienceModuleToExternalTotalTime": 3870.0,
    "ResilienceModuleToExternalAverageTimePerRequest": 97.16
  }
]
