[
  {
    "ClientToModuleTotalTime": 13007.5,
    "ClientToModulePercentualError": 0.9697879791571741,
    "ResilienceModuleToExternalTotalSuccessTime": 6803.0,
    "ResilienceModuleToExternalTotalErrorTime": 4963.5,
    "ResilienceModuleToExternalTotalTime": 11736.0,
    "ResilienceModuleToExternalAverageTimePerRequest": 272.12
  },
  {
    "ClientToModuleTotalTime": 10403.0,
    "ClientToModulePercentualError": 0.920484425566343,
    "ResilienceModuleToExternalTotalSuccessTime": 4855.5,
    "ResilienceModuleToExternalTotalErrorTime": 3237.5,
    "ResilienceModuleToExternalTotalTime": 8089.5,
    "ResilienceModuleToExternalAverageTimePerRequest": 194.22
  },
  {
    "ClientToModuleTotalTime": 10781.0,
    "ClientToModulePercentualError": 0.9373417840788457,
    "ResilienceModuleToExternalTotalSuccessTime": 4633.0,
    "ResilienceModuleToExternalTotalErrorTime": 3256.0,
    "ResilienceModuleToExternalTotalTime": 7966.0,
    "ResilienceModuleToExternalAverageTimePerRequest": 185.32
  },
  {
    "ClientToModuleTotalTime": 10210.5,
    "ClientToModulePercentualError": 0.9222132034632035,
    "ResilienceModuleToExternalTotalSuccessTime": 4677.0,
    "ResilienceModuleToExternalTotalErrorTime": 2862.5,
    "ResilienceModuleToExternalTotalTime": 7396.0,
    "ResilienceModuleToExternalAverageTimePerRequest": 187.07999999999998
  },
  {
    "ClientToModuleTotalTime": 10335.5,
    "ClientToModulePercentualError": 0.9170792079207921,
    "ResilienceModuleToExternalTotalSuccessTime": 5256.0,
    "ResilienceModuleToExternalTotalErrorTime": 2561.0,
    "ResilienceModuleToExternalTotalTime": 7603.0,
    "ResilienceModuleToExternalAverageTimePerRequest": 210.24
  }
]
