[
  {
    "ClientToModuleTotalTime": 3528.5,
    "ClientToModulePercentualError": 0.0,
    "ResilienceModuleToExternalTotalSuccessTime": 3680.5,
    "ResilienceModuleToExternalTotalErrorTime": 0.0,
    "ResilienceModuleToExternalTotalTime": 3680.5,
    "ResilienceModuleToExternalAverageTimePerRequest": 147.22
  },
  {
    "ClientToModuleTotalTime": 3860.0,
    "ClientToModulePercentualError": 0.0,
    "ResilienceModuleToExternalTotalSuccessTime": 4003.0,
    "ResilienceModuleToExternalTotalErrorTime": 0.0,
    "ResilienceModuleToExternalTotalTime": 4003.0,
    "ResilienceModuleToExternalAverageTimePerRequest": 160.12
  },
  {
    "ClientToModuleTotalTime": 3688.0,
    "ClientToModulePercentualError": 0.0,
    "ResilienceModuleToExternalTotalSuccessTime": 3915.0,
    "ResilienceModuleToExternalTotalErrorTime": 0.0,
    "ResilienceModuleToExternalTotalTime": 3915.0,
    "ResilienceModuleToExternalAverageTimePerRequest": 156.60000000000002
  },
  {
    "ClientToModuleTotalTime": 4564.5,
    "ClientToModulePercentualError": 0.0,
    "ResilienceModuleToExternalTotalSuccessTime": 4771.0,
    "ResilienceModuleToExternalTotalErrorTime": 0.0,
    "ResilienceModuleToExternalTotalTime": 4771.0,
    "ResilienceModuleToExternalAverageTimePerRequest": 190.84
  },
  {
    "ClientToModuleTotalTime": 4638.5,
    "ClientToModulePercentualError": 0.0,
    "ResilienceModuleToExternalTotalSuccessTime": 4853.0,
    "ResilienceModuleToExternalTotalErrorTime": 0.0,
    "ResilienceModuleToExternalTotalTime": 4853.0,
    "ResilienceModuleToExternalAverageTimePerRequest": 194.12
  },
  {
    "ClientToModuleTotalTime": 3459.0,
    "ClientToModulePercentualError": 0.0,
    "ResilienceModuleToExternalTotalSuccessTime": 3621.5,
    "ResilienceModuleToExternalTotalErrorTime": 0.0,
    "ResilienceModuleToExternalTotalTime": 3621.5,
    "ResilienceModuleToExternalAverageTimePerRequest": 144.86
  },
  {
    "ClientToModuleTotalTime": 3671.5,
    "ClientToModulePercentualError": 0.0,
    "ResilienceModuleToExternalTotalSuccessTime": 3843.5,
    "ResilienceModuleToExternalTotalErrorTime": 0.0,
    "ResilienceModuleToExternalTotalTime": 3843.5,
    "ResilienceModuleToExternalAverageTimePerRequest": 153.74
  },
  {
    "ClientToModuleTotalTime": 3253.5,
    "ClientToModulePercentualError": 0.0,
    "ResilienceModuleToExternalTotalSuccessTime": 3431.0,
    "ResilienceModuleToExternalTotalErrorTime": 0.0,
    "ResilienceModuleToExternalTotalTime": 3431.0,
    "ResilienceModuleToExternalAverageTimePerRequest": 137.24
  },
  {
    "ClientToModuleTotalTime": 5328.0,
    "ClientToModulePercentualError": 0.0,
    "ResilienceModuleToExternalTotalSuccessTime": 5560.5,
    "ResilienceModuleToExternalTotalErrorTime": 0.0,
    "ResilienceModuleToExternalTotalTime": 5560.5,
    "ResilienceModuleToExternalAverageTimePerRequest": 222.42000000000002
  },
  {
    "ClientToModuleTotalTime": 3668.0,
    "ClientToModulePercentualError": 0.0,
    "ResilienceModuleToExternalTotalSuccessTime": 3844.0,
    "ResilienceModuleToExternalTotalErrorTime": 0.0,
    "ResilienceModuleToExternalTotalTime": 3844.0,
    "ResilienceModuleToExternalAverageTimePerRequest": 153.76
  }
]
