[
  {
    "ClientToModuleTotalTime": 14968.5,
    "ClientToModulePercentualError": 0.6898782343987824,
    "ResilienceModuleToExternalTotalSuccessTime": 9140.0,
    "ResilienceModuleToExternalTotalErrorTime": 6615.0,
    "ResilienceModuleToExternalTotalTime": 14896.5,
    "ResilienceModuleToExternalAverageTimePerRequest": 365.6
  },
  {
    "ClientToModuleTotalTime": 15623.5,
    "ClientToModulePercentualError": 0.7411622050181886,
    "ResilienceModuleToExternalTotalSuccessTime": 8863.0,
    "ResilienceModuleToExternalTotalErrorTime": 6178.0,
    "ResilienceModuleToExternalTotalTime": 15219.0,
    "ResilienceModuleToExternalAverageTimePerRequest": 354.52
  },
  {
    "ClientToModuleTotalTime": 16108.5,
    "ClientToModulePercentualError": 0.6599264705882353,
    "ResilienceModuleToExternalTotalSuccessTime": 9506.0,
    "ResilienceModuleToExternalTotalErrorTime": 7048.0,
    "ResilienceModuleToExternalTotalTime": 16055.0,
    "ResilienceModuleToExternalAverageTimePerRequest": 380.24
  },
  {
    "ClientToModuleTotalTime": 15507.0,
    "ClientToModulePercentualError": 0.6212121212121212,
    "ResilienceModuleToExternalTotalSuccessTime": 9360.5,
    "ResilienceModuleToExternalTotalErrorTime": 5504.5,
    "ResilienceModuleToExternalTotalTime": 14552.5,
    "ResilienceModuleToExternalAverageTimePerRequest": 374.41999999999996
  },
  {
    "ClientToModuleTotalTime": 15616.0,
    "ClientToModulePercentualError": 0.6182983682983683,
    "ResilienceModuleToExternalTotalSuccessTime": 8911.0,
    "ResilienceModuleToExternalTotalErrorTime": 6088.5,
    "ResilienceModuleToExternalTotalTime": 15190.0,
    "ResilienceModuleToExternalAverageTimePerRequest": 356.44
  }
]
