[
  {
    "ClientToModuleTotalTime": 699.0,
    "ClientToModulePercentualError": 0.7716112012987013,
    "ResilienceModuleToExternalTotalSuccessTime": 147.5,
    "ResilienceModuleToExternalTotalErrorTime": 73.0,
    "ResilienceModuleToExternalTotalTime": 220.5,
    "ResilienceModuleToExternalAverageTimePerRequest": 5.9
  },
  {
    "ClientToModuleTotalTime": 359.5,
    "ClientToModulePercentualError": 0.7736082867310625,
    "ResilienceModuleToExternalTotalSuccessTime": 148.0,
    "ResilienceModuleToExternalTotalErrorTime": 52.5,
    "ResilienceModuleToExternalTotalTime": 200.5,
    "ResilienceModuleToExternalAverageTimePerRequest": 5.92
  },
  {
    "ClientToModuleTotalTime": 1664.5,
    "ClientToModulePercentualError": 0.7496386656645662,
    "ResilienceModuleToExternalTotalSuccessTime": 154.5,
    "ResilienceModuleToExternalTotalErrorTime": 109.0,
    "ResilienceModuleToExternalTotalTime": 263.5,
    "ResilienceModuleToExternalAverageTimePerRequest": 6.18
  },
  {
    "ClientToModuleTotalTime": 998.5,
    "ClientToModulePercentualError": 0.7333919858968084,
    "ResilienceModuleToExternalTotalSuccessTime": 143.5,
    "ResilienceModuleToExternalTotalErrorTime": 78.0,
    "ResilienceModuleToExternalTotalTime": 221.5,
    "ResilienceModuleToExternalAverageTimePerRequest": 5.74
  },
  {
    "ClientToModuleTotalTime": 477.0,
    "ClientToModulePercentualError": 0.7931481800844018,
    "ResilienceModuleToExternalTotalSuccessTime": 150.0,
    "ResilienceModuleToExternalTotalErrorTime": 62.5,
    "ResilienceModuleToExternalTotalTime": 212.5,
    "ResilienceModuleToExternalAverageTimePerRequest": 6.0
  }
]
