[
  {
    "ClientToModuleTotalTime": 4081.0,
    "ClientToModulePercentualError": 0.7320318972659486,
    "ResilienceModuleToExternalTotalSuccessTime": 2269.0,
    "ResilienceModuleToExternalTotalErrorTime": 1350.5,
    "ResilienceModuleToExternalTotalTime": 3528.5,
    "ResilienceModuleToExternalAverageTimePerRequest": 90.75999999999999
  },
  {
    "ClientToModuleTotalTime": 3610.0,
    "ClientToModulePercentualError": 0.7100360576923077,
    "ResilienceModuleToExternalTotalSuccessTime": 2213.0,
    "ResilienceModuleToExternalTotalErrorTime": 1066.0,
    "ResilienceModuleToExternalTotalTime": 3200.5,
    "ResilienceModuleToExternalAverageTimePerRequest": 88.52
  },
  {
    "ClientToModuleTotalTime": 4104.0,
    "ClientToModulePercentualError": 0.7320350241545893,
    "ResilienceModuleToExternalTotalSuccessTime": 2369.5,
    "ResilienceModuleToExternalTotalErrorTime": 1338.5,
    "ResilienceModuleToExternalTotalTime": 3674.0,
    "ResilienceModuleToExternalAverageTimePerRequest": 94.78
  },
  {
    "ClientToModuleTotalTime": 3953.0,
    "ClientToModulePercentualError": 0.7384884884884885,
    "ResilienceModuleToExternalTotalSuccessTime": 2041.5,
    "ResilienceModuleToExternalTotalErrorTime": 1405.0,
    "ResilienceModuleToExternalTotalTime": 3402.5,
    "ResilienceModuleToExternalAverageTimePerRequest": 81.66
  },
  {
    "ClientToModuleTotalTime": 3776.5,
    "ClientToModulePercentualError": 0.6427842416819759,
    "ResilienceModuleToExternalTotalSuccessTime": 2086.0,
    "ResilienceModuleToExternalTotalErrorTime": 1154.5,
    "ResilienceModuleToExternalTotalTime": 3289.5,
    "ResilienceModuleToExternalAverageTimePerRequest": 83.44
  }
]
