[
  {
    "ClientToModuleTotalTime": 8766.5,
    "ClientToModulePercentualError": 0.7682291666666666,
    "ResilienceModuleToExternalTotalSuccessTime": 4964.0,
    "ResilienceModuleToExternalTotalErrorTime": 3363.5,
    "ResilienceModuleToExternalTotalTime": 8187.5,
    "ResilienceModuleToExternalAverageTimePerRequest": 198.56
  },
  {
    "ClientToModuleTotalTime": 7960.0,
    "ClientToModulePercentualError": 0.7108091024020228,
    "ResilienceModuleToExternalTotalSuccessTime": 4382.5,
    "ResilienceModuleToExternalTotalErrorTime": 3209.5,
    "ResilienceModuleToExternalTotalTime": 7553.5,
    "ResilienceModuleToExternalAverageTimePerRequest": 175.3
  },
  {
    "ClientToModuleTotalTime": 8063.5,
    "ClientToModulePercentualError": 0.623015873015873,
    "ResilienceModuleToExternalTotalSuccessTime": 4683.5,
    "ResilienceModuleToExternalTotalErrorTime": 3007.0,
    "ResilienceModuleToExternalTotalTime": 7763.5,
    "ResilienceModuleToExternalAverageTimePerRequest": 187.34
  },
  {
    "ClientToModuleTotalTime": 8080.0,
    "ClientToModulePercentualError": 0.6997964721845319,
    "ResilienceModuleToExternalTotalSuccessTime": 4584.5,
    "ResilienceModuleToExternalTotalErrorTime": 3007.0,
    "ResilienceModuleToExternalTotalTime": 7382.5,
    "ResilienceModuleToExternalAverageTimePerRequest": 183.38
  },
  {
    "ClientToModuleTotalTime": 7521.5,
    "ClientToModulePercentualError": 0.7028474399164054,
    "ResilienceModuleToExternalTotalSuccessTime": 4654.0,
    "ResilienceModuleToExternalTotalErrorTime": 2474.0,
    "ResilienceModuleToExternalTotalTime": 7217.0,
    "ResilienceModuleToExternalAverageTimePerRequest": 186.16
  }
]
