[
  {
    "ClientToModuleTotalTime": 5403.5,
    "ClientToModulePercentualError": 0.0,
    "ResilienceModuleToExternalTotalSuccessTime": 5402.5,
    "ResilienceModuleToExternalTotalErrorTime": 0.0,
    "ResilienceModuleToExternalTotalTime": 5402.5,
    "ResilienceModuleToExternalAverageTimePerRequest": 216.10000000000002
  },
  {
    "ClientToModuleTotalTime": 5562.0,
    "ClientToModulePercentualError": 0.0,
    "ResilienceModuleToExternalTotalSuccessTime": 5561.0,
    "ResilienceModuleToExternalTotalErrorTime": 0.0,
    "ResilienceModuleToExternalTotalTime": 5561.0,
    "ResilienceModuleToExternalAverageTimePerRequest": 222.44
  },
  {
    "ClientToModuleTotalTime": 6395.0,
    "ClientToModulePercentualError": 0.0,
    "ResilienceModuleToExternalTotalSuccessTime": 6395.0,
    "ResilienceModuleToExternalTotalErrorTime": 0.0,
    "ResilienceModuleToExternalTotalTime": 6395.0,
    "ResilienceModuleToExternalAverageTimePerRequest": 255.8
  },
  {
    "ClientToModuleTotalTime": 8195.0,
    "ClientToModulePercentualError": 0.0,
    "ResilienceModuleToExternalTotalSuccessTime": 8194.5,
    "ResilienceModuleToExternalTotalErrorTime": 0.0,
    "ResilienceModuleToExternalTotalTime": 8194.5,
    "ResilienceModuleToExternalAverageTimePerRequest": 327.78
  },
  {
    "ClientToModuleTotalTime": 8308.0,
    "ClientToModulePercentualError": 0.0,
    "ResilienceModuleToExternalTotalSuccessTime": 8308.0,
    "ResilienceModuleToExternalTotalErrorTime": 0.0,
    "ResilienceModuleToExternalTotalTime": 8308.0,
    "ResilienceModuleToExternalAverageTimePerRequest": 332.32
  },
  {
    "ClientToModuleTotalTime": 7702.5,
    "ClientToModulePercentualError": 0.0,
    "ResilienceModuleToExternalTotalSuccessTime": 7699.0,
    "ResilienceModuleToExternalTotalErrorTime": 0.0,
    "ResilienceModuleToExternalTotalTime": 7699.0,
    "ResilienceModuleToExternalAverageTimePerRequest": 307.96
  },
  {
    "ClientToModuleTotalTime": 8380.5,
    "ClientToModulePercentualError": 0.0,
    "ResilienceModuleToExternalTotalSuccessTime": 8380.5,
    "ResilienceModuleToExternalTotalErrorTime": 0.0,
    "ResilienceModuleToExternalTotalTime": 8380.5,
    "ResilienceModuleToExternalAverageTimePerRequest": 335.22
  },
  {
    "ClientToModuleTotalTime": 8091.5,
    "ClientToModulePercentualError": 0.0,
    "ResilienceModuleToExternalTotalSuccessTime": 8091.5,
    "ResilienceModuleToExternalTotalErrorTime": 0.0,
    "ResilienceModuleToExternalTotalTime": 8091.5,
    "ResilienceModuleToExternalAverageTimePerRequest": 323.66
  },
  {
    "ClientToModuleTotalTime": 9598.0,
    "ClientToModulePercentualError": 0.0,
    "ResilienceModuleToExternalTotalSuccessTime": 9596.0,
    "ResilienceModuleToExternalTotalErrorTime": 0.0,
    "ResilienceModuleToExternalTotalTime": 9596.0,
    "ResilienceModuleToExternalAverageTimePerRequest": 383.84000000000003
  },
  {
    "ClientToModuleTotalTime": 8494.0,
    "ClientToModulePercentualError": 0.0,
    "ResilienceModuleToExternalTotalSuccessTime": 8494.0,
    "ResilienceModuleToExternalTotalErrorTime": 0.0,
    "ResilienceModuleToExternalTotalTime": 8494.0,
    "ResilienceModuleToExternalAverageTimePerRequest": 339.76
  }
]
