[
  {
    "ClientToModuleTotalTime": 1537.0,
    "ClientToModulePercentualError": 0.0,
    "ResilienceModuleToExternalTotalSuccessTime": 1535.5,
    "ResilienceModuleToExternalTotalErrorTime": 0.0,
    "ResilienceModuleToExternalTotalTime": 1535.5,
    "ResilienceModuleToExternalAverageTimePerRequest": 61.42
  },
  {
    "ClientToModuleTotalTime": 1643.0,
    "ClientToModulePercentualError": 0.0,
    "ResilienceModuleToExternalTotalSuccessTime": 1640.0,
    "ResilienceModuleToExternalTotalErrorTime": 0.0,
    "ResilienceModuleToExternalTotalTime": 1640.0,
    "ResilienceModuleToExternalAverageTimePerRequest": 65.6
  },
  {
    "ClientToModuleTotalTime": 2320.5,
    "ClientToModulePercentualError": 0.0,
    "ResilienceModuleToExternalTotalSuccessTime": 2318.5,
    "ResilienceModuleToExternalTotalErrorTime": 0.0,
    "ResilienceModuleToExternalTotalTime": 2318.5,
    "ResilienceModuleToExternalAverageTimePerRequest": 92.74000000000001
  },
  {
    "ClientToModuleTotalTime": 2228.5,
    "ClientToModulePercentualError": 0.0,
    "ResilienceModuleToExternalTotalSuccessTime": 2225.0,
    "ResilienceModuleToExternalTotalErrorTime": 0.0,
    "ResilienceModuleToExternalTotalTime": 2225.0,
    "ResilienceModuleToExternalAverageTimePerRequest": 89.0
  },
  {
    "ClientToModuleTotalTime": 2234.0,
    "ClientToModulePercentualError": 0.0,
    "ResilienceModuleToExternalTotalSuccessTime": 2232.0,
    "ResilienceModuleToExternalTotalErrorTime": 0.0,
    "ResilienceModuleToExternalTotalTime": 2232.0,
    "ResilienceModuleToExternalAverageTimePerRequest": 89.28
  },
  {
    "ClientToModuleTotalTime": 2258.5,
    "ClientToModulePercentualError": 0.0,
    "ResilienceModuleToExternalTotalSuccessTime": 2256.0,
    "ResilienceModuleToExternalTotalErrorTime": 0.0,
    "ResilienceModuleToExternalTotalTime": 2256.0,
    "ResilienceModuleToExternalAverageTimePerRequest": 90.24000000000001
  },
  {
    "ClientToModuleTotalTime": 2238.0,
    "ClientToModulePercentualError": 0.0,
    "ResilienceModuleToExternalTotalSuccessTime": 2238.0,
    "ResilienceModuleToExternalTotalErrorTime": 0.0,
    "ResilienceModuleToExternalTotalTime": 2238.0,
    "ResilienceModuleToExternalAverageTimePerRequest": 89.52
  },
  {
    "ClientToModuleTotalTime": 2363.5,
    "ClientToModulePercentualError": 0.0,
    "ResilienceModuleToExternalTotalSuccessTime": 2362.0,
    "ResilienceModuleToExternalTotalErrorTime": 0.0,
    "ResilienceModuleToExternalTotalTime": 2362.0,
    "ResilienceModuleToExternalAverageTimePerRequest": 94.48
  },
  {
    "ClientToModuleTotalTime": 2282.5,
    "ClientToModulePercentualError": 0.0,
    "ResilienceModuleToExternalTotalSuccessTime": 2281.0,
    "ResilienceModuleToExternalTotalErrorTime": 0.0,
    "ResilienceModuleToExternalTotalTime": 2281.0,
    "ResilienceModuleToExternalAverageTimePerRequest": 91.24000000000001
  },
  {
    "ClientToModuleTotalTime": 2428.5,
    "ClientToModulePercentualError": 0.0,
    "ResilienceModuleToExternalTotalSuccessTime": 2425.5,
    "ResilienceModuleToExternalTotalErrorTime": 0.0,
    "ResilienceModuleToExternalTotalTime": 2425.5,
    "ResilienceModuleToExternalAverageTimePerRequest": 97.02000000000001
  }
]
