[
  {
    "ClientToModuleTotalTime": 2970.5,
    "ClientToModulePercentualError": 0.0,
    "ResilienceModuleToExternalTotalSuccessTime": 2970.5,
    "ResilienceModuleToExternalTotalErrorTime": 0.0,
    "ResilienceModuleToExternalTotalTime": 2970.5,
    "ResilienceModuleToExternalAverageTimePerRequest": 118.82
  },
  {
    "ClientToModuleTotalTime": 3742.0,
    "ClientToModulePercentualError": 0.0,
    "ResilienceModuleToExternalTotalSuccessTime": 3740.0,
    "ResilienceModuleToExternalTotalErrorTime": 0.0,
    "ResilienceModuleToExternalTotalTime": 3740.0,
    "ResilienceModuleToExternalAverageTimePerRequest": 149.60000000000002
  },
  {
    "ClientToModuleTotalTime": 4555.0,
    "ClientToModulePercentualError": 0.0,
    "ResilienceModuleToExternalTotalSuccessTime": 4554.0,
    "ResilienceModuleToExternalTotalErrorTime": 0.0,
    "ResilienceModuleToExternalTotalTime": 4554.0,
    "ResilienceModuleToExternalAverageTimePerRequest": 182.16
  },
  {
    "ClientToModuleTotalTime": 4719.0,
    "ClientToModulePercentualError": 0.0,
    "ResilienceModuleToExternalTotalSuccessTime": 4717.0,
    "ResilienceModuleToExternalTotalErrorTime": 0.0,
    "ResilienceModuleToExternalTotalTime": 4717.0,
    "ResilienceModuleToExternalAverageTimePerRequest": 188.68
  },
  {
    "ClientToModuleTotalTime": 4599.0,
    "ClientToModulePercentualError": 0.0,
    "ResilienceModuleToExternalTotalSuccessTime": 4598.5,
    "ResilienceModuleToExternalTotalErrorTime": 0.0,
    "ResilienceModuleToExternalTotalTime": 4598.5,
    "ResilienceModuleToExternalAverageTimePerRequest": 183.94
  },
  {
    "ClientToModuleTotalTime": 4537.0,
    "ClientToModulePercentualError": 0.0,
    "ResilienceModuleToExternalTotalSuccessTime": 4535.5,
    "ResilienceModuleToExternalTotalErrorTime": 0.0,
    "ResilienceModuleToExternalTotalTime": 4535.5,
    "ResilienceModuleToExternalAverageTimePerRequest": 181.42000000000002
  },
  {
    "ClientToModuleTotalTime": 4498.0,
    "ClientToModulePercentualError": 0.0,
    "ResilienceModuleToExternalTotalSuccessTime": 4496.0,
    "ResilienceModuleToExternalTotalErrorTime": 0.0,
    "ResilienceModuleToExternalTotalTime": 4496.0,
    "ResilienceModuleToExternalAverageTimePerRequest": 179.84
  },
  {
    "ClientToModuleTotalTime": 4583.5,
    "ClientToModulePercentualError": 0.0,
    "ResilienceModuleToExternalTotalSuccessTime": 4580.5,
    "ResilienceModuleToExternalTotalErrorTime": 0.0,
    "ResilienceModuleToExternalTotalTime": 4580.5,
    "ResilienceModuleToExternalAverageTimePerRequest": 183.22
  },
  {
    "ClientToModuleTotalTime": 4393.0,
    "ClientToModulePercentualError": 0.0,
    "ResilienceModuleToExternalTotalSuccessTime": 4390.5,
    "ResilienceModuleToExternalTotalErrorTime": 0.0,
    "ResilienceModuleToExternalTotalTime": 4390.5,
    "ResilienceModuleToExternalAverageTimePerRequest": 175.62
  },
  {
    "ClientToModuleTotalTime": 4789.0,
    "ClientToModulePercentualError": 0.0,
    "ResilienceModuleToExternalTotalSuccessTime": 4787.5,
    "ResilienceModuleToExternalTotalErrorTime": 0.0,
    "ResilienceModuleToExternalTotalTime": 4787.5,
    "ResilienceModuleToExternalAverageTimePerRequest": 191.5
  }
]
