[
  {
    "ClientToModuleTotalTime": 7617.5,
    "ClientToModulePercentualError": 0.0,
    "ResilienceModuleToExternalTotalSuccessTime": 7762.5,
    "ResilienceModuleToExternalTotalErrorTime": 0.0,
    "ResilienceModuleToExternalTotalTime": 7762.5,
    "ResilienceModuleToExternalAverageTimePerRequest": 310.5
  },
  {
    "ClientToModuleTotalTime": 8107.0,
    "ClientToModulePercentualError": 0.0,
    "ResilienceModuleToExternalTotalSuccessTime": 8196.0,
    "ResilienceModuleToExternalTotalErrorTime": 0.0,
    "ResilienceModuleToExternalTotalTime": 8196.0,
    "ResilienceModuleToExternalAverageTimePerRequest": 327.84000000000003
  },
  {
    "ClientToModuleTotalTime": 9107.5,
    "ClientToModulePercentualError": 0.0,
    "ResilienceModuleToExternalTotalSuccessTime": 9281.0,
    "ResilienceModuleToExternalTotalErrorTime": 0.0,
    "ResilienceModuleToExternalTotalTime": 9281.0,
    "ResilienceModuleToExternalAverageTimePerRequest": 371.24
  },
  {
    "ClientToModuleTotalTime": 8500.5,
    "ClientToModulePercentualError": 0.0,
    "ResilienceModuleToExternalTotalSuccessTime": 8656.0,
    "ResilienceModuleToExternalTotalErrorTime": 0.0,
    "ResilienceModuleToExternalTotalTime": 8656.0,
    "ResilienceModuleToExternalAverageTimePerRequest": 346.24
  },
  {
    "ClientToModuleTotalTime": 8263.5,
    "ClientToModulePercentualError": 0.0,
    "ResilienceModuleToExternalTotalSuccessTime": 8416.0,
    "ResilienceModuleToExternalTotalErrorTime": 0.0,
    "ResilienceModuleToExternalTotalTime": 8416.0,
    "ResilienceModuleToExternalAverageTimePerRequest": 336.64
  }
]
