[
  {
    "ClientToModuleTotalTime": 2030.0,
    "ClientToModulePercentualError": 0.0,
    "ResilienceModuleToExternalTotalSuccessTime": 2071.0,
    "ResilienceModuleToExternalTotalErrorTime": 0.0,
    "ResilienceModuleToExternalTotalTime": 2071.0,
    "ResilienceModuleToExternalAverageTimePerRequest": 82.84
  },
  {
    "ClientToModuleTotalTime": 2057.5,
    "ClientToModulePercentualError": 0.0,
    "ResilienceModuleToExternalTotalSuccessTime": 2113.5,
    "ResilienceModuleToExternalTotalErrorTime": 0.0,
    "ResilienceModuleToExternalTotalTime": 2113.5,
    "ResilienceModuleToExternalAverageTimePerRequest": 84.53999999999999
  },
  {
    "ClientToModuleTotalTime": 2005.0,
    "ClientToModulePercentualError": 0.0,
    "ResilienceModuleToExternalTotalSuccessTime": 2051.0,
    "ResilienceModuleToExternalTotalErrorTime": 0.0,
    "ResilienceModuleToExternalTotalTime": 2051.0,
    "ResilienceModuleToExternalAverageTimePerRequest": 82.03999999999999
  },
  {
    "ClientToModuleTotalTime": 2030.5,
    "ClientToModulePercentualError": 0.0,
    "ResilienceModuleToExternalTotalSuccessTime": 2082.0,
    "ResilienceModuleToExternalTotalErrorTime": 0.0,
    "ResilienceModuleToExternalTotalTime": 2082.0,
    "ResilienceModuleToExternalAverageTimePerRequest": 83.28
  },
  {
    "ClientToModuleTotalTime": 1961.0,
    "ClientToModulePercentualError": 0.0,
    "ResilienceModuleToExternalTotalSuccessTime": 2008.0,
    "ResilienceModuleToExternalTotalErrorTime": 0.0,
    "ResilienceModuleToExternalTotalTime": 2008.0,
    "ResilienceModuleToExternalAverageTimePerRequest": 80.32
  }
]
