[
  {
    "ClientToModuleTotalTime": 3812.5,
    "ClientToModulePercentualError": 0.0,
    "ResilienceModuleToExternalTotalSuccessTime": 3876.0,
    "ResilienceModuleToExternalTotalErrorTime": 0.0,
    "ResilienceModuleToExternalTotalTime": 3876.0,
    "ResilienceModuleToExternalAverageTimePerRequest": 155.04000000000002
  },
  {
    "ClientToModuleTotalTime": 4058.0,
    "ClientToModulePercentualError": 0.0,
    "ResilienceModuleToExternalTotalSuccessTime": 4140.5,
    "ResilienceModuleToExternalTotalErrorTime": 0.0,
    "ResilienceModuleToExternalTotalTime": 4140.5,
    "ResilienceModuleToExternalAverageTimePerRequest": 165.62
  },
  {
    "ClientToModuleTotalTime": 4209.0,
    "ClientToModulePercentualError": 0.0,
    "ResilienceModuleToExternalTotalSuccessTime": 4278.5,
    "ResilienceModuleToExternalTotalErrorTime": 0.0,
    "ResilienceModuleToExternalTotalTime": 4278.5,
    "ResilienceModuleToExternalAverageTimePerRequest": 171.14
  },
  {
    "ClientToModuleTotalTime": 4294.5,
    "ClientToModulePercentualError": 0.0,
    "ResilienceModuleToExternalTotalSuccessTime": 4365.5,
    "ResilienceModuleToExternalTotalErrorTime": 0.0,
    "ResilienceModuleToExternalTotalTime": 4365.5,
    "ResilienceModuleToExternalAverageTimePerRequest": 174.62
  },
  {
    "ClientToModuleTotalTime": 4132.0,
    "ClientToModulePercentualError": 0.0,
    "ResilienceModuleToExternalTotalSuccessTime": 4194.5,
    "ResilienceModuleToExternalTotalErrorTime": 0.0,
    "ResilienceModuleToExternalTotalTime": 4194.5,
    "ResilienceModuleToExternalAverageTimePerRequest": 167.78
  }
]
