[
  {
    "ClientToModuleTotalTime": 15960.5,
    "ClientToModulePercentualError": 0.647887323943662,
    "ResilienceModuleToExternalTotalSuccessTime": 10094.0,
    "ResilienceModuleToExternalTotalErrorTime": 6858.0,
    "ResilienceModuleToExternalTotalTime": 15867.0,
    "ResilienceModuleToExternalAverageTimePerRequest": 403.76
  },
  {
    "ClientToModuleTotalTime": 22374.0,
    "ClientToModulePercentualError": 0.6445139169019767,
    "ResilienceModuleToExternalTotalSuccessTime": 13841.0,
    "ResilienceModuleToExternalTotalErrorTime": 7226.0,
    "ResilienceModuleToExternalTotalTime": 20645.5,
    "ResilienceModuleToExternalAverageTimePerRequest": 553.6400000000001
  },
  {
    "ClientToModuleTotalTime": 16313.5,
    "ClientToModulePercentualError": 0.7050047470500475,
    "ResilienceModuleToExternalTotalSuccessTime": 9553.0,
    "ResilienceModuleToExternalTotalErrorTime": 6590.5,
    "ResilienceModuleToExternalTotalTime": 16188.5,
    "ResilienceModuleToExternalAverageTimePerRequest": 382.12
  },
  {
    "ClientToModuleTotalTime": 15518.5,
    "ClientToModulePercentualError": 0.6944444444444444,
    "ResilienceModuleToExternalTotalSuccessTime": 10050.0,
    "ResilienceModuleToExternalTotalErrorTime": 5843.0,
    "ResilienceModuleToExternalTotalTime": 15188.0,
    "ResilienceModuleToExternalAverageTimePerRequest": 402.0
  },
  {
    "ClientToModuleTotalTime": 15844.5,
    "ClientToModulePercentualError": 0.6932399879554351,
    "ResilienceModuleToExternalTotalSuccessTime": 9168.5,
    "ResilienceModuleToExternalTotalErrorTime": 6698.5,
    "ResilienceModuleToExternalTotalTime": 15707.0,
    "ResilienceModuleToExternalAverageTimePerRequest": 366.74
  }
]
