[
  {
    "ClientToModuleTotalTime": 633.0,
    "ClientToModulePercentualError": 0.7671072054328236,
    "ResilienceModuleToExternalTotalSuccessTime": 167.0,
    "ResilienceModuleToExternalTotalErrorTime": 66.5,
    "ResilienceModuleToExternalTotalTime": 233.5,
    "ResilienceModuleToExternalAverageTimePerRequest": 6.68
  },
  {
    "ClientToModuleTotalTime": 520.5,
    "ClientToModulePercentualError": 0.677768730215802,
    "ResilienceModuleToExternalTotalSuccessTime": 134.0,
    "ResilienceModuleToExternalTotalErrorTime": 60.0,
    "ResilienceModuleToExternalTotalTime": 194.0,
    "ResilienceModuleToExternalAverageTimePerRequest": 5.359999999999999
  },
  {
    "ClientToModuleTotalTime": 621.0,
    "ClientToModulePercentualError": 0.6861027274759669,
    "ResilienceModuleToExternalTotalSuccessTime": 157.0,
    "ResilienceModuleToExternalTotalErrorTime": 67.0,
    "ResilienceModuleToExternalTotalTime": 224.0,
    "ResilienceModuleToExternalAverageTimePerRequest": 6.279999999999999
  },
  {
    "ClientToModuleTotalTime": 543.0,
    "ClientToModulePercentualError": 0.7378077651515151,
    "ResilienceModuleToExternalTotalSuccessTime": 151.0,
    "ResilienceModuleToExternalTotalErrorTime": 68.5,
    "ResilienceModuleToExternalTotalTime": 219.5,
    "ResilienceModuleToExternalAverageTimePerRequest": 6.04
  },
  {
    "ClientToModuleTotalTime": 433.5,
    "ClientToModulePercentualError": 0.6405376030538399,
    "ResilienceModuleToExternalTotalSuccessTime": 143.0,
    "ResilienceModuleToExternalTotalErrorTime": 41.5,
    "ResilienceModuleToExternalTotalTime": 184.5,
    "ResilienceModuleToExternalAverageTimePerRequest": 5.720000000000001
  }
]
