[
  {
    "ClientToModuleTotalTime": 5079.5,
    "ClientToModulePercentualError": 0.788083538083538,
    "ResilienceModuleToExternalTotalSuccessTime": 2517.0,
    "ResilienceModuleToExternalTotalErrorTime": 2187.5,
    "ResilienceModuleToExternalTotalTime": 4785.5,
    "ResilienceModuleToExternalAverageTimePerRequest": 100.68
  },
  {
    "ClientToModuleTotalTime": 4394.5,
    "ClientToModulePercentualError": 0.7365586361933308,
    "ResilienceModuleToExternalTotalSuccessTime": 2552.0,
    "ResilienceModuleToExternalTotalErrorTime": 1384.0,
    "ResilienceModuleToExternalTotalTime": 3905.5,
    "ResilienceModuleToExternalAverageTimePerRequest": 102.08
  },
  {
    "ClientToModuleTotalTime": 3494.0,
    "ClientToModulePercentualError": 0.6204278812974464,
    "ResilienceModuleToExternalTotalSuccessTime": 2396.5,
    "ResilienceModuleToExternalTotalErrorTime": 1255.5,
    "ResilienceModuleToExternalTotalTime": 3506.5,
    "ResilienceModuleToExternalAverageTimePerRequest": 95.86
  },
  {
    "ClientToModuleTotalTime": 4368.5,
    "ClientToModulePercentualError": 0.7414911477411477,
    "ResilienceModuleToExternalTotalSuccessTime": 2560.5,
    "ResilienceModuleToExternalTotalErrorTime": 1772.0,
    "ResilienceModuleToExternalTotalTime": 4280.5,
    "ResilienceModuleToExternalAverageTimePerRequest": 102.42
  },
  {
    "ClientToModuleTotalTime": 3571.0,
    "ClientToModulePercentualError": 0.6656468531468531,
    "ResilienceModuleToExternalTotalSuccessTime": 2499.5,
    "ResilienceModuleToExternalTotalErrorTime": 1122.5,
    "ResilienceModuleToExternalTotalTime": 3539.5,
    "ResilienceModuleToExternalAverageTimePerRequest": 99.98
  }
]
