[
  {
    "ClientToModuleTotalTime": 8072.5,
    "ClientToModulePercentualError": 0.659541847041847,
    "ResilienceModuleToExternalTotalSuccessTime": 5267.5,
    "ResilienceModuleToExternalTotalErrorTime": 2706.0,
    "ResilienceModuleToExternalTotalTime": 7903.5,
    "ResilienceModuleToExternalAverageTimePerRequest": 210.7
  },
  {
    "ClientToModuleTotalTime": 7637.0,
    "ClientToModulePercentualError": 0.6509848919487473,
    "ResilienceModuleToExternalTotalSuccessTime": 4549.0,
    "ResilienceModuleToExternalTotalErrorTime": 2584.5,
    "ResilienceModuleToExternalTotalTime": 7360.0,
    "ResilienceModuleToExternalAverageTimePerRequest": 181.96
  },
  {
    "ClientToModuleTotalTime": 7832.0,
    "ClientToModulePercentualError": 0.678164713649117,
    "ResilienceModuleToExternalTotalSuccessTime": 4765.5,
    "ResilienceModuleToExternalTotalErrorTime": 2909.5,
    "ResilienceModuleToExternalTotalTime": 7582.5,
    "ResilienceModuleToExternalAverageTimePerRequest": 190.62
  },
  {
    "ClientToModuleTotalTime": 8513.0,
    "ClientToModulePercentualError": 0.6296093064091308,
    "ResilienceModuleToExternalTotalSuccessTime": 5757.5,
    "ResilienceModuleToExternalTotalErrorTime": 2877.0,
    "ResilienceModuleToExternalTotalTime": 8543.0,
    "ResilienceModuleToExternalAverageTimePerRequest": 230.3
  },
  {
    "ClientToModuleTotalTime": 7663.5,
    "ClientToModulePercentualError": 0.6085148030340103,
    "ResilienceModuleToExternalTotalSuccessTime": 4771.0,
    "ResilienceModuleToExternalTotalErrorTime": 2720.0,
    "ResilienceModuleToExternalTotalTime": 7570.5,
    "ResilienceModuleToExternalAverageTimePerRequest": 190.84
  }
]
