[
  {
    "ClientToModuleTotalTime": 16088.5,
    "ClientToModulePercentualError": 0.9029093267374517,
    "ResilienceModuleToExternalTotalSuccessTime": 14291.5,
    "ResilienceModuleToExternalTotalErrorTime": 1373.5,
    "ResilienceModuleToExternalTotalTime": 15718.0,
    "ResilienceModuleToExternalAverageTimePerRequest": 571.66
  },
  {
    "ClientToModuleTotalTime": 14501.5,
    "ClientToModulePercentualError": 0.881505941550419,
    "ResilienceModuleToExternalTotalSuccessTime": 13265.0,
    "ResilienceModuleToExternalTotalErrorTime": 880.5,
    "ResilienceModuleToExternalTotalTime": 14188.0,
    "ResilienceModuleToExternalAverageTimePerRequest": 530.5999999999999
  },
  {
    "ClientToModuleTotalTime": 15220.0,
    "ClientToModulePercentualError": 0.8815165876777251,
    "ResilienceModuleToExternalTotalSuccessTime": 14130.5,
    "ResilienceModuleToExternalTotalErrorTime": 723.0,
    "ResilienceModuleToExternalTotalTime": 14934.0,
    "ResilienceModuleToExternalAverageTimePerRequest": 565.22
  },
  {
    "ClientToModuleTotalTime": 14957.5,
    "ClientToModulePercentualError": 0.8883928571428571,
    "ResilienceModuleToExternalTotalSuccessTime": 13608.0,
    "ResilienceModuleToExternalTotalErrorTime": 973.5,
    "ResilienceModuleToExternalTotalTime": 14707.0,
    "ResilienceModuleToExternalAverageTimePerRequest": 544.3199999999999
  },
  {
    "ClientToModuleTotalTime": 14854.0,
    "ClientToModulePercentualError": 0.8951224231337509,
    "ResilienceModuleToExternalTotalSuccessTime": 13395.5,
    "ResilienceModuleToExternalTotalErrorTime": 1099.5,
    "ResilienceModuleToExternalTotalTime": 14564.5,
    "ResilienceModuleToExternalAverageTimePerRequest": 535.8199999999999
  }
]
