[
  {
    "ClientToModuleTotalTime": 280.0,
    "ClientToModulePercentualError": 0.9804839968774395,
    "ResilienceModuleToExternalTotalSuccessTime": 149.0,
    "ResilienceModuleToExternalTotalErrorTime": 8.0,
    "ResilienceModuleToExternalTotalTime": 157.0,
    "ResilienceModuleToExternalAverageTimePerRequest": 5.96
  },
  {
    "ClientToModuleTotalTime": 628.0,
    "ClientToModulePercentualError": 0.9948432343234324,
    "ResilienceModuleToExternalTotalSuccessTime": 150.0,
    "ResilienceModuleToExternalTotalErrorTime": 42.0,
    "ResilienceModuleToExternalTotalTime": 192.0,
    "ResilienceModuleToExternalAverageTimePerRequest": 6.0
  },
  {
    "ClientToModuleTotalTime": 514.0,
    "ClientToModulePercentualError": 0.9935765673175745,
    "ResilienceModuleToExternalTotalSuccessTime": 155.0,
    "ResilienceModuleToExternalTotalErrorTime": 28.0,
    "ResilienceModuleToExternalTotalTime": 183.0,
    "ResilienceModuleToExternalAverageTimePerRequest": 6.2
  },
  {
    "ClientToModuleTotalTime": 161.0,
    "ClientToModulePercentualError": 0.13793103448275862,
    "ResilienceModuleToExternalTotalSuccessTime": 130.0,
    "ResilienceModuleToExternalTotalErrorTime": 8.0,
    "ResilienceModuleToExternalTotalTime": 138.0,
    "ResilienceModuleToExternalAverageTimePerRequest": 5.2
  },
  {
    "ClientToModuleTotalTime": 397.0,
    "ClientToModulePercentualError": 0.9905374716124148,
    "ResilienceModuleToExternalTotalSuccessTime": 144.0,
    "ResilienceModuleToExternalTotalErrorTime": 21.0,
    "ResilienceModuleToExternalTotalTime": 165.0,
    "ResilienceModuleToExternalAverageTimePerRequest": 5.76
  }
]
