[
  {
    "ClientToModuleTotalTime": 4206.0,
    "ClientToModulePercentualError": 0.9423963133640553,
    "ResilienceModuleToExternalTotalSuccessTime": 3363.0,
    "ResilienceModuleToExternalTotalErrorTime": 528.0,
    "ResilienceModuleToExternalTotalTime": 3858.0,
    "ResilienceModuleToExternalAverageTimePerRequest": 134.52
  },
  {
    "ClientToModuleTotalTime": 3729.0,
    "ClientToModulePercentualError": 0.8587570621468926,
    "ResilienceModuleToExternalTotalSuccessTime": 3129.0,
    "ResilienceModuleToExternalTotalErrorTime": 423.0,
    "ResilienceModuleToExternalTotalTime": 3504.0,
    "ResilienceModuleToExternalAverageTimePerRequest": 125.16
  },
  {
    "ClientToModuleTotalTime": 3510.0,
    "ClientToModulePercentualError": 0.8983739837398373,
    "ResilienceModuleToExternalTotalSuccessTime": 3047.0,
    "ResilienceModuleToExternalTotalErrorTime": 238.0,
    "ResilienceModuleToExternalTotalTime": 3281.0,
    "ResilienceModuleToExternalAverageTimePerRequest": 121.88
  },
  {
    "ClientToModuleTotalTime": 3250.0,
    "ClientToModulePercentualError": 0.8878923766816144,
    "ResilienceModuleToExternalTotalSuccessTime": 2779.0,
    "ResilienceModuleToExternalTotalErrorTime": 271.0,
    "ResilienceModuleToExternalTotalTime": 3043.0,
    "ResilienceModuleToExternalAverageTimePerRequest": 111.16
  },
  {
    "ClientToModuleTotalTime": 3831.0,
    "ClientToModulePercentualError": 0.9299719887955182,
    "ResilienceModuleToExternalTotalSuccessTime": 2958.0,
    "ResilienceModuleToExternalTotalErrorTime": 495.0,
    "ResilienceModuleToExternalTotalTime": 3491.0,
    "ResilienceModuleToExternalAverageTimePerRequest": 118.32
  }
]
