[
  {
    "ClientToModuleTotalTime": 7773.0,
    "ClientToModulePercentualError": 0.8420811413996493,
    "ResilienceModuleToExternalTotalSuccessTime": 6682.5,
    "ResilienceModuleToExternalTotalErrorTime": 773.5,
    "ResilienceModuleToExternalTotalTime": 7483.0,
    "ResilienceModuleToExternalAverageTimePerRequest": 267.29999999999995
  },
  {
    "ClientToModuleTotalTime": 7306.0,
    "ClientToModulePercentualError": 0.8977466626518117,
    "ResilienceModuleToExternalTotalSuccessTime": 6450.5,
    "ResilienceModuleToExternalTotalErrorTime": 441.0,
    "ResilienceModuleToExternalTotalTime": 6909.0,
    "ResilienceModuleToExternalAverageTimePerRequest": 258.02
  },
  {
    "ClientToModuleTotalTime": 7135.5,
    "ClientToModulePercentualError": 0.8971175992412952,
    "ResilienceModuleToExternalTotalSuccessTime": 6332.5,
    "ResilienceModuleToExternalTotalErrorTime": 454.0,
    "ResilienceModuleToExternalTotalTime": 6796.0,
    "ResilienceModuleToExternalAverageTimePerRequest": 253.3
  },
  {
    "ClientToModuleTotalTime": 7307.5,
    "ClientToModulePercentualError": 0.9067047274246327,
    "ResilienceModuleToExternalTotalSuccessTime": 6474.5,
    "ResilienceModuleToExternalTotalErrorTime": 507.5,
    "ResilienceModuleToExternalTotalTime": 6993.5,
    "ResilienceModuleToExternalAverageTimePerRequest": 258.98
  },
  {
    "ClientToModuleTotalTime": 7659.5,
    "ClientToModulePercentualError": 0.9073756432246998,
    "ResilienceModuleToExternalTotalSuccessTime": 6283.0,
    "ResilienceModuleToExternalTotalErrorTime": 882.0,
    "ResilienceModuleToExternalTotalTime": 7206.0,
    "ResilienceModuleToExternalAverageTimePerRequest": 251.32
  }
]
