[
  {
    "ClientToModuleTotalTime": 19836.0,
    "ClientToModulePercentualError": 0.5,
    "ResilienceModuleToExternalTotalSuccessTime": 11231.5,
    "ResilienceModuleToExternalTotalErrorTime": 7788.5,
    "ResilienceModuleToExternalTotalTime": 18944.5,
    "ResilienceModuleToExternalAverageTimePerRequest": 449.26
  },
  {
    "ClientToModuleTotalTime": 18649.5,
    "ClientToModulePercentualError": 0.5,
    "ResilienceModuleToExternalTotalSuccessTime": 10673.0,
    "ResilienceModuleToExternalTotalErrorTime": 7261.5,
    "ResilienceModuleToExternalTotalTime": 17839.0,
    "ResilienceModuleToExternalAverageTimePerRequest": 426.91999999999996
  },
  {
    "ClientToModuleTotalTime": 19020.0,
    "ClientToModulePercentualError": 0.5049019607843137,
    "ResilienceModuleToExternalTotalSuccessTime": 10382.5,
    "ResilienceModuleToExternalTotalErrorTime": 7607.0,
    "ResilienceModuleToExternalTotalTime": 18027.5,
    "ResilienceModuleToExternalAverageTimePerRequest": 415.3
  },
  {
    "ClientToModuleTotalTime": 18854.5,
    "ClientToModulePercentualError": 0.4791666666666667,
    "ResilienceModuleToExternalTotalSuccessTime": 10789.0,
    "ResilienceModuleToExternalTotalErrorTime": 7169.5,
    "ResilienceModuleToExternalTotalTime": 18112.0,
    "ResilienceModuleToExternalAverageTimePerRequest": 431.56
  },
  {
    "ClientToModuleTotalTime": 19772.0,
    "ClientToModulePercentualError": 0.5,
    "ResilienceModuleToExternalTotalSuccessTime": 10868.5,
    "ResilienceModuleToExternalTotalErrorTime": 8069.5,
    "ResilienceModuleToExternalTotalTime": 18879.5,
    "ResilienceModuleToExternalAverageTimePerRequest": 434.74
  },
  {
    "ClientToModuleTotalTime": 20029.5,
    "ClientToModulePercentualError": 0.4844812925170068,
    "ResilienceModuleToExternalTotalSuccessTime": 11278.5,
    "ResilienceModuleToExternalTotalErrorTime": 7790.5,
    "ResilienceModuleToExternalTotalTime": 19365.5,
    "ResilienceModuleToExternalAverageTimePerRequest": 451.14
  },
  {
    "ClientToModuleTotalTime": 19168.5,
    "ClientToModulePercentualError": 0.4897959183673469,
    "ResilienceModuleToExternalTotalSuccessTime": 11084.5,
    "ResilienceModuleToExternalTotalErrorTime": 7282.5,
    "ResilienceModuleToExternalTotalTime": 18495.5,
    "ResilienceModuleToExternalAverageTimePerRequest": 443.38
  },
  {
    "ClientToModuleTotalTime": 19734.0,
    "ClientToModulePercentualError": 0.4897959183673469,
    "ResilienceModuleToExternalTotalSuccessTime": 11242.0,
    "ResilienceModuleToExternalTotalErrorTime": 7656.5,
    "ResilienceModuleToExternalTotalTime": 18956.5,
    "ResilienceModuleToExternalAverageTimePerRequest": 449.67999999999995
  },
  {
    "ClientToModuleTotalTime": 18474.0,
    "ClientToModulePercentualError": 0.4897959183673469,
    "ResilienceModuleToExternalTotalSuccessTime": 10839.5,
    "ResilienceModuleToExternalTotalErrorTime": 7045.0,
    "ResilienceModuleToExternalTotalTime": 17954.5,
    "ResilienceModuleToExternalAverageTimePerRequest": 433.58000000000004
  },
  {
    "ClientToModuleTotalTime": 19915.5,
    "ClientToModulePercentualError": 0.5098039215686274,
    "ResilienceModuleToExternalTotalSuccessTime": 10623.5,
    "ResilienceModuleToExternalTotalErrorTime": 8305.5,
    "ResilienceModuleToExternalTotalTime": 19186.0,
    "ResilienceModuleToExternalAverageTimePerRequest": 424.94
  }
]
