[
  {
    "ClientToModuleTotalTime": 1082.0,
    "ClientToModulePercentualError": 0.4791666666666667,
    "ResilienceModuleToExternalTotalSuccessTime": 179.0,
    "ResilienceModuleToExternalTotalErrorTime": 81.0,
    "ResilienceModuleToExternalTotalTime": 260.0,
    "ResilienceModuleToExternalAverageTimePerRequest": 7.16
  },
  {
    "ClientToModuleTotalTime": 357.0,
    "ClientToModulePercentualError": 0.2647058823529412,
    "ResilienceModuleToExternalTotalSuccessTime": 136.0,
    "ResilienceModuleToExternalTotalErrorTime": 23.0,
    "ResilienceModuleToExternalTotalTime": 159.0,
    "ResilienceModuleToExternalAverageTimePerRequest": 5.44
  },
  {
    "ClientToModuleTotalTime": 1210.0,
    "ClientToModulePercentualError": 0.5614035087719298,
    "ResilienceModuleToExternalTotalSuccessTime": 132.0,
    "ResilienceModuleToExternalTotalErrorTime": 73.0,
    "ResilienceModuleToExternalTotalTime": 205.0,
    "ResilienceModuleToExternalAverageTimePerRequest": 5.28
  },
  {
    "ClientToModuleTotalTime": 1098.0,
    "ClientToModulePercentualError": 0.5283018867924528,
    "ResilienceModuleToExternalTotalSuccessTime": 120.0,
    "ResilienceModuleToExternalTotalErrorTime": 73.0,
    "ResilienceModuleToExternalTotalTime": 193.0,
    "ResilienceModuleToExternalAverageTimePerRequest": 4.8
  },
  {
    "ClientToModuleTotalTime": 908.0,
    "ClientToModulePercentualError": 0.46808510638297873,
    "ResilienceModuleToExternalTotalSuccessTime": 130.0,
    "ResilienceModuleToExternalTotalErrorTime": 75.0,
    "ResilienceModuleToExternalTotalTime": 205.0,
    "ResilienceModuleToExternalAverageTimePerRequest": 5.2
  },
  {
    "ClientToModuleTotalTime": 881.0,
    "ClientToModulePercentualError": 0.46808510638297873,
    "ResilienceModuleToExternalTotalSuccessTime": 123.0,
    "ResilienceModuleToExternalTotalErrorTime": 56.0,
    "ResilienceModuleToExternalTotalTime": 179.0,
    "ResilienceModuleToExternalAverageTimePerRequest": 4.92
  },
  {
    "ClientToModuleTotalTime": 875.0,
    "ClientToModulePercentualError": 0.46808510638297873,
    "ResilienceModuleToExternalTotalSuccessTime": 120.0,
    "ResilienceModuleToExternalTotalErrorTime": 50.0,
    "ResilienceModuleToExternalTotalTime": 170.0,
    "ResilienceModuleToExternalAverageTimePerRequest": 4.8
  },
  {
    "ClientToModuleTotalTime": 340.0,
    "ClientToModulePercentualError": 0.2857142857142857,
    "ResilienceModuleToExternalTotalSuccessTime": 121.0,
    "ResilienceModuleToExternalTotalErrorTime": 21.0,
    "ResilienceModuleToExternalTotalTime": 142.0,
    "ResilienceModuleToExternalAverageTimePerRequest": 4.84
  },
  {
    "ClientToModuleTotalTime": 896.0,
    "ClientToModulePercentualError": 0.5098039215686274,
    "ResilienceModuleToExternalTotalSuccessTime": 126.0,
    "ResilienceModuleToExternalTotalErrorTime": 67.0,
    "ResilienceModuleToExternalTotalTime": 193.0,
    "ResilienceModuleToExternalAverageTimePerRequest": 5.04
  },
  {
    "ClientToModuleTotalTime": 888.0,
    "ClientToModulePercentualError": 0.4791666666666667,
    "ResilienceModuleToExternalTotalSuccessTime": 130.0,
    "ResilienceModuleToExternalTotalErrorTime": 55.0,
    "ResilienceModuleToExternalTotalTime": 185.0,
    "ResilienceModuleToExternalAverageTimePerRequest": 5.2
  }
]
