[
  {
    "ClientToModuleTotalTime": 25540.5,
    "ClientToModulePercentualError": 0.8099921578878578,
    "ResilienceModuleToExternalTotalSuccessTime": 10861.5,
    "ResilienceModuleToExternalTotalErrorTime": 9189.0,
    "ResilienceModuleToExternalTotalTime": 22320.5,
    "ResilienceModuleToExternalAverageTimePerRequest": 434.46000000000004
  },
  {
    "ClientToModuleTotalTime": 14945.5,
    "ClientToModulePercentualError": 0.6294466403162056,
    "ResilienceModuleToExternalTotalSuccessTime": 8612.0,
    "ResilienceModuleToExternalTotalErrorTime": 6742.0,
    "ResilienceModuleToExternalTotalTime": 14960.5,
    "ResilienceModuleToExternalAverageTimePerRequest": 344.48
  },
  {
    "ClientToModuleTotalTime": 14141.5,
    "ClientToModulePercentualError": 0.6182983682983683,
    "ResilienceModuleToExternalTotalSuccessTime": 8522.0,
    "ResilienceModuleToExternalTotalErrorTime": 5944.5,
    "ResilienceModuleToExternalTotalTime": 14116.5,
    "ResilienceModuleToExternalAverageTimePerRequest": 340.88
  },
  {
    "ClientToModuleTotalTime": 14984.0,
    "ClientToModulePercentualError": 0.705029665587918,
    "ResilienceModuleToExternalTotalSuccessTime": 8372.5,
    "ResilienceModuleToExternalTotalErrorTime": 5760.5,
    "ResilienceModuleToExternalTotalTime": 14183.0,
    "ResilienceModuleToExternalAverageTimePerRequest": 334.9
  },
  {
    "ClientToModuleTotalTime": 15146.0,
    "ClientToModulePercentualError": 0.6240388964269561,
    "ResilienceModuleToExternalTotalSuccessTime": 8889.0,
    "ResilienceModuleToExternalTotalErrorTime": 6067.5,
    "ResilienceModuleToExternalTotalTime": 14840.0,
    "ResilienceModuleToExternalAverageTimePerRequest": 355.56
  }
]
