[
  {
    "ClientToModuleTotalTime": 1053.0,
    "ClientToModulePercentualError": 0.7761415836044817,
    "ResilienceModuleToExternalTotalSuccessTime": 158.0,
    "ResilienceModuleToExternalTotalErrorTime": 75.0,
    "ResilienceModuleToExternalTotalTime": 233.0,
    "ResilienceModuleToExternalAverageTimePerRequest": 6.32
  },
  {
    "ClientToModuleTotalTime": 1159.5,
    "ClientToModulePercentualError": 0.7636046147248978,
    "ResilienceModuleToExternalTotalSuccessTime": 171.5,
    "ResilienceModuleToExternalTotalErrorTime": 68.5,
    "ResilienceModuleToExternalTotalTime": 240.0,
    "ResilienceModuleToExternalAverageTimePerRequest": 6.86
  },
  {
    "ClientToModuleTotalTime": 1857.5,
    "ClientToModulePercentualError": 0.7392850395736388,
    "ResilienceModuleToExternalTotalSuccessTime": 150.0,
    "ResilienceModuleToExternalTotalErrorTime": 80.0,
    "ResilienceModuleToExternalTotalTime": 230.0,
    "ResilienceModuleToExternalAverageTimePerRequest": 6.0
  },
  {
    "ClientToModuleTotalTime": 851.0,
    "ClientToModulePercentualError": 0.7541213450346104,
    "ResilienceModuleToExternalTotalSuccessTime": 161.0,
    "ResilienceModuleToExternalTotalErrorTime": 73.0,
    "ResilienceModuleToExternalTotalTime": 234.0,
    "ResilienceModuleToExternalAverageTimePerRequest": 6.4399999999999995
  },
  {
    "ClientToModuleTotalTime": 734.5,
    "ClientToModulePercentualError": 0.7871738328140914,
    "ResilienceModuleToExternalTotalSuccessTime": 153.0,
    "ResilienceModuleToExternalTotalErrorTime": 67.5,
    "ResilienceModuleToExternalTotalTime": 220.5,
    "ResilienceModuleToExternalAverageTimePerRequest": 6.119999999999999
  }
]
