[
  {
    "ClientToModuleTotalTime": 9233.5,
    "ClientToModulePercentualError": 0.7937847403677134,
    "ResilienceModuleToExternalTotalSuccessTime": 4774.0,
    "ResilienceModuleToExternalTotalErrorTime": 2219.0,
    "ResilienceModuleToExternalTotalTime": 8906.5,
    "ResilienceModuleToExternalAverageTimePerRequest": 190.96
  },
  {
    "ClientToModuleTotalTime": 3783.0,
    "ClientToModulePercentualError": 0.7604918853220848,
    "ResilienceModuleToExternalTotalSuccessTime": 2025.0,
    "ResilienceModuleToExternalTotalErrorTime": 1108.0,
    "ResilienceModuleToExternalTotalTime": 3011.5,
    "ResilienceModuleToExternalAverageTimePerRequest": 81.0
  },
  {
    "ClientToModuleTotalTime": 4253.5,
    "ClientToModulePercentualError": 0.752158326016974,
    "ResilienceModuleToExternalTotalSuccessTime": 1946.0,
    "ResilienceModuleToExternalTotalErrorTime": 1101.5,
    "ResilienceModuleToExternalTotalTime": 2997.0,
    "ResilienceModuleToExternalAverageTimePerRequest": 77.84
  },
  {
    "ClientToModuleTotalTime": 3691.5,
    "ClientToModulePercentualError": 0.7265625,
    "ResilienceModuleToExternalTotalSuccessTime": 1764.0,
    "ResilienceModuleToExternalTotalErrorTime": 1007.0,
    "ResilienceModuleToExternalTotalTime": 2784.5,
    "ResilienceModuleToExternalAverageTimePerRequest": 70.56
  },
  {
    "ClientToModuleTotalTime": 3781.5,
    "ClientToModulePercentualError": 0.7589531680440771,
    "ResilienceModuleToExternalTotalSuccessTime": 1844.5,
    "ResilienceModuleToExternalTotalErrorTime": 1030.0,
    "ResilienceModuleToExternalTotalTime": 2806.0,
    "ResilienceModuleToExternalAverageTimePerRequest": 73.78
  }
]
