[
  {
    "ClientToModuleTotalTime": 17649.5,
    "ClientToModulePercentualError": 0.8073491559682284,
    "ResilienceModuleToExternalTotalSuccessTime": 8109.0,
    "ResilienceModuleToExternalTotalErrorTime": 5836.5,
    "ResilienceModuleToExternalTotalTime": 17007.5,
    "ResilienceModuleToExternalAverageTimePerRequest": 324.36
  },
  {
    "ClientToModuleTotalTime": 8108.5,
    "ClientToModulePercentualError": 0.7478178524374176,
    "ResilienceModuleToExternalTotalSuccessTime": 4548.5,
    "ResilienceModuleToExternalTotalErrorTime": 2926.0,
    "ResilienceModuleToExternalTotalTime": 7216.0,
    "ResilienceModuleToExternalAverageTimePerRequest": 181.94
  },
  {
    "ClientToModuleTotalTime": 7356.5,
    "ClientToModulePercentualError": 0.7462406015037594,
    "ResilienceModuleToExternalTotalSuccessTime": 3927.0,
    "ResilienceModuleToExternalTotalErrorTime": 2685.0,
    "ResilienceModuleToExternalTotalTime": 6431.0,
    "ResilienceModuleToExternalAverageTimePerRequest": 157.08
  },
  {
    "ClientToModuleTotalTime": 7573.5,
    "ClientToModulePercentualError": 0.6640512265512266,
    "ResilienceModuleToExternalTotalSuccessTime": 3972.0,
    "ResilienceModuleToExternalTotalErrorTime": 2505.5,
    "ResilienceModuleToExternalTotalTime": 6230.5,
    "ResilienceModuleToExternalAverageTimePerRequest": 158.88
  },
  {
    "ClientToModuleTotalTime": 7593.0,
    "ClientToModulePercentualError": 0.7180341280972417,
    "ResilienceModuleToExternalTotalSuccessTime": 3943.5,
    "ResilienceModuleToExternalTotalErrorTime": 2743.0,
    "ResilienceModuleToExternalTotalTime": 6406.0,
    "ResilienceModuleToExternalAverageTimePerRequest": 157.74
  }
]
