[
  {
    "ClientToModuleTotalTime": 5754.0,
    "ClientToModulePercentualError": 0.4791666666666667,
    "ResilienceModuleToExternalTotalSuccessTime": 3006.0,
    "ResilienceModuleToExternalTotalErrorTime": 1860.0,
    "ResilienceModuleToExternalTotalTime": 4886.0,
    "ResilienceModuleToExternalAverageTimePerRequest": 120.24
  },
  {
    "ClientToModuleTotalTime": 4702.0,
    "ClientToModulePercentualError": 0.4897959183673469,
    "ResilienceModuleToExternalTotalSuccessTime": 2279.0,
    "ResilienceModuleToExternalTotalErrorTime": 1604.0,
    "ResilienceModuleToExternalTotalTime": 3850.0,
    "ResilienceModuleToExternalAverageTimePerRequest": 91.16
  },
  {
    "ClientToModuleTotalTime": 5711.0,
    "ClientToModulePercentualError": 0.5192307692307693,
    "ResilienceModuleToExternalTotalSuccessTime": 2552.0,
    "ResilienceModuleToExternalTotalErrorTime": 2113.0,
    "ResilienceModuleToExternalTotalTime": 4635.0,
    "ResilienceModuleToExternalAverageTimePerRequest": 102.08
  },
  {
    "ClientToModuleTotalTime": 4521.0,
    "ClientToModulePercentualError": 0.46808510638297873,
    "ResilienceModuleToExternalTotalSuccessTime": 2490.0,
    "ResilienceModuleToExternalTotalErrorTime": 1294.0,
    "ResilienceModuleToExternalTotalTime": 3823.0,
    "ResilienceModuleToExternalAverageTimePerRequest": 99.6
  },
  {
    "ClientToModuleTotalTime": 4905.0,
    "ClientToModulePercentualError": 0.4791666666666667,
    "ResilienceModuleToExternalTotalSuccessTime": 2463.0,
    "ResilienceModuleToExternalTotalErrorTime": 1518.0,
    "ResilienceModuleToExternalTotalTime": 3957.0,
    "ResilienceModuleToExternalAverageTimePerRequest": 98.52
  },
  {
    "ClientToModuleTotalTime": 4940.0,
    "ClientToModulePercentualError": 0.46808510638297873,
    "ResilienceModuleToExternalTotalSuccessTime": 2676.0,
    "ResilienceModuleToExternalTotalErrorTime": 1531.0,
    "ResilienceModuleToExternalTotalTime": 4161.0,
    "ResilienceModuleToExternalAverageTimePerRequest": 107.04
  },
  {
    "ClientToModuleTotalTime": 4869.0,
    "ClientToModulePercentualError": 0.5098039215686274,
    "ResilienceModuleToExternalTotalSuccessTime": 2525.0,
    "ResilienceModuleToExternalTotalErrorTime": 1681.0,
    "ResilienceModuleToExternalTotalTime": 4083.0,
    "ResilienceModuleToExternalAverageTimePerRequest": 101.0
  },
  {
    "ClientToModuleTotalTime": 4582.0,
    "ClientToModulePercentualError": 0.46808510638297873,
    "ResilienceModuleToExternalTotalSuccessTime": 2383.0,
    "ResilienceModuleToExternalTotalErrorTime": 1280.0,
    "ResilienceModuleToExternalTotalTime": 3670.0,
    "ResilienceModuleToExternalAverageTimePerRequest": 95.32
  },
  {
    "ClientToModuleTotalTime": 4925.0,
    "ClientToModulePercentualError": 0.46808510638297873,
    "ResilienceModuleToExternalTotalSuccessTime": 2527.0,
    "ResilienceModuleToExternalTotalErrorTime": 1551.0,
    "ResilienceModuleToExternalTotalTime": 4060.0,
    "ResilienceModuleToExternalAverageTimePerRequest": 101.08
  },
  {
    "ClientToModuleTotalTime": 5186.0,
    "ClientToModulePercentualError": 0.4791666666666667,
    "ResilienceModuleToExternalTotalSuccessTime": 2529.0,
    "ResilienceModuleToExternalTotalErrorTime": 1709.0,
    "ResilienceModuleToExternalTotalTime": 4277.0,
    "ResilienceModuleToExternalAverageTimePerRequest": 101.16
  }
]
