[
  {
    "ClientToModuleTotalTime": 11314.5,
    "ClientToModulePercentualError": 0.49489795918367346,
    "ResilienceModuleToExternalTotalSuccessTime": 5985.0,
    "ResilienceModuleToExternalTotalErrorTime": 4062.5,
    "ResilienceModuleToExternalTotalTime": 10231.5,
    "ResilienceModuleToExternalAverageTimePerRequest": 239.4
  },
  {
    "ClientToModuleTotalTime": 9120.5,
    "ClientToModulePercentualError": 0.4897959183673469,
    "ResilienceModuleToExternalTotalSuccessTime": 5333.0,
    "ResilienceModuleToExternalTotalErrorTime": 2884.0,
    "ResilienceModuleToExternalTotalTime": 8317.5,
    "ResilienceModuleToExternalAverageTimePerRequest": 213.32
  },
  {
    "ClientToModuleTotalTime": 9614.0,
    "ClientToModulePercentualError": 0.5,
    "ResilienceModuleToExternalTotalSuccessTime": 5417.0,
    "ResilienceModuleToExternalTotalErrorTime": 3290.0,
    "ResilienceModuleToExternalTotalTime": 8665.5,
    "ResilienceModuleToExternalAverageTimePerRequest": 216.68
  },
  {
    "ClientToModuleTotalTime": 9242.5,
    "ClientToModulePercentualError": 0.4897959183673469,
    "ResilienceModuleToExternalTotalSuccessTime": 5058.0,
    "ResilienceModuleToExternalTotalErrorTime": 3377.0,
    "ResilienceModuleToExternalTotalTime": 8484.0,
    "ResilienceModuleToExternalAverageTimePerRequest": 202.32
  },
  {
    "ClientToModuleTotalTime": 9656.5,
    "ClientToModulePercentualError": 0.5049019607843137,
    "ResilienceModuleToExternalTotalSuccessTime": 5061.0,
    "ResilienceModuleToExternalTotalErrorTime": 3734.5,
    "ResilienceModuleToExternalTotalTime": 8638.5,
    "ResilienceModuleToExternalAverageTimePerRequest": 202.44
  },
  {
    "ClientToModuleTotalTime": 10009.0,
    "ClientToModulePercentualError": 0.5,
    "ResilienceModuleToExternalTotalSuccessTime": 5450.0,
    "ResilienceModuleToExternalTotalErrorTime": 3623.0,
    "ResilienceModuleToExternalTotalTime": 9061.5,
    "ResilienceModuleToExternalAverageTimePerRequest": 218.0
  },
  {
    "ClientToModuleTotalTime": 9199.5,
    "ClientToModulePercentualError": 0.4897959183673469,
    "ResilienceModuleToExternalTotalSuccessTime": 5088.5,
    "ResilienceModuleToExternalTotalErrorTime": 3250.5,
    "ResilienceModuleToExternalTotalTime": 8423.5,
    "ResilienceModuleToExternalAverageTimePerRequest": 203.54000000000002
  },
  {
    "ClientToModuleTotalTime": 9391.5,
    "ClientToModulePercentualError": 0.5,
    "ResilienceModuleToExternalTotalSuccessTime": 5230.5,
    "ResilienceModuleToExternalTotalErrorTime": 3093.0,
    "ResilienceModuleToExternalTotalTime": 8214.5,
    "ResilienceModuleToExternalAverageTimePerRequest": 209.22
  },
  {
    "ClientToModuleTotalTime": 8915.5,
    "ClientToModulePercentualError": 0.47362588652482274,
    "ResilienceModuleToExternalTotalSuccessTime": 5477.5,
    "ResilienceModuleToExternalTotalErrorTime": 2645.0,
    "ResilienceModuleToExternalTotalTime": 8125.0,
    "ResilienceModuleToExternalAverageTimePerRequest": 219.1
  },
  {
    "ClientToModuleTotalTime": 9345.0,
    "ClientToModulePercentualError": 0.5,
    "ResilienceModuleToExternalTotalSuccessTime": 5736.5,
    "ResilienceModuleToExternalTotalErrorTime": 2732.5,
    "ResilienceModuleToExternalTotalTime": 8473.0,
    "ResilienceModuleToExternalAverageTimePerRequest": 229.45999999999998
  }
]
