[
  {
    "ClientToModuleTotalTime": 9191.0,
    "ClientToModulePercentualError": 0.0,
    "ResilienceModuleToExternalTotalSuccessTime": 9174.0,
    "ResilienceModuleToExternalTotalErrorTime": 0.0,
    "ResilienceModuleToExternalTotalTime": 9174.0,
    "ResilienceModuleToExternalAverageTimePerRequest": 366.96000000000004
  },
  {
    "ClientToModuleTotalTime": 9224.0,
    "ClientToModulePercentualError": 0.0,
    "ResilienceModuleToExternalTotalSuccessTime": 9210.0,
    "ResilienceModuleToExternalTotalErrorTime": 0.0,
    "ResilienceModuleToExternalTotalTime": 9210.0,
    "ResilienceModuleToExternalAverageTimePerRequest": 368.4
  },
  {
    "ClientToModuleTotalTime": 9460.5,
    "ClientToModulePercentualError": 0.0,
    "ResilienceModuleToExternalTotalSuccessTime": 9445.5,
    "ResilienceModuleToExternalTotalErrorTime": 0.0,
    "ResilienceModuleToExternalTotalTime": 9445.5,
    "ResilienceModuleToExternalAverageTimePerRequest": 377.82
  },
  {
    "ClientToModuleTotalTime": 10372.5,
    "ClientToModulePercentualError": 0.0,
    "ResilienceModuleToExternalTotalSuccessTime": 10356.0,
    "ResilienceModuleToExternalTotalErrorTime": 0.0,
    "ResilienceModuleToExternalTotalTime": 10356.0,
    "ResilienceModuleToExternalAverageTimePerRequest": 414.24
  },
  {
    "ClientToModuleTotalTime": 9212.5,
    "ClientToModulePercentualError": 0.0,
    "ResilienceModuleToExternalTotalSuccessTime": 9198.5,
    "ResilienceModuleToExternalTotalErrorTime": 0.0,
    "ResilienceModuleToExternalTotalTime": 9198.5,
    "ResilienceModuleToExternalAverageTimePerRequest": 367.94
  },
  {
    "ClientToModuleTotalTime": 9189.0,
    "ClientToModulePercentualError": 0.0,
    "ResilienceModuleToExternalTotalSuccessTime": 9174.5,
    "ResilienceModuleToExternalTotalErrorTime": 0.0,
    "ResilienceModuleToExternalTotalTime": 9174.5,
    "ResilienceModuleToExternalAverageTimePerRequest": 366.98
  },
  {
    "ClientToModuleTotalTime": 9935.0,
    "ClientToModulePercentualError": 0.0,
    "ResilienceModuleToExternalTotalSuccessTime": 9919.0,
    "ResilienceModuleToExternalTotalErrorTime": 0.0,
    "ResilienceModuleToExternalTotalTime": 9919.0,
    "ResilienceModuleToExternalAverageTimePerRequest": 396.76
  },
  {
    "ClientToModuleTotalTime": 9431.5,
    "ClientToModulePercentualError": 0.0,
    "ResilienceModuleToExternalTotalSuccessTime": 9418.0,
    "ResilienceModuleToExternalTotalErrorTime": 0.0,
    "ResilienceModuleToExternalTotalTime": 9418.0,
    "ResilienceModuleToExternalAverageTimePerRequest": 376.72
  },
  {
    "ClientToModuleTotalTime": 9136.0,
    "ClientToModulePercentualError": 0.0,
    "ResilienceModuleToExternalTotalSuccessTime": 9121.5,
    "ResilienceModuleToExternalTotalErrorTime": 0.0,
    "ResilienceModuleToExternalTotalTime": 9121.5,
    "ResilienceModuleToExternalAverageTimePerRequest": 364.86
  },
  {
    "ClientToModuleTotalTime": 9351.0,
    "ClientToModulePercentualError": 0.0,
    "ResilienceModuleToExternalTotalSuccessTime": 9336.0,
    "ResilienceModuleToExternalTotalErrorTime": 0.0,
    "ResilienceModuleToExternalTotalTime": 9336.0,
    "ResilienceModuleToExternalAverageTimePerRequest": 373.44
  }
]
