[
  {
    "ClientToModuleTotalTime": 148.0,
    "ClientToModulePercentualError": 0.0,
    "ResilienceModuleToExternalTotalSuccessTime": 131.0,
    "ResilienceModuleToExternalTotalErrorTime": 0.0,
    "ResilienceModuleToExternalTotalTime": 131.0,
    "ResilienceModuleToExternalAverageTimePerRequest": 5.24
  },
  {
    "ClientToModuleTotalTime": 124.0,
    "ClientToModulePercentualError": 0.0,
    "ResilienceModuleToExternalTotalSuccessTime": 109.0,
    "ResilienceModuleToExternalTotalErrorTime": 0.0,
    "ResilienceModuleToExternalTotalTime": 109.0,
    "ResilienceModuleToExternalAverageTimePerRequest": 4.36
  },
  {
    "ClientToModuleTotalTime": 119.0,
    "ClientToModulePercentualError": 0.0,
    "ResilienceModuleToExternalTotalSuccessTime": 105.0,
    "ResilienceModuleToExternalTotalErrorTime": 0.0,
    "ResilienceModuleToExternalTotalTime": 105.0,
    "ResilienceModuleToExternalAverageTimePerRequest": 4.2
  },
  {
    "ClientToModuleTotalTime": 118.0,
    "ClientToModulePercentualError": 0.0,
    "ResilienceModuleToExternalTotalSuccessTime": 105.0,
    "ResilienceModuleToExternalTotalErrorTime": 0.0,
    "ResilienceModuleToExternalTotalTime": 105.0,
    "ResilienceModuleToExternalAverageTimePerRequest": 4.2
  },
  {
    "ClientToModuleTotalTime": 122.0,
    "ClientToModulePercentualError": 0.0,
    "ResilienceModuleToExternalTotalSuccessTime": 107.0,
    "ResilienceModuleToExternalTotalErrorTime": 0.0,
    "ResilienceModuleToExternalTotalTime": 107.0,
    "ResilienceModuleToExternalAverageTimePerRequest": 4.28
  },
  {
    "ClientToModuleTotalTime": 120.0,
    "ClientToModulePercentualError": 0.0,
    "ResilienceModuleToExternalTotalSuccessTime": 107.0,
    "ResilienceModuleToExternalTotalErrorTime": 0.0,
    "ResilienceModuleToExternalTotalTime": 107.0,
    "ResilienceModuleToExternalAverageTimePerRequest": 4.28
  },
  {
    "ClientToModuleTotalTime": 124.0,
    "ClientToModulePercentualError": 0.0,
    "ResilienceModuleToExternalTotalSuccessTime": 111.0,
    "ResilienceModuleToExternalTotalErrorTime": 0.0,
    "ResilienceModuleToExternalTotalTime": 111.0,
    "ResilienceModuleToExternalAverageTimePerRequest": 4.44
  },
  {
    "ClientToModuleTotalTime": 201.0,
    "ClientToModulePercentualError": 0.0,
    "ResilienceModuleToExternalTotalSuccessTime": 184.0,
    "ResilienceModuleToExternalTotalErrorTime": 0.0,
    "ResilienceModuleToExternalTotalTime": 184.0,
    "ResilienceModuleToExternalAverageTimePerRequest": 7.36
  },
  {
    "ClientToModuleTotalTime": 119.0,
    "ClientToModulePercentualError": 0.0,
    "ResilienceModuleToExternalTotalSuccessTime": 104.0,
    "ResilienceModuleToExternalTotalErrorTime": 0.0,
    "ResilienceModuleToExternalTotalTime": 104.0,
    "ResilienceModuleToExternalAverageTimePerRequest": 4.16
  },
  {
    "ClientToModuleTotalTime": 119.0,
    "ClientToModulePercentualError": 0.0,
    "ResilienceModuleToExternalTotalSuccessTime": 105.0,
    "ResilienceModuleToExternalTotalErrorTime": 0.0,
    "ResilienceModuleToExternalTotalTime": 105.0,
    "ResilienceModuleToExternalAverageTimePerRequest": 4.2
  }
]
