[
  {
    "ClientToModuleTotalTime": 2224.0,
    "ClientToModulePercentualError": 0.0,
    "ResilienceModuleToExternalTotalSuccessTime": 2209.0,
    "ResilienceModuleToExternalTotalErrorTime": 0.0,
    "ResilienceModuleToExternalTotalTime": 2209.0,
    "ResilienceModuleToExternalAverageTimePerRequest": 88.36
  },
  {
    "ClientToModuleTotalTime": 2429.0,
    "ClientToModulePercentualError": 0.0,
    "ResilienceModuleToExternalTotalSuccessTime": 2414.0,
    "ResilienceModuleToExternalTotalErrorTime": 0.0,
    "ResilienceModuleToExternalTotalTime": 2414.0,
    "ResilienceModuleToExternalAverageTimePerRequest": 96.56
  },
  {
    "ClientToModuleTotalTime": 2420.0,
    "ClientToModulePercentualError": 0.0,
    "ResilienceModuleToExternalTotalSuccessTime": 2407.0,
    "ResilienceModuleToExternalTotalErrorTime": 0.0,
    "ResilienceModuleToExternalTotalTime": 2407.0,
    "ResilienceModuleToExternalAverageTimePerRequest": 96.28
  },
  {
    "ClientToModuleTotalTime": 2466.0,
    "ClientToModulePercentualError": 0.0,
    "ResilienceModuleToExternalTotalSuccessTime": 2451.0,
    "ResilienceModuleToExternalTotalErrorTime": 0.0,
    "ResilienceModuleToExternalTotalTime": 2451.0,
    "ResilienceModuleToExternalAverageTimePerRequest": 98.04
  },
  {
    "ClientToModuleTotalTime": 2192.0,
    "ClientToModulePercentualError": 0.0,
    "ResilienceModuleToExternalTotalSuccessTime": 2178.0,
    "ResilienceModuleToExternalTotalErrorTime": 0.0,
    "ResilienceModuleToExternalTotalTime": 2178.0,
    "ResilienceModuleToExternalAverageTimePerRequest": 87.12
  },
  {
    "ClientToModuleTotalTime": 2268.0,
    "ClientToModulePercentualError": 0.0,
    "ResilienceModuleToExternalTotalSuccessTime": 2253.0,
    "ResilienceModuleToExternalTotalErrorTime": 0.0,
    "ResilienceModuleToExternalTotalTime": 2253.0,
    "ResilienceModuleToExternalAverageTimePerRequest": 90.12
  },
  {
    "ClientToModuleTotalTime": 2465.0,
    "ClientToModulePercentualError": 0.0,
    "ResilienceModuleToExternalTotalSuccessTime": 2449.0,
    "ResilienceModuleToExternalTotalErrorTime": 0.0,
    "ResilienceModuleToExternalTotalTime": 2449.0,
    "ResilienceModuleToExternalAverageTimePerRequest": 97.96
  },
  {
    "ClientToModuleTotalTime": 2940.0,
    "ClientToModulePercentualError": 0.0,
    "ResilienceModuleToExternalTotalSuccessTime": 2926.0,
    "ResilienceModuleToExternalTotalErrorTime": 0.0,
    "ResilienceModuleToExternalTotalTime": 2926.0,
    "ResilienceModuleToExternalAverageTimePerRequest": 117.04
  },
  {
    "ClientToModuleTotalTime": 2470.0,
    "ClientToModulePercentualError": 0.0,
    "ResilienceModuleToExternalTotalSuccessTime": 2456.0,
    "ResilienceModuleToExternalTotalErrorTime": 0.0,
    "ResilienceModuleToExternalTotalTime": 2456.0,
    "ResilienceModuleToExternalAverageTimePerRequest": 98.24
  },
  {
    "ClientToModuleTotalTime": 2200.0,
    "ClientToModulePercentualError": 0.0,
    "ResilienceModuleToExternalTotalSuccessTime": 2181.0,
    "ResilienceModuleToExternalTotalErrorTime": 0.0,
    "ResilienceModuleToExternalTotalTime": 2181.0,
    "ResilienceModuleToExternalAverageTimePerRequest": 87.24
  }
]
