[
  {
    "ClientToModuleTotalTime": 4516.0,
    "ClientToModulePercentualError": 0.0,
    "ResilienceModuleToExternalTotalSuccessTime": 4500.5,
    "ResilienceModuleToExternalTotalErrorTime": 0.0,
    "ResilienceModuleToExternalTotalTime": 4500.5,
    "ResilienceModuleToExternalAverageTimePerRequest": 180.01999999999998
  },
  {
    "ClientToModuleTotalTime": 4611.5,
    "ClientToModulePercentualError": 0.0,
    "ResilienceModuleToExternalTotalSuccessTime": 4596.5,
    "ResilienceModuleToExternalTotalErrorTime": 0.0,
    "ResilienceModuleToExternalTotalTime": 4596.5,
    "ResilienceModuleToExternalAverageTimePerRequest": 183.86
  },
  {
    "ClientToModuleTotalTime": 4698.0,
    "ClientToModulePercentualError": 0.0,
    "ResilienceModuleToExternalTotalSuccessTime": 4684.0,
    "ResilienceModuleToExternalTotalErrorTime": 0.0,
    "ResilienceModuleToExternalTotalTime": 4684.0,
    "ResilienceModuleToExternalAverageTimePerRequest": 187.36
  },
  {
    "ClientToModuleTotalTime": 5491.0,
    "ClientToModulePercentualError": 0.0,
    "ResilienceModuleToExternalTotalSuccessTime": 5470.0,
    "ResilienceModuleToExternalTotalErrorTime": 0.0,
    "ResilienceModuleToExternalTotalTime": 5470.0,
    "ResilienceModuleToExternalAverageTimePerRequest": 218.8
  },
  {
    "ClientToModuleTotalTime": 4696.0,
    "ClientToModulePercentualError": 0.0,
    "ResilienceModuleToExternalTotalSuccessTime": 4683.0,
    "ResilienceModuleToExternalTotalErrorTime": 0.0,
    "ResilienceModuleToExternalTotalTime": 4683.0,
    "ResilienceModuleToExternalAverageTimePerRequest": 187.32
  },
  {
    "ClientToModuleTotalTime": 4844.0,
    "ClientToModulePercentualError": 0.0,
    "ResilienceModuleToExternalTotalSuccessTime": 4829.5,
    "ResilienceModuleToExternalTotalErrorTime": 0.0,
    "ResilienceModuleToExternalTotalTime": 4829.5,
    "ResilienceModuleToExternalAverageTimePerRequest": 193.18
  },
  {
    "ClientToModuleTotalTime": 4937.5,
    "ClientToModulePercentualError": 0.0,
    "ResilienceModuleToExternalTotalSuccessTime": 4922.5,
    "ResilienceModuleToExternalTotalErrorTime": 0.0,
    "ResilienceModuleToExternalTotalTime": 4922.5,
    "ResilienceModuleToExternalAverageTimePerRequest": 196.9
  },
  {
    "ClientToModuleTotalTime": 5362.5,
    "ClientToModulePercentualError": 0.0,
    "ResilienceModuleToExternalTotalSuccessTime": 5347.0,
    "ResilienceModuleToExternalTotalErrorTime": 0.0,
    "ResilienceModuleToExternalTotalTime": 5347.0,
    "ResilienceModuleToExternalAverageTimePerRequest": 213.88
  },
  {
    "ClientToModuleTotalTime": 4767.0,
    "ClientToModulePercentualError": 0.0,
    "ResilienceModuleToExternalTotalSuccessTime": 4753.5,
    "ResilienceModuleToExternalTotalErrorTime": 0.0,
    "ResilienceModuleToExternalTotalTime": 4753.5,
    "ResilienceModuleToExternalAverageTimePerRequest": 190.14
  },
  {
    "ClientToModuleTotalTime": 4732.0,
    "ClientToModulePercentualError": 0.0,
    "ResilienceModuleToExternalTotalSuccessTime": 4717.5,
    "ResilienceModuleToExternalTotalErrorTime": 0.0,
    "ResilienceModuleToExternalTotalTime": 4717.5,
    "ResilienceModuleToExternalAverageTimePerRequest": 188.7
  }
]
