[
  {
    "ClientToModuleTotalTime": 6706.5,
    "ClientToModulePercentualError": 0.0,
    "ResilienceModuleToExternalTotalSuccessTime": 7017.5,
    "ResilienceModuleToExternalTotalErrorTime": 0.0,
    "ResilienceModuleToExternalTotalTime": 7017.5,
    "ResilienceModuleToExternalAverageTimePerRequest": 280.70000000000005
  },
  {
    "ClientToModuleTotalTime": 6503.5,
    "ClientToModulePercentualError": 0.0,
    "ResilienceModuleToExternalTotalSuccessTime": 6849.5,
    "ResilienceModuleToExternalTotalErrorTime": 0.0,
    "ResilienceModuleToExternalTotalTime": 6849.5,
    "ResilienceModuleToExternalAverageTimePerRequest": 273.98
  },
  {
    "ClientToModuleTotalTime": 6391.5,
    "ClientToModulePercentualError": 0.0,
    "ResilienceModuleToExternalTotalSuccessTime": 6629.5,
    "ResilienceModuleToExternalTotalErrorTime": 0.0,
    "ResilienceModuleToExternalTotalTime": 6629.5,
    "ResilienceModuleToExternalAverageTimePerRequest": 265.18
  },
  {
    "ClientToModuleTotalTime": 8698.5,
    "ClientToModulePercentualError": 0.0,
    "ResilienceModuleToExternalTotalSuccessTime": 9010.0,
    "ResilienceModuleToExternalTotalErrorTime": 0.0,
    "ResilienceModuleToExternalTotalTime": 9010.0,
    "ResilienceModuleToExternalAverageTimePerRequest": 360.4
  },
  {
    "ClientToModuleTotalTime": 7780.5,
    "ClientToModulePercentualError": 0.0,
    "ResilienceModuleToExternalTotalSuccessTime": 8112.0,
    "ResilienceModuleToExternalTotalErrorTime": 0.0,
    "ResilienceModuleToExternalTotalTime": 8112.0,
    "ResilienceModuleToExternalAverageTimePerRequest": 324.48
  },
  {
    "ClientToModuleTotalTime": 6382.5,
    "ClientToModulePercentualError": 0.0,
    "ResilienceModuleToExternalTotalSuccessTime": 6709.0,
    "ResilienceModuleToExternalTotalErrorTime": 0.0,
    "ResilienceModuleToExternalTotalTime": 6709.0,
    "ResilienceModuleToExternalAverageTimePerRequest": 268.36
  },
  {
    "ClientToModuleTotalTime": 6512.5,
    "ClientToModulePercentualError": 0.0,
    "ResilienceModuleToExternalTotalSuccessTime": 6821.5,
    "ResilienceModuleToExternalTotalErrorTime": 0.0,
    "ResilienceModuleToExternalTotalTime": 6821.5,
    "ResilienceModuleToExternalAverageTimePerRequest": 272.86
  },
  {
    "ClientToModuleTotalTime": 6507.0,
    "ClientToModulePercentualError": 0.0,
    "ResilienceModuleToExternalTotalSuccessTime": 6796.0,
    "ResilienceModuleToExternalTotalErrorTime": 0.0,
    "ResilienceModuleToExternalTotalTime": 6796.0,
    "ResilienceModuleToExternalAverageTimePerRequest": 271.84000000000003
  },
  {
    "ClientToModuleTotalTime": 9028.0,
    "ClientToModulePercentualError": 0.0,
    "ResilienceModuleToExternalTotalSuccessTime": 9367.0,
    "ResilienceModuleToExternalTotalErrorTime": 0.0,
    "ResilienceModuleToExternalTotalTime": 9367.0,
    "ResilienceModuleToExternalAverageTimePerRequest": 374.68
  },
  {
    "ClientToModuleTotalTime": 7079.5,
    "ClientToModulePercentualError": 0.0,
    "ResilienceModuleToExternalTotalSuccessTime": 7378.5,
    "ResilienceModuleToExternalTotalErrorTime": 0.0,
    "ResilienceModuleToExternalTotalTime": 7378.5,
    "ResilienceModuleToExternalAverageTimePerRequest": 295.14
  }
]
