[
  {
    "ClientToModuleTotalTime": 98.0,
    "ClientToModulePercentualError": 0.0,
    "ResilienceModuleToExternalTotalSuccessTime": 102.0,
    "ResilienceModuleToExternalTotalErrorTime": 0.0,
    "ResilienceModuleToExternalTotalTime": 102.0,
    "ResilienceModuleToExternalAverageTimePerRequest": 4.08
  },
  {
    "ClientToModuleTotalTime": 91.0,
    "ClientToModulePercentualError": 0.0,
    "ResilienceModuleToExternalTotalSuccessTime": 95.0,
    "ResilienceModuleToExternalTotalErrorTime": 0.0,
    "ResilienceModuleToExternalTotalTime": 95.0,
    "ResilienceModuleToExternalAverageTimePerRequest": 3.8
  },
  {
    "ClientToModuleTotalTime": 87.0,
    "ClientToModulePercentualError": 0.0,
    "ResilienceModuleToExternalTotalSuccessTime": 89.0,
    "ResilienceModuleToExternalTotalErrorTime": 0.0,
    "ResilienceModuleToExternalTotalTime": 89.0,
    "ResilienceModuleToExternalAverageTimePerRequest": 3.56
  },
  {
    "ClientToModuleTotalTime": 88.0,
    "ClientToModulePercentualError": 0.0,
    "ResilienceModuleToExternalTotalSuccessTime": 92.0,
    "ResilienceModuleToExternalTotalErrorTime": 0.0,
    "ResilienceModuleToExternalTotalTime": 92.0,
    "ResilienceModuleToExternalAverageTimePerRequest": 3.68
  },
  {
    "ClientToModuleTotalTime": 150.0,
    "ClientToModulePercentualError": 0.0,
    "ResilienceModuleToExternalTotalSuccessTime": 156.0,
    "ResilienceModuleToExternalTotalErrorTime": 0.0,
    "ResilienceModuleToExternalTotalTime": 156.0,
    "ResilienceModuleToExternalAverageTimePerRequest": 6.24
  },
  {
    "ClientToModuleTotalTime": 90.0,
    "ClientToModulePercentualError": 0.0,
    "ResilienceModuleToExternalTotalSuccessTime": 94.0,
    "ResilienceModuleToExternalTotalErrorTime": 0.0,
    "ResilienceModuleToExternalTotalTime": 94.0,
    "ResilienceModuleToExternalAverageTimePerRequest": 3.76
  },
  {
    "ClientToModuleTotalTime": 132.0,
    "ClientToModulePercentualError": 0.0,
    "ResilienceModuleToExternalTotalSuccessTime": 135.0,
    "ResilienceModuleToExternalTotalErrorTime": 0.0,
    "ResilienceModuleToExternalTotalTime": 135.0,
    "ResilienceModuleToExternalAverageTimePerRequest": 5.4
  },
  {
    "ClientToModuleTotalTime": 93.0,
    "ClientToModulePercentualError": 0.0,
    "ResilienceModuleToExternalTotalSuccessTime": 98.0,
    "ResilienceModuleToExternalTotalErrorTime": 0.0,
    "ResilienceModuleToExternalTotalTime": 98.0,
    "ResilienceModuleToExternalAverageTimePerRequest": 3.92
  },
  {
    "ClientToModuleTotalTime": 151.0,
    "ClientToModulePercentualError": 0.0,
    "ResilienceModuleToExternalTotalSuccessTime": 156.0,
    "ResilienceModuleToExternalTotalErrorTime": 0.0,
    "ResilienceModuleToExternalTotalTime": 156.0,
    "ResilienceModuleToExternalAverageTimePerRequest": 6.24
  },
  {
    "ClientToModuleTotalTime": 150.0,
    "ClientToModulePercentualError": 0.0,
    "ResilienceModuleToExternalTotalSuccessTime": 154.0,
    "ResilienceModuleToExternalTotalErrorTime": 0.0,
    "ResilienceModuleToExternalTotalTime": 154.0,
    "ResilienceModuleToExternalAverageTimePerRequest": 6.16
  }
]
