[
  {
    "ClientToModuleTotalTime": 1877.0,
    "ClientToModulePercentualError": 0.0,
    "ResilienceModuleToExternalTotalSuccessTime": 1966.0,
    "ResilienceModuleToExternalTotalErrorTime": 0.0,
    "ResilienceModuleToExternalTotalTime": 1966.0,
    "ResilienceModuleToExternalAverageTimePerRequest": 78.64
  },
  {
    "ClientToModuleTotalTime": 1661.0,
    "ClientToModulePercentualError": 0.0,
    "ResilienceModuleToExternalTotalSuccessTime": 1734.0,
    "ResilienceModuleToExternalTotalErrorTime": 0.0,
    "ResilienceModuleToExternalTotalTime": 1734.0,
    "ResilienceModuleToExternalAverageTimePerRequest": 69.36
  },
  {
    "ClientToModuleTotalTime": 1672.0,
    "ClientToModulePercentualError": 0.0,
    "ResilienceModuleToExternalTotalSuccessTime": 1762.0,
    "ResilienceModuleToExternalTotalErrorTime": 0.0,
    "ResilienceModuleToExternalTotalTime": 1762.0,
    "ResilienceModuleToExternalAverageTimePerRequest": 70.48
  },
  {
    "ClientToModuleTotalTime": 1627.0,
    "ClientToModulePercentualError": 0.0,
    "ResilienceModuleToExternalTotalSuccessTime": 1713.0,
    "ResilienceModuleToExternalTotalErrorTime": 0.0,
    "ResilienceModuleToExternalTotalTime": 1713.0,
    "ResilienceModuleToExternalAverageTimePerRequest": 68.52
  },
  {
    "ClientToModuleTotalTime": 2218.0,
    "ClientToModulePercentualError": 0.0,
    "ResilienceModuleToExternalTotalSuccessTime": 2316.0,
    "ResilienceModuleToExternalTotalErrorTime": 0.0,
    "ResilienceModuleToExternalTotalTime": 2316.0,
    "ResilienceModuleToExternalAverageTimePerRequest": 92.64
  },
  {
    "ClientToModuleTotalTime": 1636.0,
    "ClientToModulePercentualError": 0.0,
    "ResilienceModuleToExternalTotalSuccessTime": 1714.0,
    "ResilienceModuleToExternalTotalErrorTime": 0.0,
    "ResilienceModuleToExternalTotalTime": 1714.0,
    "ResilienceModuleToExternalAverageTimePerRequest": 68.56
  },
  {
    "ClientToModuleTotalTime": 1657.0,
    "ClientToModulePercentualError": 0.0,
    "ResilienceModuleToExternalTotalSuccessTime": 1753.0,
    "ResilienceModuleToExternalTotalErrorTime": 0.0,
    "ResilienceModuleToExternalTotalTime": 1753.0,
    "ResilienceModuleToExternalAverageTimePerRequest": 70.12
  },
  {
    "ClientToModuleTotalTime": 1717.0,
    "ClientToModulePercentualError": 0.0,
    "ResilienceModuleToExternalTotalSuccessTime": 1816.0,
    "ResilienceModuleToExternalTotalErrorTime": 0.0,
    "ResilienceModuleToExternalTotalTime": 1816.0,
    "ResilienceModuleToExternalAverageTimePerRequest": 72.64
  },
  {
    "ClientToModuleTotalTime": 2232.0,
    "ClientToModulePercentualError": 0.0,
    "ResilienceModuleToExternalTotalSuccessTime": 2330.0,
    "ResilienceModuleToExternalTotalErrorTime": 0.0,
    "ResilienceModuleToExternalTotalTime": 2330.0,
    "ResilienceModuleToExternalAverageTimePerRequest": 93.2
  },
  {
    "ClientToModuleTotalTime": 2253.0,
    "ClientToModulePercentualError": 0.0,
    "ResilienceModuleToExternalTotalSuccessTime": 2338.0,
    "ResilienceModuleToExternalTotalErrorTime": 0.0,
    "ResilienceModuleToExternalTotalTime": 2338.0,
    "ResilienceModuleToExternalAverageTimePerRequest": 93.52
  }
]
