[
  {
    "ClientToModuleTotalTime": 12372.0,
    "ClientToModulePercentualError": 0.31493993993993996,
    "ResilienceModuleToExternalTotalSuccessTime": 11607.5,
    "ResilienceModuleToExternalTotalErrorTime": 752.0,
    "ResilienceModuleToExternalTotalTime": 12355.0,
    "ResilienceModuleToExternalAverageTimePerRequest": 464.29999999999995
  },
  {
    "ClientToModuleTotalTime": 11995.0,
    "ClientToModulePercentualError": 0.3055555555555556,
    "ResilienceModuleToExternalTotalSuccessTime": 11512.5,
    "ResilienceModuleToExternalTotalErrorTime": 777.0,
    "ResilienceModuleToExternalTotalTime": 12175.5,
    "ResilienceModuleToExternalAverageTimePerRequest": 460.5
  },
  {
    "ClientToModuleTotalTime": 12154.5,
    "ClientToModulePercentualError": 0.32432432432432434,
    "ResilienceModuleToExternalTotalSuccessTime": 11761.5,
    "ResilienceModuleToExternalTotalErrorTime": 590.0,
    "ResilienceModuleToExternalTotalTime": 12267.5,
    "ResilienceModuleToExternalAverageTimePerRequest": 470.46000000000004
  },
  {
    "ClientToModuleTotalTime": 11702.5,
    "ClientToModulePercentualError": 0.3332147937411095,
    "ResilienceModuleToExternalTotalSuccessTime": 10274.5,
    "ResilienceModuleToExternalTotalErrorTime": 1151.5,
    "ResilienceModuleToExternalTotalTime": 11761.0,
    "ResilienceModuleToExternalAverageTimePerRequest": 410.98
  },
  {
    "ClientToModuleTotalTime": 11630.5,
    "ClientToModulePercentualError": 0.31493993993993996,
    "ResilienceModuleToExternalTotalSuccessTime": 10988.5,
    "ResilienceModuleToExternalTotalErrorTime": 466.5,
    "ResilienceModuleToExternalTotalTime": 11778.5,
    "ResilienceModuleToExternalAverageTimePerRequest": 439.53999999999996
  }
]
