[
  {
    "ClientToModuleTotalTime": 171.0,
    "ClientToModulePercentualError": 0.21875,
    "ResilienceModuleToExternalTotalSuccessTime": 144.5,
    "ResilienceModuleToExternalTotalErrorTime": 16.0,
    "ResilienceModuleToExternalTotalTime": 160.5,
    "ResilienceModuleToExternalAverageTimePerRequest": 5.78
  },
  {
    "ClientToModuleTotalTime": 249.0,
    "ClientToModulePercentualError": 0.5920995488213864,
    "ResilienceModuleToExternalTotalSuccessTime": 131.0,
    "ResilienceModuleToExternalTotalErrorTime": 10.5,
    "ResilienceModuleToExternalTotalTime": 141.5,
    "ResilienceModuleToExternalAverageTimePerRequest": 5.24
  },
  {
    "ClientToModuleTotalTime": 142.0,
    "ClientToModulePercentualError": 0.1657397107897664,
    "ResilienceModuleToExternalTotalSuccessTime": 127.0,
    "ResilienceModuleToExternalTotalErrorTime": 9.5,
    "ResilienceModuleToExternalTotalTime": 136.5,
    "ResilienceModuleToExternalAverageTimePerRequest": 5.08
  },
  {
    "ClientToModuleTotalTime": 385.0,
    "ClientToModulePercentualError": 0.6188554092965858,
    "ResilienceModuleToExternalTotalSuccessTime": 140.5,
    "ResilienceModuleToExternalTotalErrorTime": 29.0,
    "ResilienceModuleToExternalTotalTime": 169.5,
    "ResilienceModuleToExternalAverageTimePerRequest": 5.62
  },
  {
    "ClientToModuleTotalTime": 129.0,
    "ClientToModulePercentualError": 0.109375,
    "ResilienceModuleToExternalTotalSuccessTime": 116.0,
    "ResilienceModuleToExternalTotalErrorTime": 8.5,
    "ResilienceModuleToExternalTotalTime": 124.5,
    "ResilienceModuleToExternalAverageTimePerRequest": 4.64
  }
]
