[
  {
    "ClientToModuleTotalTime": 4043.0,
    "ClientToModulePercentualError": 0.34210526315789475,
    "ResilienceModuleToExternalTotalSuccessTime": 3278.0,
    "ResilienceModuleToExternalTotalErrorTime": 397.5,
    "ResilienceModuleToExternalTotalTime": 4069.5,
    "ResilienceModuleToExternalAverageTimePerRequest": 131.12
  },
  {
    "ClientToModuleTotalTime": 2830.5,
    "ClientToModulePercentualError": 0.2647058823529412,
    "ResilienceModuleToExternalTotalSuccessTime": 2305.5,
    "ResilienceModuleToExternalTotalErrorTime": 241.0,
    "ResilienceModuleToExternalTotalTime": 2673.5,
    "ResilienceModuleToExternalAverageTimePerRequest": 92.22
  },
  {
    "ClientToModuleTotalTime": 2845.0,
    "ClientToModulePercentualError": 0.2647058823529412,
    "ResilienceModuleToExternalTotalSuccessTime": 2428.0,
    "ResilienceModuleToExternalTotalErrorTime": 187.0,
    "ResilienceModuleToExternalTotalTime": 2671.0,
    "ResilienceModuleToExternalAverageTimePerRequest": 97.12
  },
  {
    "ClientToModuleTotalTime": 2827.5,
    "ClientToModulePercentualError": 0.35053981106612686,
    "ResilienceModuleToExternalTotalSuccessTime": 2482.0,
    "ResilienceModuleToExternalTotalErrorTime": 437.0,
    "ResilienceModuleToExternalTotalTime": 2846.0,
    "ResilienceModuleToExternalAverageTimePerRequest": 99.28
  },
  {
    "ClientToModuleTotalTime": 2984.5,
    "ClientToModulePercentualError": 0.2647058823529412,
    "ResilienceModuleToExternalTotalSuccessTime": 2525.5,
    "ResilienceModuleToExternalTotalErrorTime": 353.5,
    "ResilienceModuleToExternalTotalTime": 2861.5,
    "ResilienceModuleToExternalAverageTimePerRequest": 101.02000000000001
  }
]
