[
  {
    "ClientToModuleTotalTime": 6071.0,
    "ClientToModulePercentualError": 0.2857142857142857,
    "ResilienceModuleToExternalTotalSuccessTime": 5211.5,
    "ResilienceModuleToExternalTotalErrorTime": 536.0,
    "ResilienceModuleToExternalTotalTime": 6048.0,
    "ResilienceModuleToExternalAverageTimePerRequest": 208.46
  },
  {
    "ClientToModuleTotalTime": 5880.5,
    "ClientToModulePercentualError": 0.2857142857142857,
    "ResilienceModuleToExternalTotalSuccessTime": 5064.5,
    "ResilienceModuleToExternalTotalErrorTime": 364.5,
    "ResilienceModuleToExternalTotalTime": 5636.5,
    "ResilienceModuleToExternalAverageTimePerRequest": 202.58
  },
  {
    "ClientToModuleTotalTime": 5802.0,
    "ClientToModulePercentualError": 0.375,
    "ResilienceModuleToExternalTotalSuccessTime": 5122.0,
    "ResilienceModuleToExternalTotalErrorTime": 394.5,
    "ResilienceModuleToExternalTotalTime": 5786.0,
    "ResilienceModuleToExternalAverageTimePerRequest": 204.88
  },
  {
    "ClientToModuleTotalTime": 6183.5,
    "ClientToModulePercentualError": 0.3332147937411095,
    "ResilienceModuleToExternalTotalSuccessTime": 5096.5,
    "ResilienceModuleToExternalTotalErrorTime": 738.5,
    "ResilienceModuleToExternalTotalTime": 5946.5,
    "ResilienceModuleToExternalAverageTimePerRequest": 203.86
  },
  {
    "ClientToModuleTotalTime": 5810.5,
    "ClientToModulePercentualError": 0.32432432432432434,
    "ResilienceModuleToExternalTotalSuccessTime": 5301.5,
    "ResilienceModuleToExternalTotalErrorTime": 455.0,
    "ResilienceModuleToExternalTotalTime": 5888.0,
    "ResilienceModuleToExternalAverageTimePerRequest": 212.06
  }
]
