[
  {
    "ClientToModuleTotalTime": 6565.5,
    "ClientToModulePercentualError": 0.0,
    "ResilienceModuleToExternalTotalSuccessTime": 6902.5,
    "ResilienceModuleToExternalTotalErrorTime": 0.0,
    "ResilienceModuleToExternalTotalTime": 6902.5,
    "ResilienceModuleToExternalAverageTimePerRequest": 275.98
  },
  {
    "ClientToModuleTotalTime": 6647.0,
    "ClientToModulePercentualError": 0.0,
    "ResilienceModuleToExternalTotalSuccessTime": 6949.5,
    "ResilienceModuleToExternalTotalErrorTime": 0.0,
    "ResilienceModuleToExternalTotalTime": 6949.5,
    "ResilienceModuleToExternalAverageTimePerRequest": 277.98
  },
  {
    "ClientToModuleTotalTime": 6342.0,
    "ClientToModulePercentualError": 0.0,
    "ResilienceModuleToExternalTotalSuccessTime": 6560.0,
    "ResilienceModuleToExternalTotalErrorTime": 0.0,
    "ResilienceModuleToExternalTotalTime": 6560.0,
    "ResilienceModuleToExternalAverageTimePerRequest": 262.4
  },
  {
    "ClientToModuleTotalTime": 8629.5,
    "ClientToModulePercentualError": 0.0,
    "ResilienceModuleToExternalTotalSuccessTime": 8912.0,
    "ResilienceModuleToExternalTotalErrorTime": 0.0,
    "ResilienceModuleToExternalTotalTime": 8912.0,
    "ResilienceModuleToExternalAverageTimePerRequest": 356.48
  },
  {
    "ClientToModuleTotalTime": 7656.5,
    "ClientToModulePercentualError": 0.0,
    "ResilienceModuleToExternalTotalSuccessTime": 7993.0,
    "ResilienceModuleToExternalTotalErrorTime": 0.0,
    "ResilienceModuleToExternalTotalTime": 7993.0,
    "ResilienceModuleToExternalAverageTimePerRequest": 319.72
  },
  {
    "ClientToModuleTotalTime": 6473.5,
    "ClientToModulePercentualError": 0.0,
    "ResilienceModuleToExternalTotalSuccessTime": 6743.0,
    "ResilienceModuleToExternalTotalErrorTime": 0.0,
    "ResilienceModuleToExternalTotalTime": 6743.0,
    "ResilienceModuleToExternalAverageTimePerRequest": 269.72
  },
  {
    "ClientToModuleTotalTime": 6505.0,
    "ClientToModulePercentualError": 0.0,
    "ResilienceModuleToExternalTotalSuccessTime": 6779.0,
    "ResilienceModuleToExternalTotalErrorTime": 0.0,
    "ResilienceModuleToExternalTotalTime": 6779.0,
    "ResilienceModuleToExternalAverageTimePerRequest": 271.15999999999997
  },
  {
    "ClientToModuleTotalTime": 6778.5,
    "ClientToModulePercentualError": 0.0,
    "ResilienceModuleToExternalTotalSuccessTime": 7067.5,
    "ResilienceModuleToExternalTotalErrorTime": 0.0,
    "ResilienceModuleToExternalTotalTime": 7067.5,
    "ResilienceModuleToExternalAverageTimePerRequest": 282.7
  },
  {
    "ClientToModuleTotalTime": 9000.5,
    "ClientToModulePercentualError": 0.0,
    "ResilienceModuleToExternalTotalSuccessTime": 9354.0,
    "ResilienceModuleToExternalTotalErrorTime": 0.0,
    "ResilienceModuleToExternalTotalTime": 9354.0,
    "ResilienceModuleToExternalAverageTimePerRequest": 374.15999999999997
  },
  {
    "ClientToModuleTotalTime": 7016.0,
    "ClientToModulePercentualError": 0.0,
    "ResilienceModuleToExternalTotalSuccessTime": 7337.0,
    "ResilienceModuleToExternalTotalErrorTime": 0.0,
    "ResilienceModuleToExternalTotalTime": 7337.0,
    "ResilienceModuleToExternalAverageTimePerRequest": 293.48
  }
]
