[
  {
    "ClientToModuleTotalTime": 116.0,
    "ClientToModulePercentualError": 0.0,
    "ResilienceModuleToExternalTotalSuccessTime": 104.0,
    "ResilienceModuleToExternalTotalErrorTime": 0.0,
    "ResilienceModuleToExternalTotalTime": 104.0,
    "ResilienceModuleToExternalAverageTimePerRequest": 4.16
  },
  {
    "ClientToModuleTotalTime": 100.0,
    "ClientToModulePercentualError": 0.0,
    "ResilienceModuleToExternalTotalSuccessTime": 103.0,
    "ResilienceModuleToExternalTotalErrorTime": 0.0,
    "ResilienceModuleToExternalTotalTime": 103.0,
    "ResilienceModuleToExternalAverageTimePerRequest": 4.12
  },
  {
    "ClientToModuleTotalTime": 88.0,
    "ClientToModulePercentualError": 0.0,
    "ResilienceModuleToExternalTotalSuccessTime": 91.0,
    "ResilienceModuleToExternalTotalErrorTime": 0.0,
    "ResilienceModuleToExternalTotalTime": 91.0,
    "ResilienceModuleToExternalAverageTimePerRequest": 3.64
  },
  {
    "ClientToModuleTotalTime": 108.0,
    "ClientToModulePercentualError": 0.0,
    "ResilienceModuleToExternalTotalSuccessTime": 111.0,
    "ResilienceModuleToExternalTotalErrorTime": 0.0,
    "ResilienceModuleToExternalTotalTime": 111.0,
    "ResilienceModuleToExternalAverageTimePerRequest": 4.44
  },
  {
    "ClientToModuleTotalTime": 160.0,
    "ClientToModulePercentualError": 0.0,
    "ResilienceModuleToExternalTotalSuccessTime": 166.0,
    "ResilienceModuleToExternalTotalErrorTime": 0.0,
    "ResilienceModuleToExternalTotalTime": 166.0,
    "ResilienceModuleToExternalAverageTimePerRequest": 6.64
  },
  {
    "ClientToModuleTotalTime": 95.0,
    "ClientToModulePercentualError": 0.0,
    "ResilienceModuleToExternalTotalSuccessTime": 97.0,
    "ResilienceModuleToExternalTotalErrorTime": 0.0,
    "ResilienceModuleToExternalTotalTime": 97.0,
    "ResilienceModuleToExternalAverageTimePerRequest": 3.88
  },
  {
    "ClientToModuleTotalTime": 93.0,
    "ClientToModulePercentualError": 0.0,
    "ResilienceModuleToExternalTotalSuccessTime": 94.0,
    "ResilienceModuleToExternalTotalErrorTime": 0.0,
    "ResilienceModuleToExternalTotalTime": 94.0,
    "ResilienceModuleToExternalAverageTimePerRequest": 3.76
  },
  {
    "ClientToModuleTotalTime": 93.0,
    "ClientToModulePercentualError": 0.0,
    "ResilienceModuleToExternalTotalSuccessTime": 96.0,
    "ResilienceModuleToExternalTotalErrorTime": 0.0,
    "ResilienceModuleToExternalTotalTime": 96.0,
    "ResilienceModuleToExternalAverageTimePerRequest": 3.84
  },
  {
    "ClientToModuleTotalTime": 148.0,
    "ClientToModulePercentualError": 0.0,
    "ResilienceModuleToExternalTotalSuccessTime": 154.0,
    "ResilienceModuleToExternalTotalErrorTime": 0.0,
    "ResilienceModuleToExternalTotalTime": 154.0,
    "ResilienceModuleToExternalAverageTimePerRequest": 6.16
  },
  {
    "ClientToModuleTotalTime": 177.0,
    "ClientToModulePercentualError": 0.0,
    "ResilienceModuleToExternalTotalSuccessTime": 184.0,
    "ResilienceModuleToExternalTotalErrorTime": 0.0,
    "ResilienceModuleToExternalTotalTime": 184.0,
    "ResilienceModuleToExternalAverageTimePerRequest": 7.36
  }
]
