[
  {
    "ClientToModuleTotalTime": 1873.0,
    "ClientToModulePercentualError": 0.0,
    "ResilienceModuleToExternalTotalSuccessTime": 1966.0,
    "ResilienceModuleToExternalTotalErrorTime": 0.0,
    "ResilienceModuleToExternalTotalTime": 1966.0,
    "ResilienceModuleToExternalAverageTimePerRequest": 78.64
  },
  {
    "ClientToModuleTotalTime": 1482.0,
    "ClientToModulePercentualError": 0.0,
    "ResilienceModuleToExternalTotalSuccessTime": 1563.0,
    "ResilienceModuleToExternalTotalErrorTime": 0.0,
    "ResilienceModuleToExternalTotalTime": 1563.0,
    "ResilienceModuleToExternalAverageTimePerRequest": 62.52
  },
  {
    "ClientToModuleTotalTime": 1648.0,
    "ClientToModulePercentualError": 0.0,
    "ResilienceModuleToExternalTotalSuccessTime": 1733.0,
    "ResilienceModuleToExternalTotalErrorTime": 0.0,
    "ResilienceModuleToExternalTotalTime": 1733.0,
    "ResilienceModuleToExternalAverageTimePerRequest": 69.32
  },
  {
    "ClientToModuleTotalTime": 1665.0,
    "ClientToModulePercentualError": 0.0,
    "ResilienceModuleToExternalTotalSuccessTime": 1741.0,
    "ResilienceModuleToExternalTotalErrorTime": 0.0,
    "ResilienceModuleToExternalTotalTime": 1741.0,
    "ResilienceModuleToExternalAverageTimePerRequest": 69.64
  },
  {
    "ClientToModuleTotalTime": 2292.0,
    "ClientToModulePercentualError": 0.0,
    "ResilienceModuleToExternalTotalSuccessTime": 2391.0,
    "ResilienceModuleToExternalTotalErrorTime": 0.0,
    "ResilienceModuleToExternalTotalTime": 2391.0,
    "ResilienceModuleToExternalAverageTimePerRequest": 95.64
  },
  {
    "ClientToModuleTotalTime": 1522.0,
    "ClientToModulePercentualError": 0.0,
    "ResilienceModuleToExternalTotalSuccessTime": 1603.0,
    "ResilienceModuleToExternalTotalErrorTime": 0.0,
    "ResilienceModuleToExternalTotalTime": 1603.0,
    "ResilienceModuleToExternalAverageTimePerRequest": 64.12
  },
  {
    "ClientToModuleTotalTime": 1640.0,
    "ClientToModulePercentualError": 0.0,
    "ResilienceModuleToExternalTotalSuccessTime": 1723.0,
    "ResilienceModuleToExternalTotalErrorTime": 0.0,
    "ResilienceModuleToExternalTotalTime": 1723.0,
    "ResilienceModuleToExternalAverageTimePerRequest": 68.92
  },
  {
    "ClientToModuleTotalTime": 1658.0,
    "ClientToModulePercentualError": 0.0,
    "ResilienceModuleToExternalTotalSuccessTime": 1740.0,
    "ResilienceModuleToExternalTotalErrorTime": 0.0,
    "ResilienceModuleToExternalTotalTime": 1740.0,
    "ResilienceModuleToExternalAverageTimePerRequest": 69.6
  },
  {
    "ClientToModuleTotalTime": 2208.0,
    "ClientToModulePercentualError": 0.0,
    "ResilienceModuleToExternalTotalSuccessTime": 2310.0,
    "ResilienceModuleToExternalTotalErrorTime": 0.0,
    "ResilienceModuleToExternalTotalTime": 2310.0,
    "ResilienceModuleToExternalAverageTimePerRequest": 92.4
  },
  {
    "ClientToModuleTotalTime": 2420.0,
    "ClientToModulePercentualError": 0.0,
    "ResilienceModuleToExternalTotalSuccessTime": 2524.0,
    "ResilienceModuleToExternalTotalErrorTime": 0.0,
    "ResilienceModuleToExternalTotalTime": 2524.0,
    "ResilienceModuleToExternalAverageTimePerRequest": 100.96
  }
]
