[
  {
    "ClientToModuleTotalTime": 3431.0,
    "ClientToModulePercentualError": 0.0,
    "ResilienceModuleToExternalTotalSuccessTime": 3611.5,
    "ResilienceModuleToExternalTotalErrorTime": 0.0,
    "ResilienceModuleToExternalTotalTime": 3611.5,
    "ResilienceModuleToExternalAverageTimePerRequest": 144.46
  },
  {
    "ClientToModuleTotalTime": 3395.0,
    "ClientToModulePercentualError": 0.0,
    "ResilienceModuleToExternalTotalSuccessTime": 3558.5,
    "ResilienceModuleToExternalTotalErrorTime": 0.0,
    "ResilienceModuleToExternalTotalTime": 3558.5,
    "ResilienceModuleToExternalAverageTimePerRequest": 142.34
  },
  {
    "ClientToModuleTotalTime": 3146.0,
    "ClientToModulePercentualError": 0.0,
    "ResilienceModuleToExternalTotalSuccessTime": 3261.0,
    "ResilienceModuleToExternalTotalErrorTime": 0.0,
    "ResilienceModuleToExternalTotalTime": 3261.0,
    "ResilienceModuleToExternalAverageTimePerRequest": 130.44
  },
  {
    "ClientToModuleTotalTime": 4042.0,
    "ClientToModulePercentualError": 0.0,
    "ResilienceModuleToExternalTotalSuccessTime": 4194.0,
    "ResilienceModuleToExternalTotalErrorTime": 0.0,
    "ResilienceModuleToExternalTotalTime": 4194.0,
    "ResilienceModuleToExternalAverageTimePerRequest": 167.76
  },
  {
    "ClientToModuleTotalTime": 4515.0,
    "ClientToModulePercentualError": 0.0,
    "ResilienceModuleToExternalTotalSuccessTime": 4742.5,
    "ResilienceModuleToExternalTotalErrorTime": 0.0,
    "ResilienceModuleToExternalTotalTime": 4742.5,
    "ResilienceModuleToExternalAverageTimePerRequest": 189.7
  },
  {
    "ClientToModuleTotalTime": 3262.5,
    "ClientToModulePercentualError": 0.0,
    "ResilienceModuleToExternalTotalSuccessTime": 3385.5,
    "ResilienceModuleToExternalTotalErrorTime": 0.0,
    "ResilienceModuleToExternalTotalTime": 3385.5,
    "ResilienceModuleToExternalAverageTimePerRequest": 135.42000000000002
  },
  {
    "ClientToModuleTotalTime": 3160.5,
    "ClientToModulePercentualError": 0.0,
    "ResilienceModuleToExternalTotalSuccessTime": 3281.5,
    "ResilienceModuleToExternalTotalErrorTime": 0.0,
    "ResilienceModuleToExternalTotalTime": 3281.5,
    "ResilienceModuleToExternalAverageTimePerRequest": 131.26
  },
  {
    "ClientToModuleTotalTime": 2966.0,
    "ClientToModulePercentualError": 0.0,
    "ResilienceModuleToExternalTotalSuccessTime": 3113.5,
    "ResilienceModuleToExternalTotalErrorTime": 0.0,
    "ResilienceModuleToExternalTotalTime": 3113.5,
    "ResilienceModuleToExternalAverageTimePerRequest": 124.53999999999999
  },
  {
    "ClientToModuleTotalTime": 4215.5,
    "ClientToModulePercentualError": 0.0,
    "ResilienceModuleToExternalTotalSuccessTime": 4432.5,
    "ResilienceModuleToExternalTotalErrorTime": 0.0,
    "ResilienceModuleToExternalTotalTime": 4432.5,
    "ResilienceModuleToExternalAverageTimePerRequest": 177.3
  },
  {
    "ClientToModuleTotalTime": 3913.5,
    "ClientToModulePercentualError": 0.0,
    "ResilienceModuleToExternalTotalSuccessTime": 4129.5,
    "ResilienceModuleToExternalTotalErrorTime": 0.0,
    "ResilienceModuleToExternalTotalTime": 4129.5,
    "ResilienceModuleToExternalAverageTimePerRequest": 165.18
  }
]
