[
  {
    "ClientToModuleTotalTime": 9397.0,
    "ClientToModulePercentualError": 0.0,
    "ResilienceModuleToExternalTotalSuccessTime": 9385.5,
    "ResilienceModuleToExternalTotalErrorTime": 0.0,
    "ResilienceModuleToExternalTotalTime": 9385.5,
    "ResilienceModuleToExternalAverageTimePerRequest": 375.42
  },
  {
    "ClientToModuleTotalTime": 7919.0,
    "ClientToModulePercentualError": 0.0,
    "ResilienceModuleToExternalTotalSuccessTime": 7905.0,
    "ResilienceModuleToExternalTotalErrorTime": 0.0,
    "ResilienceModuleToExternalTotalTime": 7905.0,
    "ResilienceModuleToExternalAverageTimePerRequest": 316.20000000000005
  },
  {
    "ClientToModuleTotalTime": 9469.0,
    "ClientToModulePercentualError": 0.0,
    "ResilienceModuleToExternalTotalSuccessTime": 9457.0,
    "ResilienceModuleToExternalTotalErrorTime": 0.0,
    "ResilienceModuleToExternalTotalTime": 9457.0,
    "ResilienceModuleToExternalAverageTimePerRequest": 378.28
  },
  {
    "ClientToModuleTotalTime": 9543.5,
    "ClientToModulePercentualError": 0.0,
    "ResilienceModuleToExternalTotalSuccessTime": 9527.5,
    "ResilienceModuleToExternalTotalErrorTime": 0.0,
    "ResilienceModuleToExternalTotalTime": 9527.5,
    "ResilienceModuleToExternalAverageTimePerRequest": 381.1
  },
  {
    "ClientToModuleTotalTime": 9299.0,
    "ClientToModulePercentualError": 0.0,
    "ResilienceModuleToExternalTotalSuccessTime": 9282.5,
    "ResilienceModuleToExternalTotalErrorTime": 0.0,
    "ResilienceModuleToExternalTotalTime": 9282.5,
    "ResilienceModuleToExternalAverageTimePerRequest": 371.29999999999995
  },
  {
    "ClientToModuleTotalTime": 8923.5,
    "ClientToModulePercentualError": 0.0,
    "ResilienceModuleToExternalTotalSuccessTime": 8912.0,
    "ResilienceModuleToExternalTotalErrorTime": 0.0,
    "ResilienceModuleToExternalTotalTime": 8912.0,
    "ResilienceModuleToExternalAverageTimePerRequest": 356.48
  },
  {
    "ClientToModuleTotalTime": 9576.5,
    "ClientToModulePercentualError": 0.0,
    "ResilienceModuleToExternalTotalSuccessTime": 9562.5,
    "ResilienceModuleToExternalTotalErrorTime": 0.0,
    "ResilienceModuleToExternalTotalTime": 9562.5,
    "ResilienceModuleToExternalAverageTimePerRequest": 382.5
  },
  {
    "ClientToModuleTotalTime": 9289.5,
    "ClientToModulePercentualError": 0.0,
    "ResilienceModuleToExternalTotalSuccessTime": 9277.0,
    "ResilienceModuleToExternalTotalErrorTime": 0.0,
    "ResilienceModuleToExternalTotalTime": 9277.0,
    "ResilienceModuleToExternalAverageTimePerRequest": 371.08000000000004
  },
  {
    "ClientToModuleTotalTime": 9207.5,
    "ClientToModulePercentualError": 0.0,
    "ResilienceModuleToExternalTotalSuccessTime": 9197.5,
    "ResilienceModuleToExternalTotalErrorTime": 0.0,
    "ResilienceModuleToExternalTotalTime": 9197.5,
    "ResilienceModuleToExternalAverageTimePerRequest": 367.9
  },
  {
    "ClientToModuleTotalTime": 9127.0,
    "ClientToModulePercentualError": 0.0,
    "ResilienceModuleToExternalTotalSuccessTime": 9115.0,
    "ResilienceModuleToExternalTotalErrorTime": 0.0,
    "ResilienceModuleToExternalTotalTime": 9115.0,
    "ResilienceModuleToExternalAverageTimePerRequest": 364.6
  }
]
