[
  {
    "ClientToModuleTotalTime": 134.0,
    "ClientToModulePercentualError": 0.0,
    "ResilienceModuleToExternalTotalSuccessTime": 120.0,
    "ResilienceModuleToExternalTotalErrorTime": 0.0,
    "ResilienceModuleToExternalTotalTime": 120.0,
    "ResilienceModuleToExternalAverageTimePerRequest": 4.8
  },
  {
    "ClientToModuleTotalTime": 117.0,
    "ClientToModulePercentualError": 0.0,
    "ResilienceModuleToExternalTotalSuccessTime": 110.0,
    "ResilienceModuleToExternalTotalErrorTime": 0.0,
    "ResilienceModuleToExternalTotalTime": 110.0,
    "ResilienceModuleToExternalAverageTimePerRequest": 4.4
  },
  {
    "ClientToModuleTotalTime": 129.0,
    "ClientToModulePercentualError": 0.0,
    "ResilienceModuleToExternalTotalSuccessTime": 117.0,
    "ResilienceModuleToExternalTotalErrorTime": 0.0,
    "ResilienceModuleToExternalTotalTime": 117.0,
    "ResilienceModuleToExternalAverageTimePerRequest": 4.68
  },
  {
    "ClientToModuleTotalTime": 186.0,
    "ClientToModulePercentualError": 0.0,
    "ResilienceModuleToExternalTotalSuccessTime": 176.0,
    "ResilienceModuleToExternalTotalErrorTime": 0.0,
    "ResilienceModuleToExternalTotalTime": 176.0,
    "ResilienceModuleToExternalAverageTimePerRequest": 7.04
  },
  {
    "ClientToModuleTotalTime": 121.0,
    "ClientToModulePercentualError": 0.0,
    "ResilienceModuleToExternalTotalSuccessTime": 109.0,
    "ResilienceModuleToExternalTotalErrorTime": 0.0,
    "ResilienceModuleToExternalTotalTime": 109.0,
    "ResilienceModuleToExternalAverageTimePerRequest": 4.36
  },
  {
    "ClientToModuleTotalTime": 119.0,
    "ClientToModulePercentualError": 0.0,
    "ResilienceModuleToExternalTotalSuccessTime": 107.0,
    "ResilienceModuleToExternalTotalErrorTime": 0.0,
    "ResilienceModuleToExternalTotalTime": 107.0,
    "ResilienceModuleToExternalAverageTimePerRequest": 4.28
  },
  {
    "ClientToModuleTotalTime": 113.0,
    "ClientToModulePercentualError": 0.0,
    "ResilienceModuleToExternalTotalSuccessTime": 102.0,
    "ResilienceModuleToExternalTotalErrorTime": 0.0,
    "ResilienceModuleToExternalTotalTime": 102.0,
    "ResilienceModuleToExternalAverageTimePerRequest": 4.08
  },
  {
    "ClientToModuleTotalTime": 192.0,
    "ClientToModulePercentualError": 0.0,
    "ResilienceModuleToExternalTotalSuccessTime": 182.0,
    "ResilienceModuleToExternalTotalErrorTime": 0.0,
    "ResilienceModuleToExternalTotalTime": 182.0,
    "ResilienceModuleToExternalAverageTimePerRequest": 7.28
  },
  {
    "ClientToModuleTotalTime": 118.0,
    "ClientToModulePercentualError": 0.0,
    "ResilienceModuleToExternalTotalSuccessTime": 106.0,
    "ResilienceModuleToExternalTotalErrorTime": 0.0,
    "ResilienceModuleToExternalTotalTime": 106.0,
    "ResilienceModuleToExternalAverageTimePerRequest": 4.24
  },
  {
    "ClientToModuleTotalTime": 126.0,
    "ClientToModulePercentualError": 0.0,
    "ResilienceModuleToExternalTotalSuccessTime": 113.0,
    "ResilienceModuleToExternalTotalErrorTime": 0.0,
    "ResilienceModuleToExternalTotalTime": 113.0,
    "ResilienceModuleToExternalAverageTimePerRequest": 4.52
  }
]
