[
  {
    "ClientToModuleTotalTime": 2215.0,
    "ClientToModulePercentualError": 0.0,
    "ResilienceModuleToExternalTotalSuccessTime": 2203.0,
    "ResilienceModuleToExternalTotalErrorTime": 0.0,
    "ResilienceModuleToExternalTotalTime": 2203.0,
    "ResilienceModuleToExternalAverageTimePerRequest": 88.12
  },
  {
    "ClientToModuleTotalTime": 2317.0,
    "ClientToModulePercentualError": 0.0,
    "ResilienceModuleToExternalTotalSuccessTime": 2304.0,
    "ResilienceModuleToExternalTotalErrorTime": 0.0,
    "ResilienceModuleToExternalTotalTime": 2304.0,
    "ResilienceModuleToExternalAverageTimePerRequest": 92.16
  },
  {
    "ClientToModuleTotalTime": 2318.0,
    "ClientToModulePercentualError": 0.0,
    "ResilienceModuleToExternalTotalSuccessTime": 2306.0,
    "ResilienceModuleToExternalTotalErrorTime": 0.0,
    "ResilienceModuleToExternalTotalTime": 2306.0,
    "ResilienceModuleToExternalAverageTimePerRequest": 92.24
  },
  {
    "ClientToModuleTotalTime": 2198.0,
    "ClientToModulePercentualError": 0.0,
    "ResilienceModuleToExternalTotalSuccessTime": 2185.0,
    "ResilienceModuleToExternalTotalErrorTime": 0.0,
    "ResilienceModuleToExternalTotalTime": 2185.0,
    "ResilienceModuleToExternalAverageTimePerRequest": 87.4
  },
  {
    "ClientToModuleTotalTime": 2167.0,
    "ClientToModulePercentualError": 0.0,
    "ResilienceModuleToExternalTotalSuccessTime": 2155.0,
    "ResilienceModuleToExternalTotalErrorTime": 0.0,
    "ResilienceModuleToExternalTotalTime": 2155.0,
    "ResilienceModuleToExternalAverageTimePerRequest": 86.2
  },
  {
    "ClientToModuleTotalTime": 2244.0,
    "ClientToModulePercentualError": 0.0,
    "ResilienceModuleToExternalTotalSuccessTime": 2232.0,
    "ResilienceModuleToExternalTotalErrorTime": 0.0,
    "ResilienceModuleToExternalTotalTime": 2232.0,
    "ResilienceModuleToExternalAverageTimePerRequest": 89.28
  },
  {
    "ClientToModuleTotalTime": 2274.0,
    "ClientToModulePercentualError": 0.0,
    "ResilienceModuleToExternalTotalSuccessTime": 2262.0,
    "ResilienceModuleToExternalTotalErrorTime": 0.0,
    "ResilienceModuleToExternalTotalTime": 2262.0,
    "ResilienceModuleToExternalAverageTimePerRequest": 90.48
  },
  {
    "ClientToModuleTotalTime": 3012.0,
    "ClientToModulePercentualError": 0.0,
    "ResilienceModuleToExternalTotalSuccessTime": 3000.0,
    "ResilienceModuleToExternalTotalErrorTime": 0.0,
    "ResilienceModuleToExternalTotalTime": 3000.0,
    "ResilienceModuleToExternalAverageTimePerRequest": 120.0
  },
  {
    "ClientToModuleTotalTime": 2237.0,
    "ClientToModulePercentualError": 0.0,
    "ResilienceModuleToExternalTotalSuccessTime": 2225.0,
    "ResilienceModuleToExternalTotalErrorTime": 0.0,
    "ResilienceModuleToExternalTotalTime": 2225.0,
    "ResilienceModuleToExternalAverageTimePerRequest": 89.0
  },
  {
    "ClientToModuleTotalTime": 2131.0,
    "ClientToModulePercentualError": 0.0,
    "ResilienceModuleToExternalTotalSuccessTime": 2120.0,
    "ResilienceModuleToExternalTotalErrorTime": 0.0,
    "ResilienceModuleToExternalTotalTime": 2120.0,
    "ResilienceModuleToExternalAverageTimePerRequest": 84.8
  }
]
