[
  {
    "ClientToModuleTotalTime": 4657.5,
    "ClientToModulePercentualError": 0.0,
    "ResilienceModuleToExternalTotalSuccessTime": 4645.5,
    "ResilienceModuleToExternalTotalErrorTime": 0.0,
    "ResilienceModuleToExternalTotalTime": 4645.5,
    "ResilienceModuleToExternalAverageTimePerRequest": 185.82
  },
  {
    "ClientToModuleTotalTime": 4511.5,
    "ClientToModulePercentualError": 0.0,
    "ResilienceModuleToExternalTotalSuccessTime": 4498.5,
    "ResilienceModuleToExternalTotalErrorTime": 0.0,
    "ResilienceModuleToExternalTotalTime": 4498.5,
    "ResilienceModuleToExternalAverageTimePerRequest": 179.94
  },
  {
    "ClientToModuleTotalTime": 4499.0,
    "ClientToModulePercentualError": 0.0,
    "ResilienceModuleToExternalTotalSuccessTime": 4487.0,
    "ResilienceModuleToExternalTotalErrorTime": 0.0,
    "ResilienceModuleToExternalTotalTime": 4487.0,
    "ResilienceModuleToExternalAverageTimePerRequest": 179.48
  },
  {
    "ClientToModuleTotalTime": 5558.0,
    "ClientToModulePercentualError": 0.0,
    "ResilienceModuleToExternalTotalSuccessTime": 5546.0,
    "ResilienceModuleToExternalTotalErrorTime": 0.0,
    "ResilienceModuleToExternalTotalTime": 5546.0,
    "ResilienceModuleToExternalAverageTimePerRequest": 221.83999999999997
  },
  {
    "ClientToModuleTotalTime": 4566.0,
    "ClientToModulePercentualError": 0.0,
    "ResilienceModuleToExternalTotalSuccessTime": 4553.5,
    "ResilienceModuleToExternalTotalErrorTime": 0.0,
    "ResilienceModuleToExternalTotalTime": 4553.5,
    "ResilienceModuleToExternalAverageTimePerRequest": 182.14
  },
  {
    "ClientToModuleTotalTime": 4433.5,
    "ClientToModulePercentualError": 0.0,
    "ResilienceModuleToExternalTotalSuccessTime": 4422.0,
    "ResilienceModuleToExternalTotalErrorTime": 0.0,
    "ResilienceModuleToExternalTotalTime": 4422.0,
    "ResilienceModuleToExternalAverageTimePerRequest": 176.88
  },
  {
    "ClientToModuleTotalTime": 4379.5,
    "ClientToModulePercentualError": 0.0,
    "ResilienceModuleToExternalTotalSuccessTime": 4364.5,
    "ResilienceModuleToExternalTotalErrorTime": 0.0,
    "ResilienceModuleToExternalTotalTime": 4364.5,
    "ResilienceModuleToExternalAverageTimePerRequest": 174.57999999999998
  },
  {
    "ClientToModuleTotalTime": 5322.5,
    "ClientToModulePercentualError": 0.0,
    "ResilienceModuleToExternalTotalSuccessTime": 5311.0,
    "ResilienceModuleToExternalTotalErrorTime": 0.0,
    "ResilienceModuleToExternalTotalTime": 5311.0,
    "ResilienceModuleToExternalAverageTimePerRequest": 212.44
  },
  {
    "ClientToModuleTotalTime": 4445.5,
    "ClientToModulePercentualError": 0.0,
    "ResilienceModuleToExternalTotalSuccessTime": 4433.5,
    "ResilienceModuleToExternalTotalErrorTime": 0.0,
    "ResilienceModuleToExternalTotalTime": 4433.5,
    "ResilienceModuleToExternalAverageTimePerRequest": 177.34
  },
  {
    "ClientToModuleTotalTime": 4625.5,
    "ClientToModulePercentualError": 0.0,
    "ResilienceModuleToExternalTotalSuccessTime": 4612.0,
    "ResilienceModuleToExternalTotalErrorTime": 0.0,
    "ResilienceModuleToExternalTotalTime": 4612.0,
    "ResilienceModuleToExternalAverageTimePerRequest": 184.48000000000002
  }
]
