[
  {
    "ClientToModuleTotalTime": 333.5,
    "ClientToModulePercentualError": 199.0,
    "ResilienceModuleToExternalTotalSuccessTime": 108.5,
    "ResilienceModuleToExternalTotalErrorTime": 85.5,
    "ResilienceModuleToExternalTotalTime": 191.0,
    "ResilienceModuleToExternalAverageTimePerRequest": 19.045454545454547
  },
  {
    "ClientToModuleTotalTime": 419.0,
    "ClientToModulePercentualError": 182.33333333333331,
    "ResilienceModuleToExternalTotalSuccessTime": 122.5,
    "ResilienceModuleToExternalTotalErrorTime": 115.0,
    "ResilienceModuleToExternalTotalTime": 235.0,
    "ResilienceModuleToExternalAverageTimePerRequest": 24.700000000000003
  },
  {
    "ClientToModuleTotalTime": 2985.0,
    "ClientToModulePercentualError": 70.42857142857143,
    "ResilienceModuleToExternalTotalSuccessTime": 1487.5,
    "ResilienceModuleToExternalTotalErrorTime": 924.0,
    "ResilienceModuleToExternalTotalTime": 2366.0,
    "ResilienceModuleToExternalAverageTimePerRequest": 110.16833333333334
  },
  {
    "ClientToModuleTotalTime": 7095.0,
    "ClientToModulePercentualError": 54.55555555555556,
    "ResilienceModuleToExternalTotalSuccessTime": 4096.0,
    "ResilienceModuleToExternalTotalErrorTime": 2074.0,
    "ResilienceModuleToExternalTotalTime": 6196.5,
    "ResilienceModuleToExternalAverageTimePerRequest": 228.9823232323232
  },
  {
    "ClientToModuleTotalTime": 9152.5,
    "ClientToModulePercentualError": 57.8235294117647,
    "ResilienceModuleToExternalTotalSuccessTime": 4797.0,
    "ResilienceModuleToExternalTotalErrorTime": 3329.5,
    "ResilienceModuleToExternalTotalTime": 7989.5,
    "ResilienceModuleToExternalAverageTimePerRequest": 304.98
  },
  {
    "ClientToModuleTotalTime": 11701.0,
    "ClientToModulePercentualError": 54.72755417956656,
    "ResilienceModuleToExternalTotalSuccessTime": 6434.5,
    "ResilienceModuleToExternalTotalErrorTime": 4238.0,
    "ResilienceModuleToExternalTotalTime": 10896.5,
    "ResilienceModuleToExternalAverageTimePerRequest": 404.8785714285714
  },
  {
    "ClientToModuleTotalTime": 10672.0,
    "ClientToModulePercentualError": 49.0,
    "ResilienceModuleToExternalTotalSuccessTime": 5949.0,
    "ResilienceModuleToExternalTotalErrorTime": 3550.5,
    "ResilienceModuleToExternalTotalTime": 9548.0,
    "ResilienceModuleToExternalAverageTimePerRequest": 336.01238095238097
  },
  {
    "ClientToModuleTotalTime": 6768.0,
    "ClientToModulePercentualError": 61.5,
    "ResilienceModuleToExternalTotalSuccessTime": 3597.0,
    "ResilienceModuleToExternalTotalErrorTime": 2464.5,
    "ResilienceModuleToExternalTotalTime": 6018.5,
    "ResilienceModuleToExternalAverageTimePerRequest": 241.20238095238096
  },
  {
    "ClientToModuleTotalTime": 12194.5,
    "ClientToModulePercentualError": 51.63157894736842,
    "ResilienceModuleToExternalTotalSuccessTime": 6577.5,
    "ResilienceModuleToExternalTotalErrorTime": 3973.0,
    "ResilienceModuleToExternalTotalTime": 11090.5,
    "ResilienceModuleToExternalAverageTimePerRequest": 375.5466666666666
  },
  {
    "ClientToModuleTotalTime": 13179.5,
    "ClientToModulePercentualError": 61.5,
    "ResilienceModuleToExternalTotalSuccessTime": 7317.0,
    "ResilienceModuleToExternalTotalErrorTime": 4687.0,
    "ResilienceModuleToExternalTotalTime": 12081.5,
    "ResilienceModuleToExternalAverageTimePerRequest": 444.58000000000004
  }
]
