[
  {
    "ClientToModuleTotalTime": 190.0,
    "ClientToModulePercentualError": 249.0,
    "ResilienceModuleToExternalTotalSuccessTime": 70.0,
    "ResilienceModuleToExternalTotalErrorTime": 61.0,
    "ResilienceModuleToExternalTotalTime": 121.0,
    "ResilienceModuleToExternalAverageTimePerRequest": 16.0
  },
  {
    "ClientToModuleTotalTime": 376.0,
    "ClientToModulePercentualError": 141.85714285714286,
    "ResilienceModuleToExternalTotalSuccessTime": 148.0,
    "ResilienceModuleToExternalTotalErrorTime": 92.0,
    "ResilienceModuleToExternalTotalTime": 245.0,
    "ResilienceModuleToExternalAverageTimePerRequest": 25.11111111111111
  },
  {
    "ClientToModuleTotalTime": 585.0,
    "ClientToModulePercentualError": 249.0,
    "ResilienceModuleToExternalTotalSuccessTime": 146.0,
    "ResilienceModuleToExternalTotalErrorTime": 166.0,
    "ResilienceModuleToExternalTotalTime": 266.0,
    "ResilienceModuleToExternalAverageTimePerRequest": 33.1
  },
  {
    "ClientToModuleTotalTime": 4215.0,
    "ClientToModulePercentualError": 54.55555555555556,
    "ResilienceModuleToExternalTotalSuccessTime": 2385.0,
    "ResilienceModuleToExternalTotalErrorTime": 1129.0,
    "ResilienceModuleToExternalTotalTime": 3480.0,
    "ResilienceModuleToExternalAverageTimePerRequest": 136.52380952380952
  },
  {
    "ClientToModuleTotalTime": 4091.0,
    "ClientToModulePercentualError": 49.0,
    "ResilienceModuleToExternalTotalSuccessTime": 2337.0,
    "ResilienceModuleToExternalTotalErrorTime": 978.0,
    "ResilienceModuleToExternalTotalTime": 3507.0,
    "ResilienceModuleToExternalAverageTimePerRequest": 114.95454545454545
  },
  {
    "ClientToModuleTotalTime": 3647.0,
    "ClientToModulePercentualError": 65.66666666666667,
    "ResilienceModuleToExternalTotalSuccessTime": 1863.0,
    "ResilienceModuleToExternalTotalErrorTime": 1099.0,
    "ResilienceModuleToExternalTotalTime": 2986.0,
    "ResilienceModuleToExternalAverageTimePerRequest": 126.15384615384616
  },
  {
    "ClientToModuleTotalTime": 3905.0,
    "ClientToModulePercentualError": 54.55555555555556,
    "ResilienceModuleToExternalTotalSuccessTime": 1918.0,
    "ResilienceModuleToExternalTotalErrorTime": 1062.0,
    "ResilienceModuleToExternalTotalTime": 3058.0,
    "ResilienceModuleToExternalAverageTimePerRequest": 118.76190476190476
  },
  {
    "ClientToModuleTotalTime": 3894.0,
    "ClientToModulePercentualError": 54.55555555555556,
    "ResilienceModuleToExternalTotalSuccessTime": 2240.0,
    "ResilienceModuleToExternalTotalErrorTime": 966.0,
    "ResilienceModuleToExternalTotalTime": 3223.0,
    "ResilienceModuleToExternalAverageTimePerRequest": 124.44444444444444
  },
  {
    "ClientToModuleTotalTime": 4392.0,
    "ClientToModulePercentualError": 54.55555555555556,
    "ResilienceModuleToExternalTotalSuccessTime": 2078.0,
    "ResilienceModuleToExternalTotalErrorTime": 1159.0,
    "ResilienceModuleToExternalTotalTime": 3199.0,
    "ResilienceModuleToExternalAverageTimePerRequest": 111.28571428571429
  },
  {
    "ClientToModuleTotalTime": 4227.0,
    "ClientToModulePercentualError": 51.63157894736842,
    "ResilienceModuleToExternalTotalSuccessTime": 2298.0,
    "ResilienceModuleToExternalTotalErrorTime": 1223.0,
    "ResilienceModuleToExternalTotalTime": 3574.0,
    "ResilienceModuleToExternalAverageTimePerRequest": 128.69565217391303
  }
]
