[
  {
    "ClientToModuleTotalTime": 412.5,
    "ClientToModulePercentualError": 165.66666666666666,
    "ResilienceModuleToExternalTotalSuccessTime": 137.0,
    "ResilienceModuleToExternalTotalErrorTime": 97.5,
    "ResilienceModuleToExternalTotalTime": 227.5,
    "ResilienceModuleToExternalAverageTimePerRequest": 23.62091503267974
  },
  {
    "ClientToModuleTotalTime": 483.5,
    "ClientToModulePercentualError": 182.33333333333331,
    "ResilienceModuleToExternalTotalSuccessTime": 145.5,
    "ResilienceModuleToExternalTotalErrorTime": 136.0,
    "ResilienceModuleToExternalTotalTime": 269.5,
    "ResilienceModuleToExternalAverageTimePerRequest": 26.119999999999997
  },
  {
    "ClientToModuleTotalTime": 1366.0,
    "ClientToModulePercentualError": 94.45454545454545,
    "ResilienceModuleToExternalTotalSuccessTime": 534.0,
    "ResilienceModuleToExternalTotalErrorTime": 393.5,
    "ResilienceModuleToExternalTotalTime": 909.5,
    "ResilienceModuleToExternalAverageTimePerRequest": 53.0
  },
  {
    "ClientToModuleTotalTime": 5865.5,
    "ClientToModulePercentualError": 61.5,
    "ResilienceModuleToExternalTotalSuccessTime": 2525.0,
    "ResilienceModuleToExternalTotalErrorTime": 1709.5,
    "ResilienceModuleToExternalTotalTime": 4630.0,
    "ResilienceModuleToExternalAverageTimePerRequest": 176.06625
  },
  {
    "ClientToModuleTotalTime": 3992.0,
    "ClientToModulePercentualError": 68.04761904761905,
    "ResilienceModuleToExternalTotalSuccessTime": 2070.0,
    "ResilienceModuleToExternalTotalErrorTime": 1315.5,
    "ResilienceModuleToExternalTotalTime": 3240.0,
    "ResilienceModuleToExternalAverageTimePerRequest": 164.43157894736842
  },
  {
    "ClientToModuleTotalTime": 6391.5,
    "ClientToModulePercentualError": 59.66176470588235,
    "ResilienceModuleToExternalTotalSuccessTime": 4012.5,
    "ResilienceModuleToExternalTotalErrorTime": 1910.0,
    "ResilienceModuleToExternalTotalTime": 5730.0,
    "ResilienceModuleToExternalAverageTimePerRequest": 246.275
  },
  {
    "ClientToModuleTotalTime": 9024.0,
    "ClientToModulePercentualError": 51.63157894736842,
    "ResilienceModuleToExternalTotalSuccessTime": 4656.5,
    "ResilienceModuleToExternalTotalErrorTime": 3252.5,
    "ResilienceModuleToExternalTotalTime": 8132.5,
    "ResilienceModuleToExternalAverageTimePerRequest": 254.16315789473686
  },
  {
    "ClientToModuleTotalTime": 8534.5,
    "ClientToModulePercentualError": 56.189542483660134,
    "ResilienceModuleToExternalTotalSuccessTime": 4791.0,
    "ResilienceModuleToExternalTotalErrorTime": 3005.5,
    "ResilienceModuleToExternalTotalTime": 7794.0,
    "ResilienceModuleToExternalAverageTimePerRequest": 271.51555023923447
  },
  {
    "ClientToModuleTotalTime": 9290.0,
    "ClientToModulePercentualError": 49.0,
    "ResilienceModuleToExternalTotalSuccessTime": 4956.5,
    "ResilienceModuleToExternalTotalErrorTime": 3079.5,
    "ResilienceModuleToExternalTotalTime": 8440.0,
    "ResilienceModuleToExternalAverageTimePerRequest": 259.47416666666663
  },
  {
    "ClientToModuleTotalTime": 8710.5,
    "ClientToModulePercentualError": 57.8235294117647,
    "ResilienceModuleToExternalTotalSuccessTime": 4490.5,
    "ResilienceModuleToExternalTotalErrorTime": 3058.0,
    "ResilienceModuleToExternalTotalTime": 7865.0,
    "ResilienceModuleToExternalAverageTimePerRequest": 256.4761904761905
  }
]
