[
  {
    "ClientToModuleTotalTime": 6245.5,
    "ClientToModulePercentualError": 13.940000000000001,
    "ResilienceModuleToExternalTotalSuccessTime": 6014.0,
    "ResilienceModuleToExternalTotalErrorTime": 2.0,
    "ResilienceModuleToExternalTotalTime": 6131.0,
    "ResilienceModuleToExternalAverageTimePerRequest": 252.64
  },
  {
    "ClientToModuleTotalTime": 6201.5,
    "ClientToModulePercentualError": 2.06,
    "ResilienceModuleToExternalTotalSuccessTime": 5931.0,
    "ResilienceModuleToExternalTotalErrorTime": 5.5,
    "ResilienceModuleToExternalTotalTime": 6042.0,
    "ResilienceModuleToExternalAverageTimePerRequest": 244.23
  },
  {
    "ClientToModuleTotalTime": 8617.5,
    "ClientToModulePercentualError": 8.36,
    "ResilienceModuleToExternalTotalSuccessTime": 7307.0,
    "ResilienceModuleToExternalTotalErrorTime": 194.0,
    "ResilienceModuleToExternalTotalTime": 8300.5,
    "ResilienceModuleToExternalAverageTimePerRequest": 309.84000000000003
  },
  {
    "ClientToModuleTotalTime": 11071.0,
    "ClientToModulePercentualError": 5.92,
    "ResilienceModuleToExternalTotalSuccessTime": 8990.0,
    "ResilienceModuleToExternalTotalErrorTime": 323.5,
    "ResilienceModuleToExternalTotalTime": 10471.0,
    "ResilienceModuleToExternalAverageTimePerRequest": 413.76
  },
  {
    "ClientToModuleTotalTime": 13272.5,
    "ClientToModulePercentualError": 10.639999999999999,
    "ResilienceModuleToExternalTotalSuccessTime": 10231.0,
    "ResilienceModuleToExternalTotalErrorTime": 613.0,
    "ResilienceModuleToExternalTotalTime": 12811.0,
    "ResilienceModuleToExternalAverageTimePerRequest": 436.8466666666667
  },
  {
    "ClientToModuleTotalTime": 14244.5,
    "ClientToModulePercentualError": 2.62,
    "ResilienceModuleToExternalTotalSuccessTime": 11600.0,
    "ResilienceModuleToExternalTotalErrorTime": 531.0,
    "ResilienceModuleToExternalTotalTime": 13997.0,
    "ResilienceModuleToExternalAverageTimePerRequest": 475.9666666666667
  },
  {
    "ClientToModuleTotalTime": 13785.0,
    "ClientToModulePercentualError": 5.24,
    "ResilienceModuleToExternalTotalSuccessTime": 10967.0,
    "ResilienceModuleToExternalTotalErrorTime": 785.5,
    "ResilienceModuleToExternalTotalTime": 13376.0,
    "ResilienceModuleToExternalAverageTimePerRequest": 444.21777777777777
  },
  {
    "ClientToModuleTotalTime": 11885.5,
    "ClientToModulePercentualError": 4.779999999999999,
    "ResilienceModuleToExternalTotalSuccessTime": 9338.0,
    "ResilienceModuleToExternalTotalErrorTime": 503.0,
    "ResilienceModuleToExternalTotalTime": 11213.5,
    "ResilienceModuleToExternalAverageTimePerRequest": 392.0466666666666
  },
  {
    "ClientToModuleTotalTime": 13639.0,
    "ClientToModulePercentualError": 3.42,
    "ResilienceModuleToExternalTotalSuccessTime": 11115.0,
    "ResilienceModuleToExternalTotalErrorTime": 788.5,
    "ResilienceModuleToExternalTotalTime": 13214.5,
    "ResilienceModuleToExternalAverageTimePerRequest": 462.41999999999996
  },
  {
    "ClientToModuleTotalTime": 14201.0,
    "ClientToModulePercentualError": 3.14,
    "ResilienceModuleToExternalTotalSuccessTime": 11841.0,
    "ResilienceModuleToExternalTotalErrorTime": 528.5,
    "ResilienceModuleToExternalTotalTime": 14000.0,
    "ResilienceModuleToExternalAverageTimePerRequest": 503.8
  }
]
