[
  {
    "ClientToModuleTotalTime": 2040.0,
    "ClientToModulePercentualError": 33.89333333333334,
    "ResilienceModuleToExternalTotalSuccessTime": 1872.5,
    "ResilienceModuleToExternalTotalErrorTime": 2.0,
    "ResilienceModuleToExternalTotalTime": 1926.0,
    "ResilienceModuleToExternalAverageTimePerRequest": 84.6
  },
  {
    "ClientToModuleTotalTime": 2148.5,
    "ClientToModulePercentualError": 17.62,
    "ResilienceModuleToExternalTotalSuccessTime": 2000.5,
    "ResilienceModuleToExternalTotalErrorTime": 7.5,
    "ResilienceModuleToExternalTotalTime": 2083.0,
    "ResilienceModuleToExternalAverageTimePerRequest": 86.82
  },
  {
    "ClientToModuleTotalTime": 2415.5,
    "ClientToModulePercentualError": 26.67578947368421,
    "ResilienceModuleToExternalTotalSuccessTime": 2023.5,
    "ResilienceModuleToExternalTotalErrorTime": 5.5,
    "ResilienceModuleToExternalTotalTime": 2194.0,
    "ResilienceModuleToExternalAverageTimePerRequest": 97.03428571428572
  },
  {
    "ClientToModuleTotalTime": 3767.5,
    "ClientToModulePercentualError": 5.7,
    "ResilienceModuleToExternalTotalSuccessTime": 3257.0,
    "ResilienceModuleToExternalTotalErrorTime": 332.0,
    "ResilienceModuleToExternalTotalTime": 3668.5,
    "ResilienceModuleToExternalAverageTimePerRequest": 142.52272727272725
  },
  {
    "ClientToModuleTotalTime": 4001.0,
    "ClientToModulePercentualError": 5.8,
    "ResilienceModuleToExternalTotalSuccessTime": 3107.5,
    "ResilienceModuleToExternalTotalErrorTime": 280.0,
    "ResilienceModuleToExternalTotalTime": 3743.5,
    "ResilienceModuleToExternalAverageTimePerRequest": 145.3272727272727
  },
  {
    "ClientToModuleTotalTime": 4043.0,
    "ClientToModulePercentualError": 7.42,
    "ResilienceModuleToExternalTotalSuccessTime": 3349.0,
    "ResilienceModuleToExternalTotalErrorTime": 302.5,
    "ResilienceModuleToExternalTotalTime": 3806.5,
    "ResilienceModuleToExternalAverageTimePerRequest": 147.80461538461537
  },
  {
    "ClientToModuleTotalTime": 3960.0,
    "ClientToModulePercentualError": 9.72,
    "ResilienceModuleToExternalTotalSuccessTime": 3023.0,
    "ResilienceModuleToExternalTotalErrorTime": 158.0,
    "ResilienceModuleToExternalTotalTime": 3542.0,
    "ResilienceModuleToExternalAverageTimePerRequest": 135.92000000000002
  },
  {
    "ClientToModuleTotalTime": 3836.5,
    "ClientToModulePercentualError": 7.32,
    "ResilienceModuleToExternalTotalSuccessTime": 3159.0,
    "ResilienceModuleToExternalTotalErrorTime": 321.5,
    "ResilienceModuleToExternalTotalTime": 3657.5,
    "ResilienceModuleToExternalAverageTimePerRequest": 143.64
  },
  {
    "ClientToModuleTotalTime": 4145.5,
    "ClientToModulePercentualError": 10.540000000000001,
    "ResilienceModuleToExternalTotalSuccessTime": 3015.0,
    "ResilienceModuleToExternalTotalErrorTime": 372.0,
    "ResilienceModuleToExternalTotalTime": 3667.5,
    "ResilienceModuleToExternalAverageTimePerRequest": 141.41
  },
  {
    "ClientToModuleTotalTime": 3770.5,
    "ClientToModulePercentualError": 1.8599999999999999,
    "ResilienceModuleToExternalTotalSuccessTime": 3137.5,
    "ResilienceModuleToExternalTotalErrorTime": 385.5,
    "ResilienceModuleToExternalTotalTime": 3604.0,
    "ResilienceModuleToExternalAverageTimePerRequest": 135.62823529411764
  }
]
