[
  {
    "ClientToModuleTotalTime": 3670.5,
    "ClientToModulePercentualError": 14.780000000000001,
    "ResilienceModuleToExternalTotalSuccessTime": 3354.0,
    "ResilienceModuleToExternalTotalErrorTime": 4.0,
    "ResilienceModuleToExternalTotalTime": 3520.5,
    "ResilienceModuleToExternalAverageTimePerRequest": 144.17000000000002
  },
  {
    "ClientToModuleTotalTime": 3726.5,
    "ClientToModulePercentualError": 6.74,
    "ResilienceModuleToExternalTotalSuccessTime": 3386.5,
    "ResilienceModuleToExternalTotalErrorTime": 5.0,
    "ResilienceModuleToExternalTotalTime": 3546.5,
    "ResilienceModuleToExternalAverageTimePerRequest": 141.68666666666667
  },
  {
    "ClientToModuleTotalTime": 4238.5,
    "ClientToModulePercentualError": 12.3,
    "ResilienceModuleToExternalTotalSuccessTime": 3491.0,
    "ResilienceModuleToExternalTotalErrorTime": 16.0,
    "ResilienceModuleToExternalTotalTime": 3798.5,
    "ResilienceModuleToExternalAverageTimePerRequest": 143.34222222222223
  },
  {
    "ClientToModuleTotalTime": 6999.0,
    "ClientToModulePercentualError": 9.14,
    "ResilienceModuleToExternalTotalSuccessTime": 5301.5,
    "ResilienceModuleToExternalTotalErrorTime": 67.0,
    "ResilienceModuleToExternalTotalTime": 6659.0,
    "ResilienceModuleToExternalAverageTimePerRequest": 222.6977777777778
  },
  {
    "ClientToModuleTotalTime": 6407.5,
    "ClientToModulePercentualError": 6.38,
    "ResilienceModuleToExternalTotalSuccessTime": 4911.5,
    "ResilienceModuleToExternalTotalErrorTime": 137.5,
    "ResilienceModuleToExternalTotalTime": 5998.0,
    "ResilienceModuleToExternalAverageTimePerRequest": 235.86
  },
  {
    "ClientToModuleTotalTime": 7301.5,
    "ClientToModulePercentualError": 4.84,
    "ResilienceModuleToExternalTotalSuccessTime": 6116.0,
    "ResilienceModuleToExternalTotalErrorTime": 484.5,
    "ResilienceModuleToExternalTotalTime": 7119.0,
    "ResilienceModuleToExternalAverageTimePerRequest": 273.6714285714286
  },
  {
    "ClientToModuleTotalTime": 7866.5,
    "ClientToModulePercentualError": 10.14,
    "ResilienceModuleToExternalTotalSuccessTime": 6161.5,
    "ResilienceModuleToExternalTotalErrorTime": 1219.0,
    "ResilienceModuleToExternalTotalTime": 7692.0,
    "ResilienceModuleToExternalAverageTimePerRequest": 282.4551282051282
  },
  {
    "ClientToModuleTotalTime": 7814.5,
    "ClientToModulePercentualError": 4.9799999999999995,
    "ResilienceModuleToExternalTotalSuccessTime": 6255.5,
    "ResilienceModuleToExternalTotalErrorTime": 868.0,
    "ResilienceModuleToExternalTotalTime": 7763.5,
    "ResilienceModuleToExternalAverageTimePerRequest": 291.8928571428571
  },
  {
    "ClientToModuleTotalTime": 7631.5,
    "ClientToModulePercentualError": 4.34,
    "ResilienceModuleToExternalTotalSuccessTime": 6370.0,
    "ResilienceModuleToExternalTotalErrorTime": 696.5,
    "ResilienceModuleToExternalTotalTime": 7510.5,
    "ResilienceModuleToExternalAverageTimePerRequest": 278.64
  },
  {
    "ClientToModuleTotalTime": 7339.5,
    "ClientToModulePercentualError": 7.3,
    "ResilienceModuleToExternalTotalSuccessTime": 6100.5,
    "ResilienceModuleToExternalTotalErrorTime": 1021.0,
    "ResilienceModuleToExternalTotalTime": 7197.0,
    "ResilienceModuleToExternalAverageTimePerRequest": 269.06
  }
]
