[
  {
    "ClientToModuleTotalTime": 10766.0,
    "ClientToModulePercentualError": 0.9836619377913203,
    "ResilienceModuleToExternalTotalSuccessTime": 4470.5,
    "ResilienceModuleToExternalTotalErrorTime": 2784.5,
    "ResilienceModuleToExternalTotalTime": 7117.0,
    "ResilienceModuleToExternalAverageTimePerRequest": 178.82
  },
  {
    "ClientToModuleTotalTime": 11700.0,
    "ClientToModulePercentualError": 0.9815694938098498,
    "ResilienceModuleToExternalTotalSuccessTime": 4691.0,
    "ResilienceModuleToExternalTotalErrorTime": 2890.0,
    "ResilienceModuleToExternalTotalTime": 7486.0,
    "ResilienceModuleToExternalAverageTimePerRequest": 187.64
  },
  {
    "ClientToModuleTotalTime": 17449.5,
    "ClientToModulePercentualError": 0.980529583205704,
    "ResilienceModuleToExternalTotalSuccessTime": 7308.0,
    "ResilienceModuleToExternalTotalErrorTime": 4568.0,
    "ResilienceModuleToExternalTotalTime": 12949.5,
    "ResilienceModuleToExternalAverageTimePerRequest": 292.32
  },
  {
    "ClientToModuleTotalTime": 16383.0,
    "ClientToModulePercentualError": 0.9794275667558956,
    "ResilienceModuleToExternalTotalSuccessTime": 7457.5,
    "ResilienceModuleToExternalTotalErrorTime": 4110.5,
    "ResilienceModuleToExternalTotalTime": 11811.0,
    "ResilienceModuleToExternalAverageTimePerRequest": 298.3
  },
  {
    "ClientToModuleTotalTime": 12409.0,
    "ClientToModulePercentualError": 0.9823437521820928,
    "ResilienceModuleToExternalTotalSuccessTime": 5186.5,
    "ResilienceModuleToExternalTotalErrorTime": 3109.5,
    "ResilienceModuleToExternalTotalTime": 7959.5,
    "ResilienceModuleToExternalAverageTimePerRequest": 207.45999999999998
  },
  {
    "ClientToModuleTotalTime": 9797.0,
    "ClientToModulePercentualError": 0.9842605708324845,
    "ResilienceModuleToExternalTotalSuccessTime": 3954.0,
    "ResilienceModuleToExternalTotalErrorTime": 2475.5,
    "ResilienceModuleToExternalTotalTime": 6491.5,
    "ResilienceModuleToExternalAverageTimePerRequest": 158.16
  },
  {
    "ClientToModuleTotalTime": 11906.0,
    "ClientToModulePercentualError": 0.9824990006427239,
    "ResilienceModuleToExternalTotalSuccessTime": 5145.0,
    "ResilienceModuleToExternalTotalErrorTime": 2915.5,
    "ResilienceModuleToExternalTotalTime": 7832.5,
    "ResilienceModuleToExternalAverageTimePerRequest": 205.8
  },
  {
    "ClientToModuleTotalTime": 8122.0,
    "ClientToModulePercentualError": 0.9832464205149574,
    "ResilienceModuleToExternalTotalSuccessTime": 2976.5,
    "ResilienceModuleToExternalTotalErrorTime": 1643.5,
    "ResilienceModuleToExternalTotalTime": 4703.0,
    "ResilienceModuleToExternalAverageTimePerRequest": 119.06
  },
  {
    "ClientToModuleTotalTime": 10272.5,
    "ClientToModulePercentualError": 0.9848851048648396,
    "ResilienceModuleToExternalTotalSuccessTime": 3840.5,
    "ResilienceModuleToExternalTotalErrorTime": 2532.0,
    "ResilienceModuleToExternalTotalTime": 6457.0,
    "ResilienceModuleToExternalAverageTimePerRequest": 153.62
  },
  {
    "ClientToModuleTotalTime": 15344.5,
    "ClientToModulePercentualError": 0.98348199357222,
    "ResilienceModuleToExternalTotalSuccessTime": 6433.0,
    "ResilienceModuleToExternalTotalErrorTime": 4637.5,
    "ResilienceModuleToExternalTotalTime": 11209.0,
    "ResilienceModuleToExternalAverageTimePerRequest": 257.32000000000005
  }
]
