[
  {
    "ClientToModuleTotalTime": 4309.0,
    "ClientToModulePercentualError": 0.9998423110886843,
    "ResilienceModuleToExternalTotalSuccessTime": 138.0,
    "ResilienceModuleToExternalTotalErrorTime": 102.0,
    "ResilienceModuleToExternalTotalTime": 240.0,
    "ResilienceModuleToExternalAverageTimePerRequest": 5.52
  },
  {
    "ClientToModuleTotalTime": 4106.0,
    "ClientToModulePercentualError": 0.9998356852254727,
    "ResilienceModuleToExternalTotalSuccessTime": 149.0,
    "ResilienceModuleToExternalTotalErrorTime": 88.0,
    "ResilienceModuleToExternalTotalTime": 237.0,
    "ResilienceModuleToExternalAverageTimePerRequest": 5.96
  },
  {
    "ClientToModuleTotalTime": 3472.0,
    "ClientToModulePercentualError": 0.9998053656789624,
    "ResilienceModuleToExternalTotalSuccessTime": 149.0,
    "ResilienceModuleToExternalTotalErrorTime": 64.0,
    "ResilienceModuleToExternalTotalTime": 213.0,
    "ResilienceModuleToExternalAverageTimePerRequest": 5.96
  },
  {
    "ClientToModuleTotalTime": 1409.0,
    "ClientToModulePercentualError": 0.9994550052319497,
    "ResilienceModuleToExternalTotalSuccessTime": 136.0,
    "ResilienceModuleToExternalTotalErrorTime": 35.0,
    "ResilienceModuleToExternalTotalTime": 171.0,
    "ResilienceModuleToExternalAverageTimePerRequest": 5.44
  },
  {
    "ClientToModuleTotalTime": 1848.0,
    "ClientToModulePercentualError": 0.9996123069288506,
    "ResilienceModuleToExternalTotalSuccessTime": 161.0,
    "ResilienceModuleToExternalTotalErrorTime": 45.0,
    "ResilienceModuleToExternalTotalTime": 206.0,
    "ResilienceModuleToExternalAverageTimePerRequest": 6.44
  },
  {
    "ClientToModuleTotalTime": 3738.0,
    "ClientToModulePercentualError": 0.999818046842021,
    "ResilienceModuleToExternalTotalSuccessTime": 169.0,
    "ResilienceModuleToExternalTotalErrorTime": 96.0,
    "ResilienceModuleToExternalTotalTime": 265.0,
    "ResilienceModuleToExternalAverageTimePerRequest": 6.76
  },
  {
    "ClientToModuleTotalTime": 4292.0,
    "ClientToModulePercentualError": 0.9998427148672199,
    "ResilienceModuleToExternalTotalSuccessTime": 153.0,
    "ResilienceModuleToExternalTotalErrorTime": 79.0,
    "ResilienceModuleToExternalTotalTime": 232.0,
    "ResilienceModuleToExternalAverageTimePerRequest": 6.12
  },
  {
    "ClientToModuleTotalTime": 2673.0,
    "ClientToModulePercentualError": 0.9997380635562587,
    "ResilienceModuleToExternalTotalSuccessTime": 153.0,
    "ResilienceModuleToExternalTotalErrorTime": 63.0,
    "ResilienceModuleToExternalTotalTime": 216.0,
    "ResilienceModuleToExternalAverageTimePerRequest": 6.12
  },
  {
    "ClientToModuleTotalTime": 3260.0,
    "ClientToModulePercentualError": 0.9997886103242718,
    "ResilienceModuleToExternalTotalSuccessTime": 143.0,
    "ResilienceModuleToExternalTotalErrorTime": 60.0,
    "ResilienceModuleToExternalTotalTime": 203.0,
    "ResilienceModuleToExternalAverageTimePerRequest": 5.72
  },
  {
    "ClientToModuleTotalTime": 2242.0,
    "ClientToModulePercentualError": 0.9996834200762325,
    "ResilienceModuleToExternalTotalSuccessTime": 146.0,
    "ResilienceModuleToExternalTotalErrorTime": 52.0,
    "ResilienceModuleToExternalTotalTime": 198.0,
    "ResilienceModuleToExternalAverageTimePerRequest": 5.84
  }
]
