[
  {
    "ClientToModuleTotalTime": 5132.0,
    "ClientToModulePercentualError": 0.9871332990221308,
    "ResilienceModuleToExternalTotalSuccessTime": 1207.0,
    "ResilienceModuleToExternalTotalErrorTime": 840.0,
    "ResilienceModuleToExternalTotalTime": 2144.0,
    "ResilienceModuleToExternalAverageTimePerRequest": 48.28
  },
  {
    "ClientToModuleTotalTime": 6408.0,
    "ClientToModulePercentualError": 0.99059089198344,
    "ResilienceModuleToExternalTotalSuccessTime": 1595.0,
    "ResilienceModuleToExternalTotalErrorTime": 1180.0,
    "ResilienceModuleToExternalTotalTime": 2727.0,
    "ResilienceModuleToExternalAverageTimePerRequest": 63.8
  },
  {
    "ClientToModuleTotalTime": 5216.0,
    "ClientToModulePercentualError": 0.9891868512110726,
    "ResilienceModuleToExternalTotalSuccessTime": 1800.0,
    "ResilienceModuleToExternalTotalErrorTime": 980.0,
    "ResilienceModuleToExternalTotalTime": 2731.0,
    "ResilienceModuleToExternalAverageTimePerRequest": 72.0
  },
  {
    "ClientToModuleTotalTime": 6091.0,
    "ClientToModulePercentualError": 0.9904104334484082,
    "ResilienceModuleToExternalTotalSuccessTime": 1832.0,
    "ResilienceModuleToExternalTotalErrorTime": 1140.0,
    "ResilienceModuleToExternalTotalTime": 2911.0,
    "ResilienceModuleToExternalAverageTimePerRequest": 73.28
  },
  {
    "ClientToModuleTotalTime": 5850.0,
    "ClientToModulePercentualError": 0.990047770700637,
    "ResilienceModuleToExternalTotalSuccessTime": 1516.0,
    "ResilienceModuleToExternalTotalErrorTime": 999.0,
    "ResilienceModuleToExternalTotalTime": 2577.0,
    "ResilienceModuleToExternalAverageTimePerRequest": 60.64
  },
  {
    "ClientToModuleTotalTime": 6031.0,
    "ClientToModulePercentualError": 0.9911221590909091,
    "ResilienceModuleToExternalTotalSuccessTime": 1973.0,
    "ResilienceModuleToExternalTotalErrorTime": 1297.0,
    "ResilienceModuleToExternalTotalTime": 3271.0,
    "ResilienceModuleToExternalAverageTimePerRequest": 78.92
  },
  {
    "ClientToModuleTotalTime": 5172.0,
    "ClientToModulePercentualError": 0.9888442659526997,
    "ResilienceModuleToExternalTotalSuccessTime": 1562.0,
    "ResilienceModuleToExternalTotalErrorTime": 849.0,
    "ResilienceModuleToExternalTotalTime": 2485.0,
    "ResilienceModuleToExternalAverageTimePerRequest": 62.48
  },
  {
    "ClientToModuleTotalTime": 5280.0,
    "ClientToModulePercentualError": 0.9899959983993597,
    "ResilienceModuleToExternalTotalSuccessTime": 1502.0,
    "ResilienceModuleToExternalTotalErrorTime": 1055.0,
    "ResilienceModuleToExternalTotalTime": 2496.0,
    "ResilienceModuleToExternalAverageTimePerRequest": 60.08
  },
  {
    "ClientToModuleTotalTime": 5637.0,
    "ClientToModulePercentualError": 0.9913194444444444,
    "ResilienceModuleToExternalTotalSuccessTime": 1676.0,
    "ResilienceModuleToExternalTotalErrorTime": 1084.0,
    "ResilienceModuleToExternalTotalTime": 2721.0,
    "ResilienceModuleToExternalAverageTimePerRequest": 67.04
  },
  {
    "ClientToModuleTotalTime": 6510.0,
    "ClientToModulePercentualError": 0.9881235154394299,
    "ResilienceModuleToExternalTotalSuccessTime": 1834.0,
    "ResilienceModuleToExternalTotalErrorTime": 1315.0,
    "ResilienceModuleToExternalTotalTime": 2915.0,
    "ResilienceModuleToExternalAverageTimePerRequest": 73.36
  }
]
