[
  {
    "ClientToModuleTotalTime": 9787.0,
    "ClientToModulePercentualError": 0.9839455763800928,
    "ResilienceModuleToExternalTotalSuccessTime": 3403.5,
    "ResilienceModuleToExternalTotalErrorTime": 2097.5,
    "ResilienceModuleToExternalTotalTime": 5597.0,
    "ResilienceModuleToExternalAverageTimePerRequest": 136.14
  },
  {
    "ClientToModuleTotalTime": 10507.0,
    "ClientToModulePercentualError": 0.9835209317266287,
    "ResilienceModuleToExternalTotalSuccessTime": 4129.0,
    "ResilienceModuleToExternalTotalErrorTime": 2851.0,
    "ResilienceModuleToExternalTotalTime": 6767.0,
    "ResilienceModuleToExternalAverageTimePerRequest": 165.16
  },
  {
    "ClientToModuleTotalTime": 10758.0,
    "ClientToModulePercentualError": 0.9814145316076774,
    "ResilienceModuleToExternalTotalSuccessTime": 3733.5,
    "ResilienceModuleToExternalTotalErrorTime": 2543.5,
    "ResilienceModuleToExternalTotalTime": 6264.5,
    "ResilienceModuleToExternalAverageTimePerRequest": 149.34
  },
  {
    "ClientToModuleTotalTime": 11071.0,
    "ClientToModulePercentualError": 0.9847347310032208,
    "ResilienceModuleToExternalTotalSuccessTime": 4024.5,
    "ResilienceModuleToExternalTotalErrorTime": 2928.0,
    "ResilienceModuleToExternalTotalTime": 6806.5,
    "ResilienceModuleToExternalAverageTimePerRequest": 160.98000000000002
  },
  {
    "ClientToModuleTotalTime": 10853.0,
    "ClientToModulePercentualError": 0.9826317501500945,
    "ResilienceModuleToExternalTotalSuccessTime": 3869.0,
    "ResilienceModuleToExternalTotalErrorTime": 2633.5,
    "ResilienceModuleToExternalTotalTime": 6370.0,
    "ResilienceModuleToExternalAverageTimePerRequest": 154.76
  },
  {
    "ClientToModuleTotalTime": 8570.5,
    "ClientToModulePercentualError": 0.9866244503188966,
    "ResilienceModuleToExternalTotalSuccessTime": 3187.0,
    "ResilienceModuleToExternalTotalErrorTime": 2103.0,
    "ResilienceModuleToExternalTotalTime": 5299.5,
    "ResilienceModuleToExternalAverageTimePerRequest": 127.48
  },
  {
    "ClientToModuleTotalTime": 11142.5,
    "ClientToModulePercentualError": 0.9851031340530508,
    "ResilienceModuleToExternalTotalSuccessTime": 3549.0,
    "ResilienceModuleToExternalTotalErrorTime": 2951.5,
    "ResilienceModuleToExternalTotalTime": 6377.0,
    "ResilienceModuleToExternalAverageTimePerRequest": 141.95999999999998
  },
  {
    "ClientToModuleTotalTime": 10398.0,
    "ClientToModulePercentualError": 0.9838707999042654,
    "ResilienceModuleToExternalTotalSuccessTime": 3376.0,
    "ResilienceModuleToExternalTotalErrorTime": 2358.5,
    "ResilienceModuleToExternalTotalTime": 5712.0,
    "ResilienceModuleToExternalAverageTimePerRequest": 135.04000000000002
  },
  {
    "ClientToModuleTotalTime": 9853.0,
    "ClientToModulePercentualError": 0.9827559068597846,
    "ResilienceModuleToExternalTotalSuccessTime": 3510.5,
    "ResilienceModuleToExternalTotalErrorTime": 2335.5,
    "ResilienceModuleToExternalTotalTime": 5570.0,
    "ResilienceModuleToExternalAverageTimePerRequest": 140.42
  },
  {
    "ClientToModuleTotalTime": 10934.5,
    "ClientToModulePercentualError": 0.9849208023806579,
    "ResilienceModuleToExternalTotalSuccessTime": 3925.5,
    "ResilienceModuleToExternalTotalErrorTime": 2890.5,
    "ResilienceModuleToExternalTotalTime": 6662.5,
    "ResilienceModuleToExternalAverageTimePerRequest": 157.02
  }
]
