[
  {
    "ClientToModuleTotalTime": 8881.0,
    "ClientToModulePercentualError": 0.0,
    "ResilienceModuleToExternalTotalSuccessTime": 8868.5,
    "ResilienceModuleToExternalTotalErrorTime": 0.0,
    "ResilienceModuleToExternalTotalTime": 8868.5,
    "ResilienceModuleToExternalAverageTimePerRequest": 354.74
  },
  {
    "ClientToModuleTotalTime": 9239.5,
    "ClientToModulePercentualError": 0.0,
    "ResilienceModuleToExternalTotalSuccessTime": 9227.5,
    "ResilienceModuleToExternalTotalErrorTime": 0.0,
    "ResilienceModuleToExternalTotalTime": 9227.5,
    "ResilienceModuleToExternalAverageTimePerRequest": 369.1
  },
  {
    "ClientToModuleTotalTime": 9106.5,
    "ClientToModulePercentualError": 0.0,
    "ResilienceModuleToExternalTotalSuccessTime": 9095.5,
    "ResilienceModuleToExternalTotalErrorTime": 0.0,
    "ResilienceModuleToExternalTotalTime": 9095.5,
    "ResilienceModuleToExternalAverageTimePerRequest": 363.82000000000005
  },
  {
    "ClientToModuleTotalTime": 11082.5,
    "ClientToModulePercentualError": 0.0,
    "ResilienceModuleToExternalTotalSuccessTime": 11070.5,
    "ResilienceModuleToExternalTotalErrorTime": 0.0,
    "ResilienceModuleToExternalTotalTime": 11070.5,
    "ResilienceModuleToExternalAverageTimePerRequest": 442.82
  },
  {
    "ClientToModuleTotalTime": 9381.5,
    "ClientToModulePercentualError": 0.0,
    "ResilienceModuleToExternalTotalSuccessTime": 9369.5,
    "ResilienceModuleToExternalTotalErrorTime": 0.0,
    "ResilienceModuleToExternalTotalTime": 9369.5,
    "ResilienceModuleToExternalAverageTimePerRequest": 374.78
  },
  {
    "ClientToModuleTotalTime": 7994.0,
    "ClientToModulePercentualError": 0.0,
    "ResilienceModuleToExternalTotalSuccessTime": 7982.0,
    "ResilienceModuleToExternalTotalErrorTime": 0.0,
    "ResilienceModuleToExternalTotalTime": 7982.0,
    "ResilienceModuleToExternalAverageTimePerRequest": 319.28
  },
  {
    "ClientToModuleTotalTime": 9814.5,
    "ClientToModulePercentualError": 0.0,
    "ResilienceModuleToExternalTotalSuccessTime": 9801.0,
    "ResilienceModuleToExternalTotalErrorTime": 0.0,
    "ResilienceModuleToExternalTotalTime": 9801.0,
    "ResilienceModuleToExternalAverageTimePerRequest": 392.03999999999996
  },
  {
    "ClientToModuleTotalTime": 8692.5,
    "ClientToModulePercentualError": 0.0,
    "ResilienceModuleToExternalTotalSuccessTime": 8681.0,
    "ResilienceModuleToExternalTotalErrorTime": 0.0,
    "ResilienceModuleToExternalTotalTime": 8681.0,
    "ResilienceModuleToExternalAverageTimePerRequest": 347.24
  },
  {
    "ClientToModuleTotalTime": 8865.0,
    "ClientToModulePercentualError": 0.0,
    "ResilienceModuleToExternalTotalSuccessTime": 8854.0,
    "ResilienceModuleToExternalTotalErrorTime": 0.0,
    "ResilienceModuleToExternalTotalTime": 8854.0,
    "ResilienceModuleToExternalAverageTimePerRequest": 354.15999999999997
  },
  {
    "ClientToModuleTotalTime": 8900.0,
    "ClientToModulePercentualError": 0.0,
    "ResilienceModuleToExternalTotalSuccessTime": 8888.0,
    "ResilienceModuleToExternalTotalErrorTime": 0.0,
    "ResilienceModuleToExternalTotalTime": 8888.0,
    "ResilienceModuleToExternalAverageTimePerRequest": 355.52
  }
]
