[
  {
    "ClientToModuleTotalTime": 134.0,
    "ClientToModulePercentualError": 0.0,
    "ResilienceModuleToExternalTotalSuccessTime": 121.0,
    "ResilienceModuleToExternalTotalErrorTime": 0.0,
    "ResilienceModuleToExternalTotalTime": 121.0,
    "ResilienceModuleToExternalAverageTimePerRequest": 4.84
  },
  {
    "ClientToModuleTotalTime": 125.0,
    "ClientToModulePercentualError": 0.0,
    "ResilienceModuleToExternalTotalSuccessTime": 114.0,
    "ResilienceModuleToExternalTotalErrorTime": 0.0,
    "ResilienceModuleToExternalTotalTime": 114.0,
    "ResilienceModuleToExternalAverageTimePerRequest": 4.56
  },
  {
    "ClientToModuleTotalTime": 119.0,
    "ClientToModulePercentualError": 0.0,
    "ResilienceModuleToExternalTotalSuccessTime": 110.0,
    "ResilienceModuleToExternalTotalErrorTime": 0.0,
    "ResilienceModuleToExternalTotalTime": 110.0,
    "ResilienceModuleToExternalAverageTimePerRequest": 4.4
  },
  {
    "ClientToModuleTotalTime": 120.0,
    "ClientToModulePercentualError": 0.0,
    "ResilienceModuleToExternalTotalSuccessTime": 106.0,
    "ResilienceModuleToExternalTotalErrorTime": 0.0,
    "ResilienceModuleToExternalTotalTime": 106.0,
    "ResilienceModuleToExternalAverageTimePerRequest": 4.24
  },
  {
    "ClientToModuleTotalTime": 123.0,
    "ClientToModulePercentualError": 0.0,
    "ResilienceModuleToExternalTotalSuccessTime": 110.0,
    "ResilienceModuleToExternalTotalErrorTime": 0.0,
    "ResilienceModuleToExternalTotalTime": 110.0,
    "ResilienceModuleToExternalAverageTimePerRequest": 4.4
  },
  {
    "ClientToModuleTotalTime": 125.0,
    "ClientToModulePercentualError": 0.0,
    "ResilienceModuleToExternalTotalSuccessTime": 113.0,
    "ResilienceModuleToExternalTotalErrorTime": 0.0,
    "ResilienceModuleToExternalTotalTime": 113.0,
    "ResilienceModuleToExternalAverageTimePerRequest": 4.52
  },
  {
    "ClientToModuleTotalTime": 123.0,
    "ClientToModulePercentualError": 0.0,
    "ResilienceModuleToExternalTotalSuccessTime": 110.0,
    "ResilienceModuleToExternalTotalErrorTime": 0.0,
    "ResilienceModuleToExternalTotalTime": 110.0,
    "ResilienceModuleToExternalAverageTimePerRequest": 4.4
  },
  {
    "ClientToModuleTotalTime": 197.0,
    "ClientToModulePercentualError": 0.0,
    "ResilienceModuleToExternalTotalSuccessTime": 185.0,
    "ResilienceModuleToExternalTotalErrorTime": 0.0,
    "ResilienceModuleToExternalTotalTime": 185.0,
    "ResilienceModuleToExternalAverageTimePerRequest": 7.4
  },
  {
    "ClientToModuleTotalTime": 123.0,
    "ClientToModulePercentualError": 0.0,
    "ResilienceModuleToExternalTotalSuccessTime": 111.0,
    "ResilienceModuleToExternalTotalErrorTime": 0.0,
    "ResilienceModuleToExternalTotalTime": 111.0,
    "ResilienceModuleToExternalAverageTimePerRequest": 4.44
  },
  {
    "ClientToModuleTotalTime": 118.0,
    "ClientToModulePercentualError": 0.0,
    "ResilienceModuleToExternalTotalSuccessTime": 107.0,
    "ResilienceModuleToExternalTotalErrorTime": 0.0,
    "ResilienceModuleToExternalTotalTime": 107.0,
    "ResilienceModuleToExternalAverageTimePerRequest": 4.28
  }
]
