[
  {
    "ClientToModuleTotalTime": 2248.0,
    "ClientToModulePercentualError": 0.0,
    "ResilienceModuleToExternalTotalSuccessTime": 2235.0,
    "ResilienceModuleToExternalTotalErrorTime": 0.0,
    "ResilienceModuleToExternalTotalTime": 2235.0,
    "ResilienceModuleToExternalAverageTimePerRequest": 89.4
  },
  {
    "ClientToModuleTotalTime": 2364.0,
    "ClientToModulePercentualError": 0.0,
    "ResilienceModuleToExternalTotalSuccessTime": 2350.0,
    "ResilienceModuleToExternalTotalErrorTime": 0.0,
    "ResilienceModuleToExternalTotalTime": 2350.0,
    "ResilienceModuleToExternalAverageTimePerRequest": 94.0
  },
  {
    "ClientToModuleTotalTime": 2231.0,
    "ClientToModulePercentualError": 0.0,
    "ResilienceModuleToExternalTotalSuccessTime": 2218.0,
    "ResilienceModuleToExternalTotalErrorTime": 0.0,
    "ResilienceModuleToExternalTotalTime": 2218.0,
    "ResilienceModuleToExternalAverageTimePerRequest": 88.72
  },
  {
    "ClientToModuleTotalTime": 2269.0,
    "ClientToModulePercentualError": 0.0,
    "ResilienceModuleToExternalTotalSuccessTime": 2256.0,
    "ResilienceModuleToExternalTotalErrorTime": 0.0,
    "ResilienceModuleToExternalTotalTime": 2256.0,
    "ResilienceModuleToExternalAverageTimePerRequest": 90.24
  },
  {
    "ClientToModuleTotalTime": 2181.0,
    "ClientToModulePercentualError": 0.0,
    "ResilienceModuleToExternalTotalSuccessTime": 2172.0,
    "ResilienceModuleToExternalTotalErrorTime": 0.0,
    "ResilienceModuleToExternalTotalTime": 2172.0,
    "ResilienceModuleToExternalAverageTimePerRequest": 86.88
  },
  {
    "ClientToModuleTotalTime": 2229.0,
    "ClientToModulePercentualError": 0.0,
    "ResilienceModuleToExternalTotalSuccessTime": 2217.0,
    "ResilienceModuleToExternalTotalErrorTime": 0.0,
    "ResilienceModuleToExternalTotalTime": 2217.0,
    "ResilienceModuleToExternalAverageTimePerRequest": 88.68
  },
  {
    "ClientToModuleTotalTime": 2255.0,
    "ClientToModulePercentualError": 0.0,
    "ResilienceModuleToExternalTotalSuccessTime": 2244.0,
    "ResilienceModuleToExternalTotalErrorTime": 0.0,
    "ResilienceModuleToExternalTotalTime": 2244.0,
    "ResilienceModuleToExternalAverageTimePerRequest": 89.76
  },
  {
    "ClientToModuleTotalTime": 3016.0,
    "ClientToModulePercentualError": 0.0,
    "ResilienceModuleToExternalTotalSuccessTime": 2999.0,
    "ResilienceModuleToExternalTotalErrorTime": 0.0,
    "ResilienceModuleToExternalTotalTime": 2999.0,
    "ResilienceModuleToExternalAverageTimePerRequest": 119.96
  },
  {
    "ClientToModuleTotalTime": 2275.0,
    "ClientToModulePercentualError": 0.0,
    "ResilienceModuleToExternalTotalSuccessTime": 2262.0,
    "ResilienceModuleToExternalTotalErrorTime": 0.0,
    "ResilienceModuleToExternalTotalTime": 2262.0,
    "ResilienceModuleToExternalAverageTimePerRequest": 90.48
  },
  {
    "ClientToModuleTotalTime": 2480.0,
    "ClientToModulePercentualError": 0.0,
    "ResilienceModuleToExternalTotalSuccessTime": 2469.0,
    "ResilienceModuleToExternalTotalErrorTime": 0.0,
    "ResilienceModuleToExternalTotalTime": 2469.0,
    "ResilienceModuleToExternalAverageTimePerRequest": 98.76
  }
]
