[
  {
    "ClientToModuleTotalTime": 4420.5,
    "ClientToModulePercentualError": 0.0,
    "ResilienceModuleToExternalTotalSuccessTime": 4408.0,
    "ResilienceModuleToExternalTotalErrorTime": 0.0,
    "ResilienceModuleToExternalTotalTime": 4408.0,
    "ResilienceModuleToExternalAverageTimePerRequest": 176.32
  },
  {
    "ClientToModuleTotalTime": 4436.5,
    "ClientToModulePercentualError": 0.0,
    "ResilienceModuleToExternalTotalSuccessTime": 4423.5,
    "ResilienceModuleToExternalTotalErrorTime": 0.0,
    "ResilienceModuleToExternalTotalTime": 4423.5,
    "ResilienceModuleToExternalAverageTimePerRequest": 176.94
  },
  {
    "ClientToModuleTotalTime": 4447.0,
    "ClientToModulePercentualError": 0.0,
    "ResilienceModuleToExternalTotalSuccessTime": 4433.5,
    "ResilienceModuleToExternalTotalErrorTime": 0.0,
    "ResilienceModuleToExternalTotalTime": 4433.5,
    "ResilienceModuleToExternalAverageTimePerRequest": 177.34
  },
  {
    "ClientToModuleTotalTime": 5520.0,
    "ClientToModulePercentualError": 0.0,
    "ResilienceModuleToExternalTotalSuccessTime": 5509.0,
    "ResilienceModuleToExternalTotalErrorTime": 0.0,
    "ResilienceModuleToExternalTotalTime": 5509.0,
    "ResilienceModuleToExternalAverageTimePerRequest": 220.36
  },
  {
    "ClientToModuleTotalTime": 4602.0,
    "ClientToModulePercentualError": 0.0,
    "ResilienceModuleToExternalTotalSuccessTime": 4589.0,
    "ResilienceModuleToExternalTotalErrorTime": 0.0,
    "ResilienceModuleToExternalTotalTime": 4589.0,
    "ResilienceModuleToExternalAverageTimePerRequest": 183.56
  },
  {
    "ClientToModuleTotalTime": 4481.5,
    "ClientToModulePercentualError": 0.0,
    "ResilienceModuleToExternalTotalSuccessTime": 4469.0,
    "ResilienceModuleToExternalTotalErrorTime": 0.0,
    "ResilienceModuleToExternalTotalTime": 4469.0,
    "ResilienceModuleToExternalAverageTimePerRequest": 178.76
  },
  {
    "ClientToModuleTotalTime": 4507.0,
    "ClientToModulePercentualError": 0.0,
    "ResilienceModuleToExternalTotalSuccessTime": 4494.5,
    "ResilienceModuleToExternalTotalErrorTime": 0.0,
    "ResilienceModuleToExternalTotalTime": 4494.5,
    "ResilienceModuleToExternalAverageTimePerRequest": 179.78
  },
  {
    "ClientToModuleTotalTime": 6004.0,
    "ClientToModulePercentualError": 0.0,
    "ResilienceModuleToExternalTotalSuccessTime": 5991.5,
    "ResilienceModuleToExternalTotalErrorTime": 0.0,
    "ResilienceModuleToExternalTotalTime": 5991.5,
    "ResilienceModuleToExternalAverageTimePerRequest": 239.66
  },
  {
    "ClientToModuleTotalTime": 4590.0,
    "ClientToModulePercentualError": 0.0,
    "ResilienceModuleToExternalTotalSuccessTime": 4577.0,
    "ResilienceModuleToExternalTotalErrorTime": 0.0,
    "ResilienceModuleToExternalTotalTime": 4577.0,
    "ResilienceModuleToExternalAverageTimePerRequest": 183.07999999999998
  },
  {
    "ClientToModuleTotalTime": 4307.0,
    "ClientToModulePercentualError": 0.0,
    "ResilienceModuleToExternalTotalSuccessTime": 4295.5,
    "ResilienceModuleToExternalTotalErrorTime": 0.0,
    "ResilienceModuleToExternalTotalTime": 4295.5,
    "ResilienceModuleToExternalAverageTimePerRequest": 171.82
  }
]
