[
  {
    "ClientToModuleTotalTime": 9966.0,
    "ClientToModulePercentualError": 0.0,
    "ResilienceModuleToExternalTotalSuccessTime": 9951.5,
    "ResilienceModuleToExternalTotalErrorTime": 0.0,
    "ResilienceModuleToExternalTotalTime": 9951.5,
    "ResilienceModuleToExternalAverageTimePerRequest": 398.06
  },
  {
    "ClientToModuleTotalTime": 9170.0,
    "ClientToModulePercentualError": 0.0,
    "ResilienceModuleToExternalTotalSuccessTime": 9154.5,
    "ResilienceModuleToExternalTotalErrorTime": 0.0,
    "ResilienceModuleToExternalTotalTime": 9154.5,
    "ResilienceModuleToExternalAverageTimePerRequest": 366.18
  },
  {
    "ClientToModuleTotalTime": 9479.5,
    "ClientToModulePercentualError": 0.0,
    "ResilienceModuleToExternalTotalSuccessTime": 9467.0,
    "ResilienceModuleToExternalTotalErrorTime": 0.0,
    "ResilienceModuleToExternalTotalTime": 9467.0,
    "ResilienceModuleToExternalAverageTimePerRequest": 378.68
  },
  {
    "ClientToModuleTotalTime": 9650.5,
    "ClientToModulePercentualError": 0.0,
    "ResilienceModuleToExternalTotalSuccessTime": 9635.5,
    "ResilienceModuleToExternalTotalErrorTime": 0.0,
    "ResilienceModuleToExternalTotalTime": 9635.5,
    "ResilienceModuleToExternalAverageTimePerRequest": 385.42
  },
  {
    "ClientToModuleTotalTime": 9590.5,
    "ClientToModulePercentualError": 0.0,
    "ResilienceModuleToExternalTotalSuccessTime": 9575.0,
    "ResilienceModuleToExternalTotalErrorTime": 0.0,
    "ResilienceModuleToExternalTotalTime": 9575.0,
    "ResilienceModuleToExternalAverageTimePerRequest": 383.0
  }
]
