[
  {
    "ClientToModuleTotalTime": 127.0,
    "ClientToModulePercentualError": 0.0,
    "ResilienceModuleToExternalTotalSuccessTime": 113.0,
    "ResilienceModuleToExternalTotalErrorTime": 0.0,
    "ResilienceModuleToExternalTotalTime": 113.0,
    "ResilienceModuleToExternalAverageTimePerRequest": 4.52
  },
  {
    "ClientToModuleTotalTime": 129.0,
    "ClientToModulePercentualError": 0.0,
    "ResilienceModuleToExternalTotalSuccessTime": 115.0,
    "ResilienceModuleToExternalTotalErrorTime": 0.0,
    "ResilienceModuleToExternalTotalTime": 115.0,
    "ResilienceModuleToExternalAverageTimePerRequest": 4.6
  },
  {
    "ClientToModuleTotalTime": 129.0,
    "ClientToModulePercentualError": 0.0,
    "ResilienceModuleToExternalTotalSuccessTime": 115.0,
    "ResilienceModuleToExternalTotalErrorTime": 0.0,
    "ResilienceModuleToExternalTotalTime": 115.0,
    "ResilienceModuleToExternalAverageTimePerRequest": 4.6
  },
  {
    "ClientToModuleTotalTime": 123.0,
    "ClientToModulePercentualError": 0.0,
    "ResilienceModuleToExternalTotalSuccessTime": 112.0,
    "ResilienceModuleToExternalTotalErrorTime": 0.0,
    "ResilienceModuleToExternalTotalTime": 112.0,
    "ResilienceModuleToExternalAverageTimePerRequest": 4.48
  },
  {
    "ClientToModuleTotalTime": 136.0,
    "ClientToModulePercentualError": 0.0,
    "ResilienceModuleToExternalTotalSuccessTime": 123.0,
    "ResilienceModuleToExternalTotalErrorTime": 0.0,
    "ResilienceModuleToExternalTotalTime": 123.0,
    "ResilienceModuleToExternalAverageTimePerRequest": 4.92
  }
]
