[
  {
    "ClientToModuleTotalTime": 2346.0,
    "ClientToModulePercentualError": 0.0,
    "ResilienceModuleToExternalTotalSuccessTime": 2333.0,
    "ResilienceModuleToExternalTotalErrorTime": 0.0,
    "ResilienceModuleToExternalTotalTime": 2333.0,
    "ResilienceModuleToExternalAverageTimePerRequest": 93.32
  },
  {
    "ClientToModuleTotalTime": 2370.0,
    "ClientToModulePercentualError": 0.0,
    "ResilienceModuleToExternalTotalSuccessTime": 2358.0,
    "ResilienceModuleToExternalTotalErrorTime": 0.0,
    "ResilienceModuleToExternalTotalTime": 2358.0,
    "ResilienceModuleToExternalAverageTimePerRequest": 94.32
  },
  {
    "ClientToModuleTotalTime": 2143.0,
    "ClientToModulePercentualError": 0.0,
    "ResilienceModuleToExternalTotalSuccessTime": 2130.0,
    "ResilienceModuleToExternalTotalErrorTime": 0.0,
    "ResilienceModuleToExternalTotalTime": 2130.0,
    "ResilienceModuleToExternalAverageTimePerRequest": 85.2
  },
  {
    "ClientToModuleTotalTime": 2236.0,
    "ClientToModulePercentualError": 0.0,
    "ResilienceModuleToExternalTotalSuccessTime": 2220.0,
    "ResilienceModuleToExternalTotalErrorTime": 0.0,
    "ResilienceModuleToExternalTotalTime": 2220.0,
    "ResilienceModuleToExternalAverageTimePerRequest": 88.8
  },
  {
    "ClientToModuleTotalTime": 2315.0,
    "ClientToModulePercentualError": 0.0,
    "ResilienceModuleToExternalTotalSuccessTime": 2302.0,
    "ResilienceModuleToExternalTotalErrorTime": 0.0,
    "ResilienceModuleToExternalTotalTime": 2302.0,
    "ResilienceModuleToExternalAverageTimePerRequest": 92.08
  }
]
