[
  {
    "ClientToModuleTotalTime": 4438.5,
    "ClientToModulePercentualError": 0.0,
    "ResilienceModuleToExternalTotalSuccessTime": 4426.5,
    "ResilienceModuleToExternalTotalErrorTime": 0.0,
    "ResilienceModuleToExternalTotalTime": 4426.5,
    "ResilienceModuleToExternalAverageTimePerRequest": 177.06
  },
  {
    "ClientToModuleTotalTime": 4773.5,
    "ClientToModulePercentualError": 0.0,
    "ResilienceModuleToExternalTotalSuccessTime": 4759.5,
    "ResilienceModuleToExternalTotalErrorTime": 0.0,
    "ResilienceModuleToExternalTotalTime": 4759.5,
    "ResilienceModuleToExternalAverageTimePerRequest": 190.38
  },
  {
    "ClientToModuleTotalTime": 4701.5,
    "ClientToModulePercentualError": 0.0,
    "ResilienceModuleToExternalTotalSuccessTime": 4689.0,
    "ResilienceModuleToExternalTotalErrorTime": 0.0,
    "ResilienceModuleToExternalTotalTime": 4689.0,
    "ResilienceModuleToExternalAverageTimePerRequest": 187.56
  },
  {
    "ClientToModuleTotalTime": 4998.5,
    "ClientToModulePercentualError": 0.0,
    "ResilienceModuleToExternalTotalSuccessTime": 4984.5,
    "ResilienceModuleToExternalTotalErrorTime": 0.0,
    "ResilienceModuleToExternalTotalTime": 4984.5,
    "ResilienceModuleToExternalAverageTimePerRequest": 199.38
  },
  {
    "ClientToModuleTotalTime": 4781.0,
    "ClientToModulePercentualError": 0.0,
    "ResilienceModuleToExternalTotalSuccessTime": 4768.5,
    "ResilienceModuleToExternalTotalErrorTime": 0.0,
    "ResilienceModuleToExternalTotalTime": 4768.5,
    "ResilienceModuleToExternalAverageTimePerRequest": 190.74
  }
]
