[
  {
    "ClientToModuleTotalTime": 9361.5,
    "ClientToModulePercentualError": 0.0,
    "ResilienceModuleToExternalTotalSuccessTime": 9337.5,
    "ResilienceModuleToExternalTotalErrorTime": 0.0,
    "ResilienceModuleToExternalTotalTime": 9337.5,
    "ResilienceModuleToExternalAverageTimePerRequest": 373.5
  },
  {
    "ClientToModuleTotalTime": 9742.0,
    "ClientToModulePercentualError": 0.0,
    "ResilienceModuleToExternalTotalSuccessTime": 9721.5,
    "ResilienceModuleToExternalTotalErrorTime": 0.0,
    "ResilienceModuleToExternalTotalTime": 9721.5,
    "ResilienceModuleToExternalAverageTimePerRequest": 388.86
  },
  {
    "ClientToModuleTotalTime": 9690.0,
    "ClientToModulePercentualError": 0.0,
    "ResilienceModuleToExternalTotalSuccessTime": 9673.0,
    "ResilienceModuleToExternalTotalErrorTime": 0.0,
    "ResilienceModuleToExternalTotalTime": 9673.0,
    "ResilienceModuleToExternalAverageTimePerRequest": 386.91999999999996
  },
  {
    "ClientToModuleTotalTime": 9975.0,
    "ClientToModulePercentualError": 0.0,
    "ResilienceModuleToExternalTotalSuccessTime": 9944.0,
    "ResilienceModuleToExternalTotalErrorTime": 0.0,
    "ResilienceModuleToExternalTotalTime": 9944.0,
    "ResilienceModuleToExternalAverageTimePerRequest": 397.76
  },
  {
    "ClientToModuleTotalTime": 9472.5,
    "ClientToModulePercentualError": 0.0,
    "ResilienceModuleToExternalTotalSuccessTime": 9449.0,
    "ResilienceModuleToExternalTotalErrorTime": 0.0,
    "ResilienceModuleToExternalTotalTime": 9449.0,
    "ResilienceModuleToExternalAverageTimePerRequest": 377.96
  }
]
