[
  {
    "ClientToModuleTotalTime": 131.0,
    "ClientToModulePercentualError": 0.0,
    "ResilienceModuleToExternalTotalSuccessTime": 119.0,
    "ResilienceModuleToExternalTotalErrorTime": 0.0,
    "ResilienceModuleToExternalTotalTime": 119.0,
    "ResilienceModuleToExternalAverageTimePerRequest": 4.76
  },
  {
    "ClientToModuleTotalTime": 135.0,
    "ClientToModulePercentualError": 0.0,
    "ResilienceModuleToExternalTotalSuccessTime": 122.0,
    "ResilienceModuleToExternalTotalErrorTime": 0.0,
    "ResilienceModuleToExternalTotalTime": 122.0,
    "ResilienceModuleToExternalAverageTimePerRequest": 4.88
  },
  {
    "ClientToModuleTotalTime": 126.0,
    "ClientToModulePercentualError": 0.0,
    "ResilienceModuleToExternalTotalSuccessTime": 113.0,
    "ResilienceModuleToExternalTotalErrorTime": 0.0,
    "ResilienceModuleToExternalTotalTime": 113.0,
    "ResilienceModuleToExternalAverageTimePerRequest": 4.52
  },
  {
    "ClientToModuleTotalTime": 134.0,
    "ClientToModulePercentualError": 0.0,
    "ResilienceModuleToExternalTotalSuccessTime": 120.0,
    "ResilienceModuleToExternalTotalErrorTime": 0.0,
    "ResilienceModuleToExternalTotalTime": 120.0,
    "ResilienceModuleToExternalAverageTimePerRequest": 4.8
  },
  {
    "ClientToModuleTotalTime": 149.0,
    "ClientToModulePercentualError": 0.0,
    "ResilienceModuleToExternalTotalSuccessTime": 134.0,
    "ResilienceModuleToExternalTotalErrorTime": 0.0,
    "ResilienceModuleToExternalTotalTime": 134.0,
    "ResilienceModuleToExternalAverageTimePerRequest": 5.36
  }
]
