[
  {
    "ClientToModuleTotalTime": 2327.0,
    "ClientToModulePercentualError": 0.0,
    "ResilienceModuleToExternalTotalSuccessTime": 2314.0,
    "ResilienceModuleToExternalTotalErrorTime": 0.0,
    "ResilienceModuleToExternalTotalTime": 2314.0,
    "ResilienceModuleToExternalAverageTimePerRequest": 92.56
  },
  {
    "ClientToModuleTotalTime": 2377.0,
    "ClientToModulePercentualError": 0.0,
    "ResilienceModuleToExternalTotalSuccessTime": 2362.0,
    "ResilienceModuleToExternalTotalErrorTime": 0.0,
    "ResilienceModuleToExternalTotalTime": 2362.0,
    "ResilienceModuleToExternalAverageTimePerRequest": 94.48
  },
  {
    "ClientToModuleTotalTime": 2313.0,
    "ClientToModulePercentualError": 0.0,
    "ResilienceModuleToExternalTotalSuccessTime": 2300.0,
    "ResilienceModuleToExternalTotalErrorTime": 0.0,
    "ResilienceModuleToExternalTotalTime": 2300.0,
    "ResilienceModuleToExternalAverageTimePerRequest": 92.0
  },
  {
    "ClientToModuleTotalTime": 2512.0,
    "ClientToModulePercentualError": 0.0,
    "ResilienceModuleToExternalTotalSuccessTime": 2502.0,
    "ResilienceModuleToExternalTotalErrorTime": 0.0,
    "ResilienceModuleToExternalTotalTime": 2502.0,
    "ResilienceModuleToExternalAverageTimePerRequest": 100.08
  },
  {
    "ClientToModuleTotalTime": 2520.0,
    "ClientToModulePercentualError": 0.0,
    "ResilienceModuleToExternalTotalSuccessTime": 2503.0,
    "ResilienceModuleToExternalTotalErrorTime": 0.0,
    "ResilienceModuleToExternalTotalTime": 2503.0,
    "ResilienceModuleToExternalAverageTimePerRequest": 100.12
  }
]
