[
  {
    "ClientToModuleTotalTime": 4866.0,
    "ClientToModulePercentualError": 0.0,
    "ResilienceModuleToExternalTotalSuccessTime": 4847.0,
    "ResilienceModuleToExternalTotalErrorTime": 0.0,
    "ResilienceModuleToExternalTotalTime": 4847.0,
    "ResilienceModuleToExternalAverageTimePerRequest": 193.88
  },
  {
    "ClientToModuleTotalTime": 4772.5,
    "ClientToModulePercentualError": 0.0,
    "ResilienceModuleToExternalTotalSuccessTime": 4758.0,
    "ResilienceModuleToExternalTotalErrorTime": 0.0,
    "ResilienceModuleToExternalTotalTime": 4758.0,
    "ResilienceModuleToExternalAverageTimePerRequest": 190.32
  },
  {
    "ClientToModuleTotalTime": 4753.0,
    "ClientToModulePercentualError": 0.0,
    "ResilienceModuleToExternalTotalSuccessTime": 4731.0,
    "ResilienceModuleToExternalTotalErrorTime": 0.0,
    "ResilienceModuleToExternalTotalTime": 4731.0,
    "ResilienceModuleToExternalAverageTimePerRequest": 189.24
  },
  {
    "ClientToModuleTotalTime": 5115.0,
    "ClientToModulePercentualError": 0.0,
    "ResilienceModuleToExternalTotalSuccessTime": 5096.0,
    "ResilienceModuleToExternalTotalErrorTime": 0.0,
    "ResilienceModuleToExternalTotalTime": 5096.0,
    "ResilienceModuleToExternalAverageTimePerRequest": 203.84
  },
  {
    "ClientToModuleTotalTime": 4781.0,
    "ClientToModulePercentualError": 0.0,
    "ResilienceModuleToExternalTotalSuccessTime": 4767.5,
    "ResilienceModuleToExternalTotalErrorTime": 0.0,
    "ResilienceModuleToExternalTotalTime": 4767.5,
    "ResilienceModuleToExternalAverageTimePerRequest": 190.7
  }
]
