[
  {
    "ClientToModuleTotalTime": 3020.0,
    "ClientToModulePercentualError": 0.0,
    "ResilienceModuleToExternalTotalSuccessTime": 3016.5,
    "ResilienceModuleToExternalTotalErrorTime": 0.0,
    "ResilienceModuleToExternalTotalTime": 3016.5,
    "ResilienceModuleToExternalAverageTimePerRequest": 120.66
  },
  {
    "ClientToModuleTotalTime": 3210.0,
    "ClientToModulePercentualError": 0.0,
    "ResilienceModuleToExternalTotalSuccessTime": 3207.5,
    "ResilienceModuleToExternalTotalErrorTime": 0.0,
    "ResilienceModuleToExternalTotalTime": 3207.5,
    "ResilienceModuleToExternalAverageTimePerRequest": 128.3
  },
  {
    "ClientToModuleTotalTime": 5282.0,
    "ClientToModulePercentualError": 0.0,
    "ResilienceModuleToExternalTotalSuccessTime": 5281.5,
    "ResilienceModuleToExternalTotalErrorTime": 0.0,
    "ResilienceModuleToExternalTotalTime": 5281.5,
    "ResilienceModuleToExternalAverageTimePerRequest": 211.26
  },
  {
    "ClientToModuleTotalTime": 8285.5,
    "ClientToModulePercentualError": 0.0,
    "ResilienceModuleToExternalTotalSuccessTime": 8282.0,
    "ResilienceModuleToExternalTotalErrorTime": 0.0,
    "ResilienceModuleToExternalTotalTime": 8282.0,
    "ResilienceModuleToExternalAverageTimePerRequest": 331.28
  },
  {
    "ClientToModuleTotalTime": 8901.0,
    "ClientToModulePercentualError": 0.0,
    "ResilienceModuleToExternalTotalSuccessTime": 8898.5,
    "ResilienceModuleToExternalTotalErrorTime": 0.0,
    "ResilienceModuleToExternalTotalTime": 8898.5,
    "ResilienceModuleToExternalAverageTimePerRequest": 355.94
  },
  {
    "ClientToModuleTotalTime": 7445.5,
    "ClientToModulePercentualError": 0.0,
    "ResilienceModuleToExternalTotalSuccessTime": 7442.5,
    "ResilienceModuleToExternalTotalErrorTime": 0.0,
    "ResilienceModuleToExternalTotalTime": 7442.5,
    "ResilienceModuleToExternalAverageTimePerRequest": 297.70000000000005
  },
  {
    "ClientToModuleTotalTime": 10768.5,
    "ClientToModulePercentualError": 0.0,
    "ResilienceModuleToExternalTotalSuccessTime": 10767.0,
    "ResilienceModuleToExternalTotalErrorTime": 0.0,
    "ResilienceModuleToExternalTotalTime": 10767.0,
    "ResilienceModuleToExternalAverageTimePerRequest": 430.68
  },
  {
    "ClientToModuleTotalTime": 8657.0,
    "ClientToModulePercentualError": 0.0,
    "ResilienceModuleToExternalTotalSuccessTime": 8653.5,
    "ResilienceModuleToExternalTotalErrorTime": 0.0,
    "ResilienceModuleToExternalTotalTime": 8653.5,
    "ResilienceModuleToExternalAverageTimePerRequest": 346.14
  },
  {
    "ClientToModuleTotalTime": 11727.0,
    "ClientToModulePercentualError": 0.0,
    "ResilienceModuleToExternalTotalSuccessTime": 11725.0,
    "ResilienceModuleToExternalTotalErrorTime": 0.0,
    "ResilienceModuleToExternalTotalTime": 11725.0,
    "ResilienceModuleToExternalAverageTimePerRequest": 469.0
  },
  {
    "ClientToModuleTotalTime": 9525.5,
    "ClientToModulePercentualError": 0.0,
    "ResilienceModuleToExternalTotalSuccessTime": 9522.0,
    "ResilienceModuleToExternalTotalErrorTime": 0.0,
    "ResilienceModuleToExternalTotalTime": 9522.0,
    "ResilienceModuleToExternalAverageTimePerRequest": 380.88
  }
]
