[
  {
    "ClientToModuleTotalTime": 1140.0,
    "ClientToModulePercentualError": 0.0,
    "ResilienceModuleToExternalTotalSuccessTime": 1137.0,
    "ResilienceModuleToExternalTotalErrorTime": 0.0,
    "ResilienceModuleToExternalTotalTime": 1137.0,
    "ResilienceModuleToExternalAverageTimePerRequest": 45.48
  },
  {
    "ClientToModuleTotalTime": 1297.0,
    "ClientToModulePercentualError": 0.0,
    "ResilienceModuleToExternalTotalSuccessTime": 1294.0,
    "ResilienceModuleToExternalTotalErrorTime": 0.0,
    "ResilienceModuleToExternalTotalTime": 1294.0,
    "ResilienceModuleToExternalAverageTimePerRequest": 51.76
  },
  {
    "ClientToModuleTotalTime": 2558.0,
    "ClientToModulePercentualError": 0.0,
    "ResilienceModuleToExternalTotalSuccessTime": 2556.0,
    "ResilienceModuleToExternalTotalErrorTime": 0.0,
    "ResilienceModuleToExternalTotalTime": 2556.0,
    "ResilienceModuleToExternalAverageTimePerRequest": 102.24
  },
  {
    "ClientToModuleTotalTime": 2603.0,
    "ClientToModulePercentualError": 0.0,
    "ResilienceModuleToExternalTotalSuccessTime": 2599.0,
    "ResilienceModuleToExternalTotalErrorTime": 0.0,
    "ResilienceModuleToExternalTotalTime": 2599.0,
    "ResilienceModuleToExternalAverageTimePerRequest": 103.96
  },
  {
    "ClientToModuleTotalTime": 2427.0,
    "ClientToModulePercentualError": 0.0,
    "ResilienceModuleToExternalTotalSuccessTime": 2424.0,
    "ResilienceModuleToExternalTotalErrorTime": 0.0,
    "ResilienceModuleToExternalTotalTime": 2424.0,
    "ResilienceModuleToExternalAverageTimePerRequest": 96.96
  },
  {
    "ClientToModuleTotalTime": 2464.0,
    "ClientToModulePercentualError": 0.0,
    "ResilienceModuleToExternalTotalSuccessTime": 2460.0,
    "ResilienceModuleToExternalTotalErrorTime": 0.0,
    "ResilienceModuleToExternalTotalTime": 2460.0,
    "ResilienceModuleToExternalAverageTimePerRequest": 98.4
  },
  {
    "ClientToModuleTotalTime": 2587.0,
    "ClientToModulePercentualError": 0.0,
    "ResilienceModuleToExternalTotalSuccessTime": 2585.0,
    "ResilienceModuleToExternalTotalErrorTime": 0.0,
    "ResilienceModuleToExternalTotalTime": 2585.0,
    "ResilienceModuleToExternalAverageTimePerRequest": 103.4
  },
  {
    "ClientToModuleTotalTime": 2549.0,
    "ClientToModulePercentualError": 0.0,
    "ResilienceModuleToExternalTotalSuccessTime": 2547.0,
    "ResilienceModuleToExternalTotalErrorTime": 0.0,
    "ResilienceModuleToExternalTotalTime": 2547.0,
    "ResilienceModuleToExternalAverageTimePerRequest": 101.88
  },
  {
    "ClientToModuleTotalTime": 2455.0,
    "ClientToModulePercentualError": 0.0,
    "ResilienceModuleToExternalTotalSuccessTime": 2454.0,
    "ResilienceModuleToExternalTotalErrorTime": 0.0,
    "ResilienceModuleToExternalTotalTime": 2454.0,
    "ResilienceModuleToExternalAverageTimePerRequest": 98.16
  },
  {
    "ClientToModuleTotalTime": 2768.0,
    "ClientToModulePercentualError": 0.0,
    "ResilienceModuleToExternalTotalSuccessTime": 2762.0,
    "ResilienceModuleToExternalTotalErrorTime": 0.0,
    "ResilienceModuleToExternalTotalTime": 2762.0,
    "ResilienceModuleToExternalAverageTimePerRequest": 110.48
  }
]
