[
  {
    "ClientToModuleTotalTime": 1831.0,
    "ClientToModulePercentualError": 0.0,
    "ResilienceModuleToExternalTotalSuccessTime": 1829.0,
    "ResilienceModuleToExternalTotalErrorTime": 0.0,
    "ResilienceModuleToExternalTotalTime": 1829.0,
    "ResilienceModuleToExternalAverageTimePerRequest": 73.16
  },
  {
    "ClientToModuleTotalTime": 3585.5,
    "ClientToModulePercentualError": 0.0,
    "ResilienceModuleToExternalTotalSuccessTime": 3581.0,
    "ResilienceModuleToExternalTotalErrorTime": 0.0,
    "ResilienceModuleToExternalTotalTime": 3581.0,
    "ResilienceModuleToExternalAverageTimePerRequest": 143.24
  },
  {
    "ClientToModuleTotalTime": 5079.0,
    "ClientToModulePercentualError": 0.0,
    "ResilienceModuleToExternalTotalSuccessTime": 5076.0,
    "ResilienceModuleToExternalTotalErrorTime": 0.0,
    "ResilienceModuleToExternalTotalTime": 5076.0,
    "ResilienceModuleToExternalAverageTimePerRequest": 203.04000000000002
  },
  {
    "ClientToModuleTotalTime": 5730.5,
    "ClientToModulePercentualError": 0.0,
    "ResilienceModuleToExternalTotalSuccessTime": 5728.0,
    "ResilienceModuleToExternalTotalErrorTime": 0.0,
    "ResilienceModuleToExternalTotalTime": 5728.0,
    "ResilienceModuleToExternalAverageTimePerRequest": 229.12
  },
  {
    "ClientToModuleTotalTime": 5116.5,
    "ClientToModulePercentualError": 0.0,
    "ResilienceModuleToExternalTotalSuccessTime": 5112.5,
    "ResilienceModuleToExternalTotalErrorTime": 0.0,
    "ResilienceModuleToExternalTotalTime": 5112.5,
    "ResilienceModuleToExternalAverageTimePerRequest": 204.5
  },
  {
    "ClientToModuleTotalTime": 5262.0,
    "ClientToModulePercentualError": 0.0,
    "ResilienceModuleToExternalTotalSuccessTime": 5260.0,
    "ResilienceModuleToExternalTotalErrorTime": 0.0,
    "ResilienceModuleToExternalTotalTime": 5260.0,
    "ResilienceModuleToExternalAverageTimePerRequest": 210.4
  },
  {
    "ClientToModuleTotalTime": 5133.0,
    "ClientToModulePercentualError": 0.0,
    "ResilienceModuleToExternalTotalSuccessTime": 5129.0,
    "ResilienceModuleToExternalTotalErrorTime": 0.0,
    "ResilienceModuleToExternalTotalTime": 5129.0,
    "ResilienceModuleToExternalAverageTimePerRequest": 205.16000000000003
  },
  {
    "ClientToModuleTotalTime": 4965.5,
    "ClientToModulePercentualError": 0.0,
    "ResilienceModuleToExternalTotalSuccessTime": 4963.5,
    "ResilienceModuleToExternalTotalErrorTime": 0.0,
    "ResilienceModuleToExternalTotalTime": 4963.5,
    "ResilienceModuleToExternalAverageTimePerRequest": 198.54000000000002
  },
  {
    "ClientToModuleTotalTime": 4956.5,
    "ClientToModulePercentualError": 0.0,
    "ResilienceModuleToExternalTotalSuccessTime": 4953.0,
    "ResilienceModuleToExternalTotalErrorTime": 0.0,
    "ResilienceModuleToExternalTotalTime": 4953.0,
    "ResilienceModuleToExternalAverageTimePerRequest": 198.12
  },
  {
    "ClientToModuleTotalTime": 5527.0,
    "ClientToModulePercentualError": 0.0,
    "ResilienceModuleToExternalTotalSuccessTime": 5526.0,
    "ResilienceModuleToExternalTotalErrorTime": 0.0,
    "ResilienceModuleToExternalTotalTime": 5526.0,
    "ResilienceModuleToExternalAverageTimePerRequest": 221.04
  }
]
