[
  {
    "ClientToModuleTotalTime": 19509.0,
    "ClientToModulePercentualError": 0.0,
    "ResilienceModuleToExternalTotalSuccessTime": 20333.5,
    "ResilienceModuleToExternalTotalErrorTime": 0.0,
    "ResilienceModuleToExternalTotalTime": 20333.5,
    "ResilienceModuleToExternalAverageTimePerRequest": 813.34
  },
  {
    "ClientToModuleTotalTime": 16625.0,
    "ClientToModulePercentualError": 0.0,
    "ResilienceModuleToExternalTotalSuccessTime": 17309.0,
    "ResilienceModuleToExternalTotalErrorTime": 0.0,
    "ResilienceModuleToExternalTotalTime": 17309.0,
    "ResilienceModuleToExternalAverageTimePerRequest": 692.36
  },
  {
    "ClientToModuleTotalTime": 12522.5,
    "ClientToModulePercentualError": 0.0,
    "ResilienceModuleToExternalTotalSuccessTime": 13193.5,
    "ResilienceModuleToExternalTotalErrorTime": 0.0,
    "ResilienceModuleToExternalTotalTime": 13193.5,
    "ResilienceModuleToExternalAverageTimePerRequest": 527.74
  },
  {
    "ClientToModuleTotalTime": 12148.0,
    "ClientToModulePercentualError": 0.0,
    "ResilienceModuleToExternalTotalSuccessTime": 12585.5,
    "ResilienceModuleToExternalTotalErrorTime": 0.0,
    "ResilienceModuleToExternalTotalTime": 12585.5,
    "ResilienceModuleToExternalAverageTimePerRequest": 503.42
  },
  {
    "ClientToModuleTotalTime": 11473.0,
    "ClientToModulePercentualError": 0.0,
    "ResilienceModuleToExternalTotalSuccessTime": 11960.0,
    "ResilienceModuleToExternalTotalErrorTime": 0.0,
    "ResilienceModuleToExternalTotalTime": 11960.0,
    "ResilienceModuleToExternalAverageTimePerRequest": 478.4
  },
  {
    "ClientToModuleTotalTime": 12993.5,
    "ClientToModulePercentualError": 0.0,
    "ResilienceModuleToExternalTotalSuccessTime": 13457.5,
    "ResilienceModuleToExternalTotalErrorTime": 0.0,
    "ResilienceModuleToExternalTotalTime": 13457.5,
    "ResilienceModuleToExternalAverageTimePerRequest": 538.3
  },
  {
    "ClientToModuleTotalTime": 9790.0,
    "ClientToModulePercentualError": 0.0,
    "ResilienceModuleToExternalTotalSuccessTime": 10143.0,
    "ResilienceModuleToExternalTotalErrorTime": 0.0,
    "ResilienceModuleToExternalTotalTime": 10143.0,
    "ResilienceModuleToExternalAverageTimePerRequest": 405.72
  },
  {
    "ClientToModuleTotalTime": 7332.5,
    "ClientToModulePercentualError": 0.0,
    "ResilienceModuleToExternalTotalSuccessTime": 7709.5,
    "ResilienceModuleToExternalTotalErrorTime": 0.0,
    "ResilienceModuleToExternalTotalTime": 7709.5,
    "ResilienceModuleToExternalAverageTimePerRequest": 308.38
  },
  {
    "ClientToModuleTotalTime": 7997.0,
    "ClientToModulePercentualError": 0.0,
    "ResilienceModuleToExternalTotalSuccessTime": 8290.5,
    "ResilienceModuleToExternalTotalErrorTime": 0.0,
    "ResilienceModuleToExternalTotalTime": 8290.5,
    "ResilienceModuleToExternalAverageTimePerRequest": 331.62
  },
  {
    "ClientToModuleTotalTime": 9581.0,
    "ClientToModulePercentualError": 0.0,
    "ResilienceModuleToExternalTotalSuccessTime": 9868.5,
    "ResilienceModuleToExternalTotalErrorTime": 0.0,
    "ResilienceModuleToExternalTotalTime": 9868.5,
    "ResilienceModuleToExternalAverageTimePerRequest": 394.74
  }
]
