[
  {
    "ClientToModuleTotalTime": 98.0,
    "ClientToModulePercentualError": 0.0,
    "ResilienceModuleToExternalTotalSuccessTime": 99.0,
    "ResilienceModuleToExternalTotalErrorTime": 0.0,
    "ResilienceModuleToExternalTotalTime": 99.0,
    "ResilienceModuleToExternalAverageTimePerRequest": 3.96
  },
  {
    "ClientToModuleTotalTime": 245.0,
    "ClientToModulePercentualError": 0.0,
    "ResilienceModuleToExternalTotalSuccessTime": 252.0,
    "ResilienceModuleToExternalTotalErrorTime": 0.0,
    "ResilienceModuleToExternalTotalTime": 252.0,
    "ResilienceModuleToExternalAverageTimePerRequest": 10.08
  },
  {
    "ClientToModuleTotalTime": 374.0,
    "ClientToModulePercentualError": 0.0,
    "ResilienceModuleToExternalTotalSuccessTime": 387.0,
    "ResilienceModuleToExternalTotalErrorTime": 0.0,
    "ResilienceModuleToExternalTotalTime": 387.0,
    "ResilienceModuleToExternalAverageTimePerRequest": 15.48
  },
  {
    "ClientToModuleTotalTime": 296.0,
    "ClientToModulePercentualError": 0.0,
    "ResilienceModuleToExternalTotalSuccessTime": 300.0,
    "ResilienceModuleToExternalTotalErrorTime": 0.0,
    "ResilienceModuleToExternalTotalTime": 300.0,
    "ResilienceModuleToExternalAverageTimePerRequest": 12.0
  },
  {
    "ClientToModuleTotalTime": 412.0,
    "ClientToModulePercentualError": 0.0,
    "ResilienceModuleToExternalTotalSuccessTime": 433.0,
    "ResilienceModuleToExternalTotalErrorTime": 0.0,
    "ResilienceModuleToExternalTotalTime": 433.0,
    "ResilienceModuleToExternalAverageTimePerRequest": 17.32
  },
  {
    "ClientToModuleTotalTime": 397.0,
    "ClientToModulePercentualError": 0.0,
    "ResilienceModuleToExternalTotalSuccessTime": 409.0,
    "ResilienceModuleToExternalTotalErrorTime": 0.0,
    "ResilienceModuleToExternalTotalTime": 409.0,
    "ResilienceModuleToExternalAverageTimePerRequest": 16.36
  },
  {
    "ClientToModuleTotalTime": 354.0,
    "ClientToModulePercentualError": 0.0,
    "ResilienceModuleToExternalTotalSuccessTime": 360.0,
    "ResilienceModuleToExternalTotalErrorTime": 0.0,
    "ResilienceModuleToExternalTotalTime": 360.0,
    "ResilienceModuleToExternalAverageTimePerRequest": 14.4
  },
  {
    "ClientToModuleTotalTime": 105.0,
    "ClientToModulePercentualError": 0.0,
    "ResilienceModuleToExternalTotalSuccessTime": 108.0,
    "ResilienceModuleToExternalTotalErrorTime": 0.0,
    "ResilienceModuleToExternalTotalTime": 108.0,
    "ResilienceModuleToExternalAverageTimePerRequest": 4.32
  },
  {
    "ClientToModuleTotalTime": 100.0,
    "ClientToModulePercentualError": 0.0,
    "ResilienceModuleToExternalTotalSuccessTime": 103.0,
    "ResilienceModuleToExternalTotalErrorTime": 0.0,
    "ResilienceModuleToExternalTotalTime": 103.0,
    "ResilienceModuleToExternalAverageTimePerRequest": 4.12
  },
  {
    "ClientToModuleTotalTime": 98.0,
    "ClientToModulePercentualError": 0.0,
    "ResilienceModuleToExternalTotalSuccessTime": 100.0,
    "ResilienceModuleToExternalTotalErrorTime": 0.0,
    "ResilienceModuleToExternalTotalTime": 100.0,
    "ResilienceModuleToExternalAverageTimePerRequest": 4.0
  }
]
