[
  {
    "ClientToModuleTotalTime": 2946.0,
    "ClientToModulePercentualError": 0.0,
    "ResilienceModuleToExternalTotalSuccessTime": 3185.0,
    "ResilienceModuleToExternalTotalErrorTime": 0.0,
    "ResilienceModuleToExternalTotalTime": 3185.0,
    "ResilienceModuleToExternalAverageTimePerRequest": 127.4
  },
  {
    "ClientToModuleTotalTime": 4621.0,
    "ClientToModulePercentualError": 0.0,
    "ResilienceModuleToExternalTotalSuccessTime": 4830.0,
    "ResilienceModuleToExternalTotalErrorTime": 0.0,
    "ResilienceModuleToExternalTotalTime": 4830.0,
    "ResilienceModuleToExternalAverageTimePerRequest": 193.2
  },
  {
    "ClientToModuleTotalTime": 4312.0,
    "ClientToModulePercentualError": 0.0,
    "ResilienceModuleToExternalTotalSuccessTime": 4456.0,
    "ResilienceModuleToExternalTotalErrorTime": 0.0,
    "ResilienceModuleToExternalTotalTime": 4456.0,
    "ResilienceModuleToExternalAverageTimePerRequest": 178.24
  },
  {
    "ClientToModuleTotalTime": 3149.0,
    "ClientToModulePercentualError": 0.0,
    "ResilienceModuleToExternalTotalSuccessTime": 3273.0,
    "ResilienceModuleToExternalTotalErrorTime": 0.0,
    "ResilienceModuleToExternalTotalTime": 3273.0,
    "ResilienceModuleToExternalAverageTimePerRequest": 130.92
  },
  {
    "ClientToModuleTotalTime": 3396.0,
    "ClientToModulePercentualError": 0.0,
    "ResilienceModuleToExternalTotalSuccessTime": 3532.0,
    "ResilienceModuleToExternalTotalErrorTime": 0.0,
    "ResilienceModuleToExternalTotalTime": 3532.0,
    "ResilienceModuleToExternalAverageTimePerRequest": 141.28
  },
  {
    "ClientToModuleTotalTime": 3042.0,
    "ClientToModulePercentualError": 0.0,
    "ResilienceModuleToExternalTotalSuccessTime": 3167.0,
    "ResilienceModuleToExternalTotalErrorTime": 0.0,
    "ResilienceModuleToExternalTotalTime": 3167.0,
    "ResilienceModuleToExternalAverageTimePerRequest": 126.68
  },
  {
    "ClientToModuleTotalTime": 3082.0,
    "ClientToModulePercentualError": 0.0,
    "ResilienceModuleToExternalTotalSuccessTime": 3215.0,
    "ResilienceModuleToExternalTotalErrorTime": 0.0,
    "ResilienceModuleToExternalTotalTime": 3215.0,
    "ResilienceModuleToExternalAverageTimePerRequest": 128.6
  },
  {
    "ClientToModuleTotalTime": 1675.0,
    "ClientToModulePercentualError": 0.0,
    "ResilienceModuleToExternalTotalSuccessTime": 1766.0,
    "ResilienceModuleToExternalTotalErrorTime": 0.0,
    "ResilienceModuleToExternalTotalTime": 1766.0,
    "ResilienceModuleToExternalAverageTimePerRequest": 70.64
  },
  {
    "ClientToModuleTotalTime": 2064.0,
    "ClientToModulePercentualError": 0.0,
    "ResilienceModuleToExternalTotalSuccessTime": 2169.0,
    "ResilienceModuleToExternalTotalErrorTime": 0.0,
    "ResilienceModuleToExternalTotalTime": 2169.0,
    "ResilienceModuleToExternalAverageTimePerRequest": 86.76
  },
  {
    "ClientToModuleTotalTime": 1944.0,
    "ClientToModulePercentualError": 0.0,
    "ResilienceModuleToExternalTotalSuccessTime": 2045.0,
    "ResilienceModuleToExternalTotalErrorTime": 0.0,
    "ResilienceModuleToExternalTotalTime": 2045.0,
    "ResilienceModuleToExternalAverageTimePerRequest": 81.8
  }
]
