[
  {
    "ClientToModuleTotalTime": 10607.0,
    "ClientToModulePercentualError": 0.0,
    "ResilienceModuleToExternalTotalSuccessTime": 11053.0,
    "ResilienceModuleToExternalTotalErrorTime": 0.0,
    "ResilienceModuleToExternalTotalTime": 11053.0,
    "ResilienceModuleToExternalAverageTimePerRequest": 442.12
  },
  {
    "ClientToModuleTotalTime": 9660.5,
    "ClientToModulePercentualError": 0.0,
    "ResilienceModuleToExternalTotalSuccessTime": 9976.5,
    "ResilienceModuleToExternalTotalErrorTime": 0.0,
    "ResilienceModuleToExternalTotalTime": 9976.5,
    "ResilienceModuleToExternalAverageTimePerRequest": 399.06
  },
  {
    "ClientToModuleTotalTime": 7583.0,
    "ClientToModulePercentualError": 0.0,
    "ResilienceModuleToExternalTotalSuccessTime": 7763.5,
    "ResilienceModuleToExternalTotalErrorTime": 0.0,
    "ResilienceModuleToExternalTotalTime": 7763.5,
    "ResilienceModuleToExternalAverageTimePerRequest": 310.53999999999996
  },
  {
    "ClientToModuleTotalTime": 6139.5,
    "ClientToModulePercentualError": 0.0,
    "ResilienceModuleToExternalTotalSuccessTime": 6375.0,
    "ResilienceModuleToExternalTotalErrorTime": 0.0,
    "ResilienceModuleToExternalTotalTime": 6375.0,
    "ResilienceModuleToExternalAverageTimePerRequest": 255.0
  },
  {
    "ClientToModuleTotalTime": 6234.0,
    "ClientToModulePercentualError": 0.0,
    "ResilienceModuleToExternalTotalSuccessTime": 6440.0,
    "ResilienceModuleToExternalTotalErrorTime": 0.0,
    "ResilienceModuleToExternalTotalTime": 6440.0,
    "ResilienceModuleToExternalAverageTimePerRequest": 257.6
  },
  {
    "ClientToModuleTotalTime": 6500.0,
    "ClientToModulePercentualError": 0.0,
    "ResilienceModuleToExternalTotalSuccessTime": 6925.5,
    "ResilienceModuleToExternalTotalErrorTime": 0.0,
    "ResilienceModuleToExternalTotalTime": 6925.5,
    "ResilienceModuleToExternalAverageTimePerRequest": 277.02
  },
  {
    "ClientToModuleTotalTime": 6137.5,
    "ClientToModulePercentualError": 0.0,
    "ResilienceModuleToExternalTotalSuccessTime": 6408.0,
    "ResilienceModuleToExternalTotalErrorTime": 0.0,
    "ResilienceModuleToExternalTotalTime": 6408.0,
    "ResilienceModuleToExternalAverageTimePerRequest": 256.32
  },
  {
    "ClientToModuleTotalTime": 3797.0,
    "ClientToModulePercentualError": 0.0,
    "ResilienceModuleToExternalTotalSuccessTime": 3958.5,
    "ResilienceModuleToExternalTotalErrorTime": 0.0,
    "ResilienceModuleToExternalTotalTime": 3958.5,
    "ResilienceModuleToExternalAverageTimePerRequest": 158.34
  },
  {
    "ClientToModuleTotalTime": 3958.0,
    "ClientToModulePercentualError": 0.0,
    "ResilienceModuleToExternalTotalSuccessTime": 4140.0,
    "ResilienceModuleToExternalTotalErrorTime": 0.0,
    "ResilienceModuleToExternalTotalTime": 4140.0,
    "ResilienceModuleToExternalAverageTimePerRequest": 165.60000000000002
  },
  {
    "ClientToModuleTotalTime": 6263.0,
    "ClientToModulePercentualError": 0.0,
    "ResilienceModuleToExternalTotalSuccessTime": 6588.5,
    "ResilienceModuleToExternalTotalErrorTime": 0.0,
    "ResilienceModuleToExternalTotalTime": 6588.5,
    "ResilienceModuleToExternalAverageTimePerRequest": 263.53999999999996
  }
]
