[
  {
    "ClientToModuleTotalTime": 9293.5,
    "ClientToModulePercentualError": 0.0,
    "ResilienceModuleToExternalTotalSuccessTime": 9280.0,
    "ResilienceModuleToExternalTotalErrorTime": 0.0,
    "ResilienceModuleToExternalTotalTime": 9280.0,
    "ResilienceModuleToExternalAverageTimePerRequest": 371.2
  },
  {
    "ClientToModuleTotalTime": 9494.0,
    "ClientToModulePercentualError": 0.0,
    "ResilienceModuleToExternalTotalSuccessTime": 9479.5,
    "ResilienceModuleToExternalTotalErrorTime": 0.0,
    "ResilienceModuleToExternalTotalTime": 9479.5,
    "ResilienceModuleToExternalAverageTimePerRequest": 379.18
  },
  {
    "ClientToModuleTotalTime": 9054.5,
    "ClientToModulePercentualError": 0.0,
    "ResilienceModuleToExternalTotalSuccessTime": 9039.0,
    "ResilienceModuleToExternalTotalErrorTime": 0.0,
    "ResilienceModuleToExternalTotalTime": 9039.0,
    "ResilienceModuleToExternalAverageTimePerRequest": 361.56
  },
  {
    "ClientToModuleTotalTime": 10340.5,
    "ClientToModulePercentualError": 0.0,
    "ResilienceModuleToExternalTotalSuccessTime": 10326.0,
    "ResilienceModuleToExternalTotalErrorTime": 0.0,
    "ResilienceModuleToExternalTotalTime": 10326.0,
    "ResilienceModuleToExternalAverageTimePerRequest": 413.03999999999996
  },
  {
    "ClientToModuleTotalTime": 10089.0,
    "ClientToModulePercentualError": 0.0,
    "ResilienceModuleToExternalTotalSuccessTime": 10074.5,
    "ResilienceModuleToExternalTotalErrorTime": 0.0,
    "ResilienceModuleToExternalTotalTime": 10074.5,
    "ResilienceModuleToExternalAverageTimePerRequest": 402.98
  },
  {
    "ClientToModuleTotalTime": 9415.5,
    "ClientToModulePercentualError": 0.0,
    "ResilienceModuleToExternalTotalSuccessTime": 9400.0,
    "ResilienceModuleToExternalTotalErrorTime": 0.0,
    "ResilienceModuleToExternalTotalTime": 9400.0,
    "ResilienceModuleToExternalAverageTimePerRequest": 376.0
  },
  {
    "ClientToModuleTotalTime": 9563.5,
    "ClientToModulePercentualError": 0.0,
    "ResilienceModuleToExternalTotalSuccessTime": 9547.5,
    "ResilienceModuleToExternalTotalErrorTime": 0.0,
    "ResilienceModuleToExternalTotalTime": 9547.5,
    "ResilienceModuleToExternalAverageTimePerRequest": 381.9
  },
  {
    "ClientToModuleTotalTime": 9100.5,
    "ClientToModulePercentualError": 0.0,
    "ResilienceModuleToExternalTotalSuccessTime": 9086.0,
    "ResilienceModuleToExternalTotalErrorTime": 0.0,
    "ResilienceModuleToExternalTotalTime": 9086.0,
    "ResilienceModuleToExternalAverageTimePerRequest": 363.44
  },
  {
    "ClientToModuleTotalTime": 9366.0,
    "ClientToModulePercentualError": 0.0,
    "ResilienceModuleToExternalTotalSuccessTime": 9347.5,
    "ResilienceModuleToExternalTotalErrorTime": 0.0,
    "ResilienceModuleToExternalTotalTime": 9347.5,
    "ResilienceModuleToExternalAverageTimePerRequest": 373.9
  },
  {
    "ClientToModuleTotalTime": 9475.5,
    "ClientToModulePercentualError": 0.0,
    "ResilienceModuleToExternalTotalSuccessTime": 9459.0,
    "ResilienceModuleToExternalTotalErrorTime": 0.0,
    "ResilienceModuleToExternalTotalTime": 9459.0,
    "ResilienceModuleToExternalAverageTimePerRequest": 378.36
  }
]
