[
  {
    "ClientToModuleTotalTime": 134.0,
    "ClientToModulePercentualError": 0.0,
    "ResilienceModuleToExternalTotalSuccessTime": 114.0,
    "ResilienceModuleToExternalTotalErrorTime": 0.0,
    "ResilienceModuleToExternalTotalTime": 114.0,
    "ResilienceModuleToExternalAverageTimePerRequest": 4.56
  },
  {
    "ClientToModuleTotalTime": 128.0,
    "ClientToModulePercentualError": 0.0,
    "ResilienceModuleToExternalTotalSuccessTime": 113.0,
    "ResilienceModuleToExternalTotalErrorTime": 0.0,
    "ResilienceModuleToExternalTotalTime": 113.0,
    "ResilienceModuleToExternalAverageTimePerRequest": 4.52
  },
  {
    "ClientToModuleTotalTime": 118.0,
    "ClientToModulePercentualError": 0.0,
    "ResilienceModuleToExternalTotalSuccessTime": 102.0,
    "ResilienceModuleToExternalTotalErrorTime": 0.0,
    "ResilienceModuleToExternalTotalTime": 102.0,
    "ResilienceModuleToExternalAverageTimePerRequest": 4.08
  },
  {
    "ClientToModuleTotalTime": 115.0,
    "ClientToModulePercentualError": 0.0,
    "ResilienceModuleToExternalTotalSuccessTime": 100.0,
    "ResilienceModuleToExternalTotalErrorTime": 0.0,
    "ResilienceModuleToExternalTotalTime": 100.0,
    "ResilienceModuleToExternalAverageTimePerRequest": 4.0
  },
  {
    "ClientToModuleTotalTime": 124.0,
    "ClientToModulePercentualError": 0.0,
    "ResilienceModuleToExternalTotalSuccessTime": 109.0,
    "ResilienceModuleToExternalTotalErrorTime": 0.0,
    "ResilienceModuleToExternalTotalTime": 109.0,
    "ResilienceModuleToExternalAverageTimePerRequest": 4.36
  },
  {
    "ClientToModuleTotalTime": 121.0,
    "ClientToModulePercentualError": 0.0,
    "ResilienceModuleToExternalTotalSuccessTime": 107.0,
    "ResilienceModuleToExternalTotalErrorTime": 0.0,
    "ResilienceModuleToExternalTotalTime": 107.0,
    "ResilienceModuleToExternalAverageTimePerRequest": 4.28
  },
  {
    "ClientToModuleTotalTime": 114.0,
    "ClientToModulePercentualError": 0.0,
    "ResilienceModuleToExternalTotalSuccessTime": 101.0,
    "ResilienceModuleToExternalTotalErrorTime": 0.0,
    "ResilienceModuleToExternalTotalTime": 101.0,
    "ResilienceModuleToExternalAverageTimePerRequest": 4.04
  },
  {
    "ClientToModuleTotalTime": 197.0,
    "ClientToModulePercentualError": 0.0,
    "ResilienceModuleToExternalTotalSuccessTime": 180.0,
    "ResilienceModuleToExternalTotalErrorTime": 0.0,
    "ResilienceModuleToExternalTotalTime": 180.0,
    "ResilienceModuleToExternalAverageTimePerRequest": 7.2
  },
  {
    "ClientToModuleTotalTime": 123.0,
    "ClientToModulePercentualError": 0.0,
    "ResilienceModuleToExternalTotalSuccessTime": 111.0,
    "ResilienceModuleToExternalTotalErrorTime": 0.0,
    "ResilienceModuleToExternalTotalTime": 111.0,
    "ResilienceModuleToExternalAverageTimePerRequest": 4.44
  },
  {
    "ClientToModuleTotalTime": 122.0,
    "ClientToModulePercentualError": 0.0,
    "ResilienceModuleToExternalTotalSuccessTime": 108.0,
    "ResilienceModuleToExternalTotalErrorTime": 0.0,
    "ResilienceModuleToExternalTotalTime": 108.0,
    "ResilienceModuleToExternalAverageTimePerRequest": 4.32
  }
]
