[
  {
    "ClientToModuleTotalTime": 2280.0,
    "ClientToModulePercentualError": 0.0,
    "ResilienceModuleToExternalTotalSuccessTime": 2263.0,
    "ResilienceModuleToExternalTotalErrorTime": 0.0,
    "ResilienceModuleToExternalTotalTime": 2263.0,
    "ResilienceModuleToExternalAverageTimePerRequest": 90.52
  },
  {
    "ClientToModuleTotalTime": 2647.0,
    "ClientToModulePercentualError": 0.0,
    "ResilienceModuleToExternalTotalSuccessTime": 2630.0,
    "ResilienceModuleToExternalTotalErrorTime": 0.0,
    "ResilienceModuleToExternalTotalTime": 2630.0,
    "ResilienceModuleToExternalAverageTimePerRequest": 105.2
  },
  {
    "ClientToModuleTotalTime": 2198.0,
    "ClientToModulePercentualError": 0.0,
    "ResilienceModuleToExternalTotalSuccessTime": 2184.0,
    "ResilienceModuleToExternalTotalErrorTime": 0.0,
    "ResilienceModuleToExternalTotalTime": 2184.0,
    "ResilienceModuleToExternalAverageTimePerRequest": 87.36
  },
  {
    "ClientToModuleTotalTime": 2308.0,
    "ClientToModulePercentualError": 0.0,
    "ResilienceModuleToExternalTotalSuccessTime": 2295.0,
    "ResilienceModuleToExternalTotalErrorTime": 0.0,
    "ResilienceModuleToExternalTotalTime": 2295.0,
    "ResilienceModuleToExternalAverageTimePerRequest": 91.8
  },
  {
    "ClientToModuleTotalTime": 2214.0,
    "ClientToModulePercentualError": 0.0,
    "ResilienceModuleToExternalTotalSuccessTime": 2199.0,
    "ResilienceModuleToExternalTotalErrorTime": 0.0,
    "ResilienceModuleToExternalTotalTime": 2199.0,
    "ResilienceModuleToExternalAverageTimePerRequest": 87.96
  },
  {
    "ClientToModuleTotalTime": 2322.0,
    "ClientToModulePercentualError": 0.0,
    "ResilienceModuleToExternalTotalSuccessTime": 2310.0,
    "ResilienceModuleToExternalTotalErrorTime": 0.0,
    "ResilienceModuleToExternalTotalTime": 2310.0,
    "ResilienceModuleToExternalAverageTimePerRequest": 92.4
  },
  {
    "ClientToModuleTotalTime": 2271.0,
    "ClientToModulePercentualError": 0.0,
    "ResilienceModuleToExternalTotalSuccessTime": 2256.0,
    "ResilienceModuleToExternalTotalErrorTime": 0.0,
    "ResilienceModuleToExternalTotalTime": 2256.0,
    "ResilienceModuleToExternalAverageTimePerRequest": 90.24
  },
  {
    "ClientToModuleTotalTime": 3011.0,
    "ClientToModulePercentualError": 0.0,
    "ResilienceModuleToExternalTotalSuccessTime": 2994.0,
    "ResilienceModuleToExternalTotalErrorTime": 0.0,
    "ResilienceModuleToExternalTotalTime": 2994.0,
    "ResilienceModuleToExternalAverageTimePerRequest": 119.76
  },
  {
    "ClientToModuleTotalTime": 2161.0,
    "ClientToModulePercentualError": 0.0,
    "ResilienceModuleToExternalTotalSuccessTime": 2147.0,
    "ResilienceModuleToExternalTotalErrorTime": 0.0,
    "ResilienceModuleToExternalTotalTime": 2147.0,
    "ResilienceModuleToExternalAverageTimePerRequest": 85.88
  },
  {
    "ClientToModuleTotalTime": 2247.0,
    "ClientToModulePercentualError": 0.0,
    "ResilienceModuleToExternalTotalSuccessTime": 2227.0,
    "ResilienceModuleToExternalTotalErrorTime": 0.0,
    "ResilienceModuleToExternalTotalTime": 2227.0,
    "ResilienceModuleToExternalAverageTimePerRequest": 89.08
  }
]
