[
  {
    "ClientToModuleTotalTime": 4888.5,
    "ClientToModulePercentualError": 0.0,
    "ResilienceModuleToExternalTotalSuccessTime": 4861.0,
    "ResilienceModuleToExternalTotalErrorTime": 0.0,
    "ResilienceModuleToExternalTotalTime": 4861.0,
    "ResilienceModuleToExternalAverageTimePerRequest": 194.44
  },
  {
    "ClientToModuleTotalTime": 4574.0,
    "ClientToModulePercentualError": 0.0,
    "ResilienceModuleToExternalTotalSuccessTime": 4560.5,
    "ResilienceModuleToExternalTotalErrorTime": 0.0,
    "ResilienceModuleToExternalTotalTime": 4560.5,
    "ResilienceModuleToExternalAverageTimePerRequest": 182.42000000000002
  },
  {
    "ClientToModuleTotalTime": 4539.0,
    "ClientToModulePercentualError": 0.0,
    "ResilienceModuleToExternalTotalSuccessTime": 4525.0,
    "ResilienceModuleToExternalTotalErrorTime": 0.0,
    "ResilienceModuleToExternalTotalTime": 4525.0,
    "ResilienceModuleToExternalAverageTimePerRequest": 181.0
  },
  {
    "ClientToModuleTotalTime": 5631.0,
    "ClientToModulePercentualError": 0.0,
    "ResilienceModuleToExternalTotalSuccessTime": 5614.0,
    "ResilienceModuleToExternalTotalErrorTime": 0.0,
    "ResilienceModuleToExternalTotalTime": 5614.0,
    "ResilienceModuleToExternalAverageTimePerRequest": 224.56
  },
  {
    "ClientToModuleTotalTime": 4527.0,
    "ClientToModulePercentualError": 0.0,
    "ResilienceModuleToExternalTotalSuccessTime": 4512.5,
    "ResilienceModuleToExternalTotalErrorTime": 0.0,
    "ResilienceModuleToExternalTotalTime": 4512.5,
    "ResilienceModuleToExternalAverageTimePerRequest": 180.5
  },
  {
    "ClientToModuleTotalTime": 4729.0,
    "ClientToModulePercentualError": 0.0,
    "ResilienceModuleToExternalTotalSuccessTime": 4712.5,
    "ResilienceModuleToExternalTotalErrorTime": 0.0,
    "ResilienceModuleToExternalTotalTime": 4712.5,
    "ResilienceModuleToExternalAverageTimePerRequest": 188.5
  },
  {
    "ClientToModuleTotalTime": 4404.5,
    "ClientToModulePercentualError": 0.0,
    "ResilienceModuleToExternalTotalSuccessTime": 4387.5,
    "ResilienceModuleToExternalTotalErrorTime": 0.0,
    "ResilienceModuleToExternalTotalTime": 4387.5,
    "ResilienceModuleToExternalAverageTimePerRequest": 175.5
  },
  {
    "ClientToModuleTotalTime": 5351.5,
    "ClientToModulePercentualError": 0.0,
    "ResilienceModuleToExternalTotalSuccessTime": 5334.5,
    "ResilienceModuleToExternalTotalErrorTime": 0.0,
    "ResilienceModuleToExternalTotalTime": 5334.5,
    "ResilienceModuleToExternalAverageTimePerRequest": 213.38
  },
  {
    "ClientToModuleTotalTime": 4741.0,
    "ClientToModulePercentualError": 0.0,
    "ResilienceModuleToExternalTotalSuccessTime": 4725.5,
    "ResilienceModuleToExternalTotalErrorTime": 0.0,
    "ResilienceModuleToExternalTotalTime": 4725.5,
    "ResilienceModuleToExternalAverageTimePerRequest": 189.02
  },
  {
    "ClientToModuleTotalTime": 4620.5,
    "ClientToModulePercentualError": 0.0,
    "ResilienceModuleToExternalTotalSuccessTime": 4604.5,
    "ResilienceModuleToExternalTotalErrorTime": 0.0,
    "ResilienceModuleToExternalTotalTime": 4604.5,
    "ResilienceModuleToExternalAverageTimePerRequest": 184.18
  }
]
