[
  {
    "ClientToModuleTotalTime": 8189.0,
    "ClientToModulePercentualError": 0.9822377394340105,
    "ResilienceModuleToExternalTotalSuccessTime": 3156.0,
    "ResilienceModuleToExternalTotalErrorTime": 1838.5,
    "ResilienceModuleToExternalTotalTime": 5053.5,
    "ResilienceModuleToExternalAverageTimePerRequest": 126.24
  },
  {
    "ClientToModuleTotalTime": 11212.5,
    "ClientToModulePercentualError": 0.9821097008818798,
    "ResilienceModuleToExternalTotalSuccessTime": 4522.0,
    "ResilienceModuleToExternalTotalErrorTime": 2778.0,
    "ResilienceModuleToExternalTotalTime": 7471.0,
    "ResilienceModuleToExternalAverageTimePerRequest": 180.88
  },
  {
    "ClientToModuleTotalTime": 12972.5,
    "ClientToModulePercentualError": 0.9842321018692741,
    "ResilienceModuleToExternalTotalSuccessTime": 5285.0,
    "ResilienceModuleToExternalTotalErrorTime": 3639.0,
    "ResilienceModuleToExternalTotalTime": 9269.5,
    "ResilienceModuleToExternalAverageTimePerRequest": 211.4
  },
  {
    "ClientToModuleTotalTime": 15735.5,
    "ClientToModulePercentualError": 0.9824801781693444,
    "ResilienceModuleToExternalTotalSuccessTime": 6451.0,
    "ResilienceModuleToExternalTotalErrorTime": 4461.0,
    "ResilienceModuleToExternalTotalTime": 11220.5,
    "ResilienceModuleToExternalAverageTimePerRequest": 258.03999999999996
  },
  {
    "ClientToModuleTotalTime": 11810.5,
    "ClientToModulePercentualError": 0.9835363399652013,
    "ResilienceModuleToExternalTotalSuccessTime": 4522.0,
    "ResilienceModuleToExternalTotalErrorTime": 2922.0,
    "ResilienceModuleToExternalTotalTime": 7321.0,
    "ResilienceModuleToExternalAverageTimePerRequest": 180.88
  },
  {
    "ClientToModuleTotalTime": 8860.5,
    "ClientToModulePercentualError": 0.9862878240991397,
    "ResilienceModuleToExternalTotalSuccessTime": 3109.5,
    "ResilienceModuleToExternalTotalErrorTime": 2097.0,
    "ResilienceModuleToExternalTotalTime": 5295.5,
    "ResilienceModuleToExternalAverageTimePerRequest": 124.38
  },
  {
    "ClientToModuleTotalTime": 9981.5,
    "ClientToModulePercentualError": 0.9852982268304205,
    "ResilienceModuleToExternalTotalSuccessTime": 4071.0,
    "ResilienceModuleToExternalTotalErrorTime": 2630.5,
    "ResilienceModuleToExternalTotalTime": 6753.5,
    "ResilienceModuleToExternalAverageTimePerRequest": 162.84
  },
  {
    "ClientToModuleTotalTime": 8384.0,
    "ClientToModulePercentualError": 0.9837480563161275,
    "ResilienceModuleToExternalTotalSuccessTime": 2941.0,
    "ResilienceModuleToExternalTotalErrorTime": 1915.5,
    "ResilienceModuleToExternalTotalTime": 4939.5,
    "ResilienceModuleToExternalAverageTimePerRequest": 117.64
  },
  {
    "ClientToModuleTotalTime": 10079.0,
    "ClientToModulePercentualError": 0.9819414676597708,
    "ResilienceModuleToExternalTotalSuccessTime": 3901.5,
    "ResilienceModuleToExternalTotalErrorTime": 2374.5,
    "ResilienceModuleToExternalTotalTime": 6190.0,
    "ResilienceModuleToExternalAverageTimePerRequest": 156.06
  },
  {
    "ClientToModuleTotalTime": 8206.0,
    "ClientToModulePercentualError": 0.9854278901351232,
    "ResilienceModuleToExternalTotalSuccessTime": 2995.5,
    "ResilienceModuleToExternalTotalErrorTime": 1880.0,
    "ResilienceModuleToExternalTotalTime": 4891.0,
    "ResilienceModuleToExternalAverageTimePerRequest": 119.82
  }
]
