[
  {
    "ClientToModuleTotalTime": 1823.0,
    "ClientToModulePercentualError": 0.9995845588846237,
    "ResilienceModuleToExternalTotalSuccessTime": 148.0,
    "ResilienceModuleToExternalTotalErrorTime": 41.0,
    "ResilienceModuleToExternalTotalTime": 189.0,
    "ResilienceModuleToExternalAverageTimePerRequest": 5.92
  },
  {
    "ClientToModuleTotalTime": 2271.0,
    "ClientToModulePercentualError": 0.9996688083725244,
    "ResilienceModuleToExternalTotalSuccessTime": 159.0,
    "ResilienceModuleToExternalTotalErrorTime": 70.0,
    "ResilienceModuleToExternalTotalTime": 229.0,
    "ResilienceModuleToExternalAverageTimePerRequest": 6.36
  },
  {
    "ClientToModuleTotalTime": 3914.0,
    "ClientToModulePercentualError": 0.9998152486383824,
    "ResilienceModuleToExternalTotalSuccessTime": 167.0,
    "ResilienceModuleToExternalTotalErrorTime": 91.0,
    "ResilienceModuleToExternalTotalTime": 258.0,
    "ResilienceModuleToExternalAverageTimePerRequest": 6.68
  },
  {
    "ClientToModuleTotalTime": 1227.0,
    "ClientToModulePercentualError": 0.9993357776715022,
    "ResilienceModuleToExternalTotalSuccessTime": 147.0,
    "ResilienceModuleToExternalTotalErrorTime": 44.0,
    "ResilienceModuleToExternalTotalTime": 191.0,
    "ResilienceModuleToExternalAverageTimePerRequest": 5.88
  },
  {
    "ClientToModuleTotalTime": 3684.0,
    "ClientToModulePercentualError": 0.9998045897948975,
    "ResilienceModuleToExternalTotalSuccessTime": 149.0,
    "ResilienceModuleToExternalTotalErrorTime": 85.0,
    "ResilienceModuleToExternalTotalTime": 234.0,
    "ResilienceModuleToExternalAverageTimePerRequest": 5.96
  },
  {
    "ClientToModuleTotalTime": 2481.0,
    "ClientToModulePercentualError": 0.9996953597192435,
    "ResilienceModuleToExternalTotalSuccessTime": 176.0,
    "ResilienceModuleToExternalTotalErrorTime": 61.0,
    "ResilienceModuleToExternalTotalTime": 237.0,
    "ResilienceModuleToExternalAverageTimePerRequest": 7.04
  },
  {
    "ClientToModuleTotalTime": 3063.0,
    "ClientToModulePercentualError": 0.9997579770755886,
    "ResilienceModuleToExternalTotalSuccessTime": 137.0,
    "ResilienceModuleToExternalTotalErrorTime": 77.0,
    "ResilienceModuleToExternalTotalTime": 214.0,
    "ResilienceModuleToExternalAverageTimePerRequest": 5.48
  },
  {
    "ClientToModuleTotalTime": 2539.0,
    "ClientToModulePercentualError": 0.9996720666360596,
    "ResilienceModuleToExternalTotalSuccessTime": 198.0,
    "ResilienceModuleToExternalTotalErrorTime": 78.0,
    "ResilienceModuleToExternalTotalTime": 276.0,
    "ResilienceModuleToExternalAverageTimePerRequest": 7.92
  },
  {
    "ClientToModuleTotalTime": 2850.0,
    "ClientToModulePercentualError": 0.9997431445274373,
    "ResilienceModuleToExternalTotalSuccessTime": 150.0,
    "ResilienceModuleToExternalTotalErrorTime": 59.0,
    "ResilienceModuleToExternalTotalTime": 209.0,
    "ResilienceModuleToExternalAverageTimePerRequest": 6.0
  },
  {
    "ClientToModuleTotalTime": 3664.0,
    "ClientToModulePercentualError": 0.9998036412761746,
    "ResilienceModuleToExternalTotalSuccessTime": 141.0,
    "ResilienceModuleToExternalTotalErrorTime": 72.0,
    "ResilienceModuleToExternalTotalTime": 213.0,
    "ResilienceModuleToExternalAverageTimePerRequest": 5.64
  }
]
