[
  {
    "ClientToModuleTotalTime": 5979.0,
    "ClientToModulePercentualError": 0.9912280701754386,
    "ResilienceModuleToExternalTotalSuccessTime": 1378.0,
    "ResilienceModuleToExternalTotalErrorTime": 1128.0,
    "ResilienceModuleToExternalTotalTime": 2523.0,
    "ResilienceModuleToExternalAverageTimePerRequest": 55.12
  },
  {
    "ClientToModuleTotalTime": 5732.0,
    "ClientToModulePercentualError": 0.9906015037593985,
    "ResilienceModuleToExternalTotalSuccessTime": 1061.0,
    "ResilienceModuleToExternalTotalErrorTime": 852.0,
    "ResilienceModuleToExternalTotalTime": 1870.0,
    "ResilienceModuleToExternalAverageTimePerRequest": 42.44
  },
  {
    "ClientToModuleTotalTime": 5515.0,
    "ClientToModulePercentualError": 0.9869246861924686,
    "ResilienceModuleToExternalTotalSuccessTime": 1511.0,
    "ResilienceModuleToExternalTotalErrorTime": 1079.0,
    "ResilienceModuleToExternalTotalTime": 2691.0,
    "ResilienceModuleToExternalAverageTimePerRequest": 60.44
  },
  {
    "ClientToModuleTotalTime": 6189.0,
    "ClientToModulePercentualError": 0.9873801110550228,
    "ResilienceModuleToExternalTotalSuccessTime": 1939.0,
    "ResilienceModuleToExternalTotalErrorTime": 1346.0,
    "ResilienceModuleToExternalTotalTime": 3315.0,
    "ResilienceModuleToExternalAverageTimePerRequest": 77.56
  },
  {
    "ClientToModuleTotalTime": 5743.0,
    "ClientToModulePercentualError": 0.9897161661867544,
    "ResilienceModuleToExternalTotalSuccessTime": 1834.0,
    "ResilienceModuleToExternalTotalErrorTime": 1136.0,
    "ResilienceModuleToExternalTotalTime": 2824.0,
    "ResilienceModuleToExternalAverageTimePerRequest": 73.36
  },
  {
    "ClientToModuleTotalTime": 5586.0,
    "ClientToModulePercentualError": 0.986737400530504,
    "ResilienceModuleToExternalTotalSuccessTime": 1501.0,
    "ResilienceModuleToExternalTotalErrorTime": 961.0,
    "ResilienceModuleToExternalTotalTime": 2456.0,
    "ResilienceModuleToExternalAverageTimePerRequest": 60.04
  },
  {
    "ClientToModuleTotalTime": 5901.0,
    "ClientToModulePercentualError": 0.9909057839214259,
    "ResilienceModuleToExternalTotalSuccessTime": 1622.0,
    "ResilienceModuleToExternalTotalErrorTime": 1074.0,
    "ResilienceModuleToExternalTotalTime": 2719.0,
    "ResilienceModuleToExternalAverageTimePerRequest": 64.88
  },
  {
    "ClientToModuleTotalTime": 5702.0,
    "ClientToModulePercentualError": 0.9876604146100691,
    "ResilienceModuleToExternalTotalSuccessTime": 1530.0,
    "ResilienceModuleToExternalTotalErrorTime": 985.0,
    "ResilienceModuleToExternalTotalTime": 2622.0,
    "ResilienceModuleToExternalAverageTimePerRequest": 61.2
  },
  {
    "ClientToModuleTotalTime": 5351.0,
    "ClientToModulePercentualError": 0.9847653869591713,
    "ResilienceModuleToExternalTotalSuccessTime": 1651.0,
    "ResilienceModuleToExternalTotalErrorTime": 979.0,
    "ResilienceModuleToExternalTotalTime": 2435.0,
    "ResilienceModuleToExternalAverageTimePerRequest": 66.04
  },
  {
    "ClientToModuleTotalTime": 5516.0,
    "ClientToModulePercentualError": 0.9890734265734266,
    "ResilienceModuleToExternalTotalSuccessTime": 1538.0,
    "ResilienceModuleToExternalTotalErrorTime": 988.0,
    "ResilienceModuleToExternalTotalTime": 2550.0,
    "ResilienceModuleToExternalAverageTimePerRequest": 61.52
  }
]
