[
  {
    "ClientToModuleTotalTime": 5664.0,
    "ClientToModulePercentualError": 0.9842421016885874,
    "ResilienceModuleToExternalTotalSuccessTime": 1952.0,
    "ResilienceModuleToExternalTotalErrorTime": 994.5,
    "ResilienceModuleToExternalTotalTime": 2940.0,
    "ResilienceModuleToExternalAverageTimePerRequest": 78.08
  },
  {
    "ClientToModuleTotalTime": 5879.5,
    "ClientToModulePercentualError": 0.9846672785336257,
    "ResilienceModuleToExternalTotalSuccessTime": 1807.5,
    "ResilienceModuleToExternalTotalErrorTime": 1067.5,
    "ResilienceModuleToExternalTotalTime": 2805.5,
    "ResilienceModuleToExternalAverageTimePerRequest": 72.30000000000001
  },
  {
    "ClientToModuleTotalTime": 6681.5,
    "ClientToModulePercentualError": 0.9866307063648418,
    "ResilienceModuleToExternalTotalSuccessTime": 2544.5,
    "ResilienceModuleToExternalTotalErrorTime": 1466.5,
    "ResilienceModuleToExternalTotalTime": 4152.0,
    "ResilienceModuleToExternalAverageTimePerRequest": 101.78
  },
  {
    "ClientToModuleTotalTime": 10049.0,
    "ClientToModulePercentualError": 0.981216743125737,
    "ResilienceModuleToExternalTotalSuccessTime": 3645.0,
    "ResilienceModuleToExternalTotalErrorTime": 2343.5,
    "ResilienceModuleToExternalTotalTime": 6017.5,
    "ResilienceModuleToExternalAverageTimePerRequest": 145.8
  },
  {
    "ClientToModuleTotalTime": 10192.0,
    "ClientToModulePercentualError": 0.9802916800282395,
    "ResilienceModuleToExternalTotalSuccessTime": 3819.0,
    "ResilienceModuleToExternalTotalErrorTime": 2482.0,
    "ResilienceModuleToExternalTotalTime": 6289.0,
    "ResilienceModuleToExternalAverageTimePerRequest": 152.76
  },
  {
    "ClientToModuleTotalTime": 10727.0,
    "ClientToModulePercentualError": 0.9828005301386269,
    "ResilienceModuleToExternalTotalSuccessTime": 3913.5,
    "ResilienceModuleToExternalTotalErrorTime": 2686.0,
    "ResilienceModuleToExternalTotalTime": 6474.0,
    "ResilienceModuleToExternalAverageTimePerRequest": 156.54000000000002
  },
  {
    "ClientToModuleTotalTime": 10058.5,
    "ClientToModulePercentualError": 0.9798919160166104,
    "ResilienceModuleToExternalTotalSuccessTime": 3300.0,
    "ResilienceModuleToExternalTotalErrorTime": 2120.0,
    "ResilienceModuleToExternalTotalTime": 5386.0,
    "ResilienceModuleToExternalAverageTimePerRequest": 132.0
  },
  {
    "ClientToModuleTotalTime": 10197.0,
    "ClientToModulePercentualError": 0.9821264400416803,
    "ResilienceModuleToExternalTotalSuccessTime": 3646.5,
    "ResilienceModuleToExternalTotalErrorTime": 2439.0,
    "ResilienceModuleToExternalTotalTime": 5913.5,
    "ResilienceModuleToExternalAverageTimePerRequest": 145.86
  },
  {
    "ClientToModuleTotalTime": 10283.5,
    "ClientToModulePercentualError": 0.980871106677462,
    "ResilienceModuleToExternalTotalSuccessTime": 3534.5,
    "ResilienceModuleToExternalTotalErrorTime": 2305.5,
    "ResilienceModuleToExternalTotalTime": 5810.5,
    "ResilienceModuleToExternalAverageTimePerRequest": 141.38
  },
  {
    "ClientToModuleTotalTime": 10713.5,
    "ClientToModulePercentualError": 0.9881122179492281,
    "ResilienceModuleToExternalTotalSuccessTime": 3986.5,
    "ResilienceModuleToExternalTotalErrorTime": 3111.0,
    "ResilienceModuleToExternalTotalTime": 7026.5,
    "ResilienceModuleToExternalAverageTimePerRequest": 159.46
  }
]
