[
  {
    "ClientToModuleTotalTime": 8686.5,
    "ClientToModulePercentualError": 0.0,
    "ResilienceModuleToExternalTotalSuccessTime": 8672.5,
    "ResilienceModuleToExternalTotalErrorTime": 0.0,
    "ResilienceModuleToExternalTotalTime": 8672.5,
    "ResilienceModuleToExternalAverageTimePerRequest": 346.9
  },
  {
    "ClientToModuleTotalTime": 9097.5,
    "ClientToModulePercentualError": 0.0,
    "ResilienceModuleToExternalTotalSuccessTime": 9085.0,
    "ResilienceModuleToExternalTotalErrorTime": 0.0,
    "ResilienceModuleToExternalTotalTime": 9085.0,
    "ResilienceModuleToExternalAverageTimePerRequest": 363.4
  },
  {
    "ClientToModuleTotalTime": 9361.0,
    "ClientToModulePercentualError": 0.0,
    "ResilienceModuleToExternalTotalSuccessTime": 9348.5,
    "ResilienceModuleToExternalTotalErrorTime": 0.0,
    "ResilienceModuleToExternalTotalTime": 9348.5,
    "ResilienceModuleToExternalAverageTimePerRequest": 373.94
  },
  {
    "ClientToModuleTotalTime": 10226.0,
    "ClientToModulePercentualError": 0.0,
    "ResilienceModuleToExternalTotalSuccessTime": 10205.5,
    "ResilienceModuleToExternalTotalErrorTime": 0.0,
    "ResilienceModuleToExternalTotalTime": 10205.5,
    "ResilienceModuleToExternalAverageTimePerRequest": 408.22
  },
  {
    "ClientToModuleTotalTime": 9574.5,
    "ClientToModulePercentualError": 0.0,
    "ResilienceModuleToExternalTotalSuccessTime": 9558.5,
    "ResilienceModuleToExternalTotalErrorTime": 0.0,
    "ResilienceModuleToExternalTotalTime": 9558.5,
    "ResilienceModuleToExternalAverageTimePerRequest": 382.34
  }
]
