[
  {
    "ClientToModuleTotalTime": 135.0,
    "ClientToModulePercentualError": 0.0,
    "ResilienceModuleToExternalTotalSuccessTime": 121.0,
    "ResilienceModuleToExternalTotalErrorTime": 0.0,
    "ResilienceModuleToExternalTotalTime": 121.0,
    "ResilienceModuleToExternalAverageTimePerRequest": 4.84
  },
  {
    "ClientToModuleTotalTime": 131.0,
    "ClientToModulePercentualError": 0.0,
    "ResilienceModuleToExternalTotalSuccessTime": 116.0,
    "ResilienceModuleToExternalTotalErrorTime": 0.0,
    "ResilienceModuleToExternalTotalTime": 116.0,
    "ResilienceModuleToExternalAverageTimePerRequest": 4.64
  },
  {
    "ClientToModuleTotalTime": 132.0,
    "ClientToModulePercentualError": 0.0,
    "ResilienceModuleToExternalTotalSuccessTime": 115.0,
    "ResilienceModuleToExternalTotalErrorTime": 0.0,
    "ResilienceModuleToExternalTotalTime": 115.0,
    "ResilienceModuleToExternalAverageTimePerRequest": 4.6
  },
  {
    "ClientToModuleTotalTime": 134.0,
    "ClientToModulePercentualError": 0.0,
    "ResilienceModuleToExternalTotalSuccessTime": 120.0,
    "ResilienceModuleToExternalTotalErrorTime": 0.0,
    "ResilienceModuleToExternalTotalTime": 120.0,
    "ResilienceModuleToExternalAverageTimePerRequest": 4.8
  },
  {
    "ClientToModuleTotalTime": 133.0,
    "ClientToModulePercentualError": 0.0,
    "ResilienceModuleToExternalTotalSuccessTime": 120.0,
    "ResilienceModuleToExternalTotalErrorTime": 0.0,
    "ResilienceModuleToExternalTotalTime": 120.0,
    "ResilienceModuleToExternalAverageTimePerRequest": 4.8
  }
]
