[
  {
    "ClientToModuleTotalTime": 2410.0,
    "ClientToModulePercentualError": 0.0,
    "ResilienceModuleToExternalTotalSuccessTime": 2393.0,
    "ResilienceModuleToExternalTotalErrorTime": 0.0,
    "ResilienceModuleToExternalTotalTime": 2393.0,
    "ResilienceModuleToExternalAverageTimePerRequest": 95.72
  },
  {
    "ClientToModuleTotalTime": 2282.0,
    "ClientToModulePercentualError": 0.0,
    "ResilienceModuleToExternalTotalSuccessTime": 2269.0,
    "ResilienceModuleToExternalTotalErrorTime": 0.0,
    "ResilienceModuleToExternalTotalTime": 2269.0,
    "ResilienceModuleToExternalAverageTimePerRequest": 90.76
  },
  {
    "ClientToModuleTotalTime": 2393.0,
    "ClientToModulePercentualError": 0.0,
    "ResilienceModuleToExternalTotalSuccessTime": 2376.0,
    "ResilienceModuleToExternalTotalErrorTime": 0.0,
    "ResilienceModuleToExternalTotalTime": 2376.0,
    "ResilienceModuleToExternalAverageTimePerRequest": 95.04
  },
  {
    "ClientToModuleTotalTime": 2377.0,
    "ClientToModulePercentualError": 0.0,
    "ResilienceModuleToExternalTotalSuccessTime": 2364.0,
    "ResilienceModuleToExternalTotalErrorTime": 0.0,
    "ResilienceModuleToExternalTotalTime": 2364.0,
    "ResilienceModuleToExternalAverageTimePerRequest": 94.56
  },
  {
    "ClientToModuleTotalTime": 2288.0,
    "ClientToModulePercentualError": 0.0,
    "ResilienceModuleToExternalTotalSuccessTime": 2272.0,
    "ResilienceModuleToExternalTotalErrorTime": 0.0,
    "ResilienceModuleToExternalTotalTime": 2272.0,
    "ResilienceModuleToExternalAverageTimePerRequest": 90.88
  }
]
