[
  {
    "ClientToModuleTotalTime": 4623.0,
    "ClientToModulePercentualError": 0.0,
    "ResilienceModuleToExternalTotalSuccessTime": 4610.5,
    "ResilienceModuleToExternalTotalErrorTime": 0.0,
    "ResilienceModuleToExternalTotalTime": 4610.5,
    "ResilienceModuleToExternalAverageTimePerRequest": 184.42000000000002
  },
  {
    "ClientToModuleTotalTime": 4647.5,
    "ClientToModulePercentualError": 0.0,
    "ResilienceModuleToExternalTotalSuccessTime": 4635.5,
    "ResilienceModuleToExternalTotalErrorTime": 0.0,
    "ResilienceModuleToExternalTotalTime": 4635.5,
    "ResilienceModuleToExternalAverageTimePerRequest": 185.42000000000002
  },
  {
    "ClientToModuleTotalTime": 4836.5,
    "ClientToModulePercentualError": 0.0,
    "ResilienceModuleToExternalTotalSuccessTime": 4823.0,
    "ResilienceModuleToExternalTotalErrorTime": 0.0,
    "ResilienceModuleToExternalTotalTime": 4823.0,
    "ResilienceModuleToExternalAverageTimePerRequest": 192.92000000000002
  },
  {
    "ClientToModuleTotalTime": 5084.0,
    "ClientToModulePercentualError": 0.0,
    "ResilienceModuleToExternalTotalSuccessTime": 5072.5,
    "ResilienceModuleToExternalTotalErrorTime": 0.0,
    "ResilienceModuleToExternalTotalTime": 5072.5,
    "ResilienceModuleToExternalAverageTimePerRequest": 202.89999999999998
  },
  {
    "ClientToModuleTotalTime": 4795.5,
    "ClientToModulePercentualError": 0.0,
    "ResilienceModuleToExternalTotalSuccessTime": 4782.0,
    "ResilienceModuleToExternalTotalErrorTime": 0.0,
    "ResilienceModuleToExternalTotalTime": 4782.0,
    "ResilienceModuleToExternalAverageTimePerRequest": 191.28
  }
]
