[
  {
    "ClientToModuleTotalTime": 9261.0,
    "ClientToModulePercentualError": 0.0,
    "ResilienceModuleToExternalTotalSuccessTime": 9214.5,
    "ResilienceModuleToExternalTotalErrorTime": 0.0,
    "ResilienceModuleToExternalTotalTime": 9214.5,
    "ResilienceModuleToExternalAverageTimePerRequest": 368.58000000000004
  },
  {
    "ClientToModuleTotalTime": 9136.0,
    "ClientToModulePercentualError": 0.0,
    "ResilienceModuleToExternalTotalSuccessTime": 9113.0,
    "ResilienceModuleToExternalTotalErrorTime": 0.0,
    "ResilienceModuleToExternalTotalTime": 9113.0,
    "ResilienceModuleToExternalAverageTimePerRequest": 364.52
  },
  {
    "ClientToModuleTotalTime": 9895.5,
    "ClientToModulePercentualError": 0.0,
    "ResilienceModuleToExternalTotalSuccessTime": 9883.0,
    "ResilienceModuleToExternalTotalErrorTime": 0.0,
    "ResilienceModuleToExternalTotalTime": 9883.0,
    "ResilienceModuleToExternalAverageTimePerRequest": 395.32
  },
  {
    "ClientToModuleTotalTime": 9556.5,
    "ClientToModulePercentualError": 0.0,
    "ResilienceModuleToExternalTotalSuccessTime": 9544.5,
    "ResilienceModuleToExternalTotalErrorTime": 0.0,
    "ResilienceModuleToExternalTotalTime": 9544.5,
    "ResilienceModuleToExternalAverageTimePerRequest": 381.78
  },
  {
    "ClientToModuleTotalTime": 9628.0,
    "ClientToModulePercentualError": 0.0,
    "ResilienceModuleToExternalTotalSuccessTime": 9612.5,
    "ResilienceModuleToExternalTotalErrorTime": 0.0,
    "ResilienceModuleToExternalTotalTime": 9612.5,
    "ResilienceModuleToExternalAverageTimePerRequest": 384.5
  }
]
