[
  {
    "ClientToModuleTotalTime": 144.0,
    "ClientToModulePercentualError": 0.0,
    "ResilienceModuleToExternalTotalSuccessTime": 114.0,
    "ResilienceModuleToExternalTotalErrorTime": 0.0,
    "ResilienceModuleToExternalTotalTime": 114.0,
    "ResilienceModuleToExternalAverageTimePerRequest": 4.56
  },
  {
    "ClientToModuleTotalTime": 152.0,
    "ClientToModulePercentualError": 0.0,
    "ResilienceModuleToExternalTotalSuccessTime": 140.0,
    "ResilienceModuleToExternalTotalErrorTime": 0.0,
    "ResilienceModuleToExternalTotalTime": 140.0,
    "ResilienceModuleToExternalAverageTimePerRequest": 5.6
  },
  {
    "ClientToModuleTotalTime": 134.0,
    "ClientToModulePercentualError": 0.0,
    "ResilienceModuleToExternalTotalSuccessTime": 120.0,
    "ResilienceModuleToExternalTotalErrorTime": 0.0,
    "ResilienceModuleToExternalTotalTime": 120.0,
    "ResilienceModuleToExternalAverageTimePerRequest": 4.8
  },
  {
    "ClientToModuleTotalTime": 143.0,
    "ClientToModulePercentualError": 0.0,
    "ResilienceModuleToExternalTotalSuccessTime": 134.0,
    "ResilienceModuleToExternalTotalErrorTime": 0.0,
    "ResilienceModuleToExternalTotalTime": 134.0,
    "ResilienceModuleToExternalAverageTimePerRequest": 5.36
  },
  {
    "ClientToModuleTotalTime": 129.0,
    "ClientToModulePercentualError": 0.0,
    "ResilienceModuleToExternalTotalSuccessTime": 119.0,
    "ResilienceModuleToExternalTotalErrorTime": 0.0,
    "ResilienceModuleToExternalTotalTime": 119.0,
    "ResilienceModuleToExternalAverageTimePerRequest": 4.76
  }
]
