[
  {
    "ClientToModuleTotalTime": 2321.0,
    "ClientToModulePercentualError": 0.0,
    "ResilienceModuleToExternalTotalSuccessTime": 2307.0,
    "ResilienceModuleToExternalTotalErrorTime": 0.0,
    "ResilienceModuleToExternalTotalTime": 2307.0,
    "ResilienceModuleToExternalAverageTimePerRequest": 92.28
  },
  {
    "ClientToModuleTotalTime": 2360.0,
    "ClientToModulePercentualError": 0.0,
    "ResilienceModuleToExternalTotalSuccessTime": 2340.0,
    "ResilienceModuleToExternalTotalErrorTime": 0.0,
    "ResilienceModuleToExternalTotalTime": 2340.0,
    "ResilienceModuleToExternalAverageTimePerRequest": 93.6
  },
  {
    "ClientToModuleTotalTime": 2568.0,
    "ClientToModulePercentualError": 0.0,
    "ResilienceModuleToExternalTotalSuccessTime": 2544.0,
    "ResilienceModuleToExternalTotalErrorTime": 0.0,
    "ResilienceModuleToExternalTotalTime": 2544.0,
    "ResilienceModuleToExternalAverageTimePerRequest": 101.76
  },
  {
    "ClientToModuleTotalTime": 2321.0,
    "ClientToModulePercentualError": 0.0,
    "ResilienceModuleToExternalTotalSuccessTime": 2304.0,
    "ResilienceModuleToExternalTotalErrorTime": 0.0,
    "ResilienceModuleToExternalTotalTime": 2304.0,
    "ResilienceModuleToExternalAverageTimePerRequest": 92.16
  },
  {
    "ClientToModuleTotalTime": 2404.0,
    "ClientToModulePercentualError": 0.0,
    "ResilienceModuleToExternalTotalSuccessTime": 2393.0,
    "ResilienceModuleToExternalTotalErrorTime": 0.0,
    "ResilienceModuleToExternalTotalTime": 2393.0,
    "ResilienceModuleToExternalAverageTimePerRequest": 95.72
  }
]
