[
  {
    "ClientToModuleTotalTime": 4568.0,
    "ClientToModulePercentualError": 0.0,
    "ResilienceModuleToExternalTotalSuccessTime": 4529.5,
    "ResilienceModuleToExternalTotalErrorTime": 0.0,
    "ResilienceModuleToExternalTotalTime": 4529.5,
    "ResilienceModuleToExternalAverageTimePerRequest": 181.18
  },
  {
    "ClientToModuleTotalTime": 5039.5,
    "ClientToModulePercentualError": 0.0,
    "ResilienceModuleToExternalTotalSuccessTime": 5023.5,
    "ResilienceModuleToExternalTotalErrorTime": 0.0,
    "ResilienceModuleToExternalTotalTime": 5023.5,
    "ResilienceModuleToExternalAverageTimePerRequest": 200.94
  },
  {
    "ClientToModuleTotalTime": 4668.0,
    "ClientToModulePercentualError": 0.0,
    "ResilienceModuleToExternalTotalSuccessTime": 4653.5,
    "ResilienceModuleToExternalTotalErrorTime": 0.0,
    "ResilienceModuleToExternalTotalTime": 4653.5,
    "ResilienceModuleToExternalAverageTimePerRequest": 186.14
  },
  {
    "ClientToModuleTotalTime": 5096.5,
    "ClientToModulePercentualError": 0.0,
    "ResilienceModuleToExternalTotalSuccessTime": 5075.5,
    "ResilienceModuleToExternalTotalErrorTime": 0.0,
    "ResilienceModuleToExternalTotalTime": 5075.5,
    "ResilienceModuleToExternalAverageTimePerRequest": 203.01999999999998
  },
  {
    "ClientToModuleTotalTime": 4732.0,
    "ClientToModulePercentualError": 0.0,
    "ResilienceModuleToExternalTotalSuccessTime": 4717.5,
    "ResilienceModuleToExternalTotalErrorTime": 0.0,
    "ResilienceModuleToExternalTotalTime": 4717.5,
    "ResilienceModuleToExternalAverageTimePerRequest": 188.7
  }
]
