[
  {
    "ClientToModuleTotalTime": 6183.5,
    "ClientToModulePercentualError": 15.7,
    "ResilienceModuleToExternalTotalSuccessTime": 5885.5,
    "ResilienceModuleToExternalTotalErrorTime": 2.0,
    "ResilienceModuleToExternalTotalTime": 5984.0,
    "ResilienceModuleToExternalAverageTimePerRequest": 254.08
  },
  {
    "ClientToModuleTotalTime": 5666.5,
    "ClientToModulePercentualError": 22.21913043478261,
    "ResilienceModuleToExternalTotalSuccessTime": 5443.0,
    "ResilienceModuleToExternalTotalErrorTime": 2.0,
    "ResilienceModuleToExternalTotalTime": 5521.0,
    "ResilienceModuleToExternalAverageTimePerRequest": 227.145
  },
  {
    "ClientToModuleTotalTime": 5851.0,
    "ClientToModulePercentualError": 22.139130434782608,
    "ResilienceModuleToExternalTotalSuccessTime": 5643.5,
    "ResilienceModuleToExternalTotalErrorTime": 2.5,
    "ResilienceModuleToExternalTotalTime": 5737.0,
    "ResilienceModuleToExternalAverageTimePerRequest": 242.5
  },
  {
    "ClientToModuleTotalTime": 5921.5,
    "ClientToModulePercentualError": 24.36952380952381,
    "ResilienceModuleToExternalTotalSuccessTime": 5674.0,
    "ResilienceModuleToExternalTotalErrorTime": 1.5,
    "ResilienceModuleToExternalTotalTime": 5747.0,
    "ResilienceModuleToExternalAverageTimePerRequest": 235.38
  },
  {
    "ClientToModuleTotalTime": 8456.5,
    "ClientToModulePercentualError": 2.06,
    "ResilienceModuleToExternalTotalSuccessTime": 7164.5,
    "ResilienceModuleToExternalTotalErrorTime": 64.5,
    "ResilienceModuleToExternalTotalTime": 7896.5,
    "ResilienceModuleToExternalAverageTimePerRequest": 311.14
  },
  {
    "ClientToModuleTotalTime": 12570.0,
    "ClientToModulePercentualError": 7.4399999999999995,
    "ResilienceModuleToExternalTotalSuccessTime": 9629.5,
    "ResilienceModuleToExternalTotalErrorTime": 495.5,
    "ResilienceModuleToExternalTotalTime": 11400.5,
    "ResilienceModuleToExternalAverageTimePerRequest": 410.7166666666667
  },
  {
    "ClientToModuleTotalTime": 14267.5,
    "ClientToModulePercentualError": 3.72,
    "ResilienceModuleToExternalTotalSuccessTime": 10396.0,
    "ResilienceModuleToExternalTotalErrorTime": 721.5,
    "ResilienceModuleToExternalTotalTime": 13603.5,
    "ResilienceModuleToExternalAverageTimePerRequest": 474.02
  },
  {
    "ClientToModuleTotalTime": 13773.5,
    "ClientToModulePercentualError": 2.94,
    "ResilienceModuleToExternalTotalSuccessTime": 10590.0,
    "ResilienceModuleToExternalTotalErrorTime": 297.0,
    "ResilienceModuleToExternalTotalTime": 13298.0,
    "ResilienceModuleToExternalAverageTimePerRequest": 456.28
  },
  {
    "ClientToModuleTotalTime": 14186.0,
    "ClientToModulePercentualError": 4.76,
    "ResilienceModuleToExternalTotalSuccessTime": 11258.5,
    "ResilienceModuleToExternalTotalErrorTime": 637.5,
    "ResilienceModuleToExternalTotalTime": 13532.5,
    "ResilienceModuleToExternalAverageTimePerRequest": 463.1
  },
  {
    "ClientToModuleTotalTime": 14449.5,
    "ClientToModulePercentualError": 7.52,
    "ResilienceModuleToExternalTotalSuccessTime": 12111.5,
    "ResilienceModuleToExternalTotalErrorTime": 1030.0,
    "ResilienceModuleToExternalTotalTime": 14354.5,
    "ResilienceModuleToExternalAverageTimePerRequest": 516.1333333333333
  }
]
