[
  {
    "ClientToModuleTotalTime": 1971.5,
    "ClientToModulePercentualError": 23.96952380952381,
    "ResilienceModuleToExternalTotalSuccessTime": 1704.0,
    "ResilienceModuleToExternalTotalErrorTime": 12.5,
    "ResilienceModuleToExternalTotalTime": 1831.0,
    "ResilienceModuleToExternalAverageTimePerRequest": 73.14
  },
  {
    "ClientToModuleTotalTime": 2083.5,
    "ClientToModulePercentualError": 36.074285714285715,
    "ResilienceModuleToExternalTotalSuccessTime": 1854.5,
    "ResilienceModuleToExternalTotalErrorTime": 2.0,
    "ResilienceModuleToExternalTotalTime": 1952.0,
    "ResilienceModuleToExternalAverageTimePerRequest": 87.1
  },
  {
    "ClientToModuleTotalTime": 1793.5,
    "ClientToModulePercentualError": 23.207272727272727,
    "ResilienceModuleToExternalTotalSuccessTime": 1642.0,
    "ResilienceModuleToExternalTotalErrorTime": 2.5,
    "ResilienceModuleToExternalTotalTime": 1714.5,
    "ResilienceModuleToExternalAverageTimePerRequest": 80.44
  },
  {
    "ClientToModuleTotalTime": 1733.5,
    "ClientToModulePercentualError": 62.9,
    "ResilienceModuleToExternalTotalSuccessTime": 1712.5,
    "ResilienceModuleToExternalTotalErrorTime": 3.0,
    "ResilienceModuleToExternalTotalTime": 1719.5,
    "ResilienceModuleToExternalAverageTimePerRequest": 77.75
  },
  {
    "ClientToModuleTotalTime": 2305.0,
    "ClientToModulePercentualError": 24.14952380952381,
    "ResilienceModuleToExternalTotalSuccessTime": 1879.5,
    "ResilienceModuleToExternalTotalErrorTime": 45.0,
    "ResilienceModuleToExternalTotalTime": 2042.5,
    "ResilienceModuleToExternalAverageTimePerRequest": 90.56
  },
  {
    "ClientToModuleTotalTime": 3147.5,
    "ClientToModulePercentualError": 20.240000000000002,
    "ResilienceModuleToExternalTotalSuccessTime": 2489.5,
    "ResilienceModuleToExternalTotalErrorTime": 111.5,
    "ResilienceModuleToExternalTotalTime": 2904.0,
    "ResilienceModuleToExternalAverageTimePerRequest": 109.98545454545454
  },
  {
    "ClientToModuleTotalTime": 3501.5,
    "ClientToModulePercentualError": 12.0,
    "ResilienceModuleToExternalTotalSuccessTime": 2704.5,
    "ResilienceModuleToExternalTotalErrorTime": 423.0,
    "ResilienceModuleToExternalTotalTime": 3258.0,
    "ResilienceModuleToExternalAverageTimePerRequest": 127.64181818181817
  },
  {
    "ClientToModuleTotalTime": 3721.0,
    "ClientToModulePercentualError": 5.819999999999999,
    "ResilienceModuleToExternalTotalSuccessTime": 2778.5,
    "ResilienceModuleToExternalTotalErrorTime": 475.5,
    "ResilienceModuleToExternalTotalTime": 3280.0,
    "ResilienceModuleToExternalAverageTimePerRequest": 126.20666666666668
  },
  {
    "ClientToModuleTotalTime": 3460.0,
    "ClientToModulePercentualError": 13.98,
    "ResilienceModuleToExternalTotalSuccessTime": 2634.0,
    "ResilienceModuleToExternalTotalErrorTime": 294.0,
    "ResilienceModuleToExternalTotalTime": 3062.0,
    "ResilienceModuleToExternalAverageTimePerRequest": 125.24363636363637
  },
  {
    "ClientToModuleTotalTime": 3397.0,
    "ClientToModulePercentualError": 8.040000000000001,
    "ResilienceModuleToExternalTotalSuccessTime": 2853.5,
    "ResilienceModuleToExternalTotalErrorTime": 227.5,
    "ResilienceModuleToExternalTotalTime": 3163.0,
    "ResilienceModuleToExternalAverageTimePerRequest": 127.56
  }
]
