[
  {
    "ClientToModuleTotalTime": 2983.0,
    "ClientToModulePercentualError": 21.99913043478261,
    "ResilienceModuleToExternalTotalSuccessTime": 2832.5,
    "ResilienceModuleToExternalTotalErrorTime": 2.5,
    "ResilienceModuleToExternalTotalTime": 2892.5,
    "ResilienceModuleToExternalAverageTimePerRequest": 122.87333333333333
  },
  {
    "ClientToModuleTotalTime": 3128.5,
    "ClientToModulePercentualError": 12.040000000000001,
    "ResilienceModuleToExternalTotalSuccessTime": 2876.0,
    "ResilienceModuleToExternalTotalErrorTime": 3.5,
    "ResilienceModuleToExternalTotalTime": 3006.0,
    "ResilienceModuleToExternalAverageTimePerRequest": 121.28
  },
  {
    "ClientToModuleTotalTime": 2955.0,
    "ClientToModulePercentualError": 55.87555555555556,
    "ResilienceModuleToExternalTotalSuccessTime": 2928.0,
    "ResilienceModuleToExternalTotalErrorTime": 2.0,
    "ResilienceModuleToExternalTotalTime": 2943.5,
    "ResilienceModuleToExternalAverageTimePerRequest": 124.28
  },
  {
    "ClientToModuleTotalTime": 3151.5,
    "ClientToModulePercentualError": 18.46,
    "ResilienceModuleToExternalTotalSuccessTime": 3041.0,
    "ResilienceModuleToExternalTotalErrorTime": 1.5,
    "ResilienceModuleToExternalTotalTime": 3107.0,
    "ResilienceModuleToExternalAverageTimePerRequest": 129.76666666666665
  },
  {
    "ClientToModuleTotalTime": 4516.0,
    "ClientToModulePercentualError": 13.1,
    "ResilienceModuleToExternalTotalSuccessTime": 3887.5,
    "ResilienceModuleToExternalTotalErrorTime": 68.0,
    "ResilienceModuleToExternalTotalTime": 4142.0,
    "ResilienceModuleToExternalAverageTimePerRequest": 178.07
  },
  {
    "ClientToModuleTotalTime": 7262.0,
    "ClientToModulePercentualError": 5.760000000000001,
    "ResilienceModuleToExternalTotalSuccessTime": 5757.0,
    "ResilienceModuleToExternalTotalErrorTime": 338.5,
    "ResilienceModuleToExternalTotalTime": 6861.0,
    "ResilienceModuleToExternalAverageTimePerRequest": 234.74
  },
  {
    "ClientToModuleTotalTime": 7136.5,
    "ClientToModulePercentualError": 9.5,
    "ResilienceModuleToExternalTotalSuccessTime": 5854.5,
    "ResilienceModuleToExternalTotalErrorTime": 536.5,
    "ResilienceModuleToExternalTotalTime": 6868.0,
    "ResilienceModuleToExternalAverageTimePerRequest": 256.1294117647059
  },
  {
    "ClientToModuleTotalTime": 7564.0,
    "ClientToModulePercentualError": 5.34,
    "ResilienceModuleToExternalTotalSuccessTime": 5993.0,
    "ResilienceModuleToExternalTotalErrorTime": 627.0,
    "ResilienceModuleToExternalTotalTime": 7384.0,
    "ResilienceModuleToExternalAverageTimePerRequest": 258.3626373626373
  },
  {
    "ClientToModuleTotalTime": 7726.0,
    "ClientToModulePercentualError": 8.44,
    "ResilienceModuleToExternalTotalSuccessTime": 6148.5,
    "ResilienceModuleToExternalTotalErrorTime": 393.5,
    "ResilienceModuleToExternalTotalTime": 7116.0,
    "ResilienceModuleToExternalAverageTimePerRequest": 269.3423529411765
  },
  {
    "ClientToModuleTotalTime": 7204.0,
    "ClientToModulePercentualError": 8.58,
    "ResilienceModuleToExternalTotalSuccessTime": 5565.0,
    "ResilienceModuleToExternalTotalErrorTime": 515.0,
    "ResilienceModuleToExternalTotalTime": 6955.5,
    "ResilienceModuleToExternalAverageTimePerRequest": 260.49875
  }
]
