[
  {
    "ClientToModuleTotalTime": 8885.5,
    "ClientToModulePercentualError": 0.0,
    "ResilienceModuleToExternalTotalSuccessTime": 8869.5,
    "ResilienceModuleToExternalTotalErrorTime": 0.0,
    "ResilienceModuleToExternalTotalTime": 8869.5,
    "ResilienceModuleToExternalAverageTimePerRequest": 354.78
  },
  {
    "ClientToModuleTotalTime": 9589.0,
    "ClientToModulePercentualError": 0.0,
    "ResilienceModuleToExternalTotalSuccessTime": 9570.0,
    "ResilienceModuleToExternalTotalErrorTime": 0.0,
    "ResilienceModuleToExternalTotalTime": 9570.0,
    "ResilienceModuleToExternalAverageTimePerRequest": 382.8
  },
  {
    "ClientToModuleTotalTime": 9349.5,
    "ClientToModulePercentualError": 0.0,
    "ResilienceModuleToExternalTotalSuccessTime": 9334.5,
    "ResilienceModuleToExternalTotalErrorTime": 0.0,
    "ResilienceModuleToExternalTotalTime": 9334.5,
    "ResilienceModuleToExternalAverageTimePerRequest": 373.38
  },
  {
    "ClientToModuleTotalTime": 10375.5,
    "ClientToModulePercentualError": 0.0,
    "ResilienceModuleToExternalTotalSuccessTime": 10356.5,
    "ResilienceModuleToExternalTotalErrorTime": 0.0,
    "ResilienceModuleToExternalTotalTime": 10356.5,
    "ResilienceModuleToExternalAverageTimePerRequest": 414.26
  },
  {
    "ClientToModuleTotalTime": 9082.5,
    "ClientToModulePercentualError": 0.0,
    "ResilienceModuleToExternalTotalSuccessTime": 9066.5,
    "ResilienceModuleToExternalTotalErrorTime": 0.0,
    "ResilienceModuleToExternalTotalTime": 9066.5,
    "ResilienceModuleToExternalAverageTimePerRequest": 362.65999999999997
  },
  {
    "ClientToModuleTotalTime": 9190.0,
    "ClientToModulePercentualError": 0.0,
    "ResilienceModuleToExternalTotalSuccessTime": 9176.5,
    "ResilienceModuleToExternalTotalErrorTime": 0.0,
    "ResilienceModuleToExternalTotalTime": 9176.5,
    "ResilienceModuleToExternalAverageTimePerRequest": 367.06
  },
  {
    "ClientToModuleTotalTime": 9544.0,
    "ClientToModulePercentualError": 0.0,
    "ResilienceModuleToExternalTotalSuccessTime": 9529.0,
    "ResilienceModuleToExternalTotalErrorTime": 0.0,
    "ResilienceModuleToExternalTotalTime": 9529.0,
    "ResilienceModuleToExternalAverageTimePerRequest": 381.15999999999997
  },
  {
    "ClientToModuleTotalTime": 9063.5,
    "ClientToModulePercentualError": 0.0,
    "ResilienceModuleToExternalTotalSuccessTime": 9049.0,
    "ResilienceModuleToExternalTotalErrorTime": 0.0,
    "ResilienceModuleToExternalTotalTime": 9049.0,
    "ResilienceModuleToExternalAverageTimePerRequest": 361.96000000000004
  },
  {
    "ClientToModuleTotalTime": 9243.5,
    "ClientToModulePercentualError": 0.0,
    "ResilienceModuleToExternalTotalSuccessTime": 9225.5,
    "ResilienceModuleToExternalTotalErrorTime": 0.0,
    "ResilienceModuleToExternalTotalTime": 9225.5,
    "ResilienceModuleToExternalAverageTimePerRequest": 369.02
  },
  {
    "ClientToModuleTotalTime": 9297.0,
    "ClientToModulePercentualError": 0.0,
    "ResilienceModuleToExternalTotalSuccessTime": 9282.0,
    "ResilienceModuleToExternalTotalErrorTime": 0.0,
    "ResilienceModuleToExternalTotalTime": 9282.0,
    "ResilienceModuleToExternalAverageTimePerRequest": 371.28
  }
]
