[
  {
    "ClientToModuleTotalTime": 137.0,
    "ClientToModulePercentualError": 0.0,
    "ResilienceModuleToExternalTotalSuccessTime": 118.0,
    "ResilienceModuleToExternalTotalErrorTime": 0.0,
    "ResilienceModuleToExternalTotalTime": 118.0,
    "ResilienceModuleToExternalAverageTimePerRequest": 4.72
  },
  {
    "ClientToModuleTotalTime": 121.0,
    "ClientToModulePercentualError": 0.0,
    "ResilienceModuleToExternalTotalSuccessTime": 106.0,
    "ResilienceModuleToExternalTotalErrorTime": 0.0,
    "ResilienceModuleToExternalTotalTime": 106.0,
    "ResilienceModuleToExternalAverageTimePerRequest": 4.24
  },
  {
    "ClientToModuleTotalTime": 119.0,
    "ClientToModulePercentualError": 0.0,
    "ResilienceModuleToExternalTotalSuccessTime": 103.0,
    "ResilienceModuleToExternalTotalErrorTime": 0.0,
    "ResilienceModuleToExternalTotalTime": 103.0,
    "ResilienceModuleToExternalAverageTimePerRequest": 4.12
  },
  {
    "ClientToModuleTotalTime": 124.0,
    "ClientToModulePercentualError": 0.0,
    "ResilienceModuleToExternalTotalSuccessTime": 109.0,
    "ResilienceModuleToExternalTotalErrorTime": 0.0,
    "ResilienceModuleToExternalTotalTime": 109.0,
    "ResilienceModuleToExternalAverageTimePerRequest": 4.36
  },
  {
    "ClientToModuleTotalTime": 120.0,
    "ClientToModulePercentualError": 0.0,
    "ResilienceModuleToExternalTotalSuccessTime": 108.0,
    "ResilienceModuleToExternalTotalErrorTime": 0.0,
    "ResilienceModuleToExternalTotalTime": 108.0,
    "ResilienceModuleToExternalAverageTimePerRequest": 4.32
  },
  {
    "ClientToModuleTotalTime": 119.0,
    "ClientToModulePercentualError": 0.0,
    "ResilienceModuleToExternalTotalSuccessTime": 109.0,
    "ResilienceModuleToExternalTotalErrorTime": 0.0,
    "ResilienceModuleToExternalTotalTime": 109.0,
    "ResilienceModuleToExternalAverageTimePerRequest": 4.36
  },
  {
    "ClientToModuleTotalTime": 125.0,
    "ClientToModulePercentualError": 0.0,
    "ResilienceModuleToExternalTotalSuccessTime": 112.0,
    "ResilienceModuleToExternalTotalErrorTime": 0.0,
    "ResilienceModuleToExternalTotalTime": 112.0,
    "ResilienceModuleToExternalAverageTimePerRequest": 4.48
  },
  {
    "ClientToModuleTotalTime": 203.0,
    "ClientToModulePercentualError": 0.0,
    "ResilienceModuleToExternalTotalSuccessTime": 188.0,
    "ResilienceModuleToExternalTotalErrorTime": 0.0,
    "ResilienceModuleToExternalTotalTime": 188.0,
    "ResilienceModuleToExternalAverageTimePerRequest": 7.52
  },
  {
    "ClientToModuleTotalTime": 119.0,
    "ClientToModulePercentualError": 0.0,
    "ResilienceModuleToExternalTotalSuccessTime": 106.0,
    "ResilienceModuleToExternalTotalErrorTime": 0.0,
    "ResilienceModuleToExternalTotalTime": 106.0,
    "ResilienceModuleToExternalAverageTimePerRequest": 4.24
  },
  {
    "ClientToModuleTotalTime": 120.0,
    "ClientToModulePercentualError": 0.0,
    "ResilienceModuleToExternalTotalSuccessTime": 105.0,
    "ResilienceModuleToExternalTotalErrorTime": 0.0,
    "ResilienceModuleToExternalTotalTime": 105.0,
    "ResilienceModuleToExternalAverageTimePerRequest": 4.2
  }
]
