[
  {
    "ClientToModuleTotalTime": 2346.0,
    "ClientToModulePercentualError": 0.0,
    "ResilienceModuleToExternalTotalSuccessTime": 2329.0,
    "ResilienceModuleToExternalTotalErrorTime": 0.0,
    "ResilienceModuleToExternalTotalTime": 2329.0,
    "ResilienceModuleToExternalAverageTimePerRequest": 93.16
  },
  {
    "ClientToModuleTotalTime": 2150.0,
    "ClientToModulePercentualError": 0.0,
    "ResilienceModuleToExternalTotalSuccessTime": 2135.0,
    "ResilienceModuleToExternalTotalErrorTime": 0.0,
    "ResilienceModuleToExternalTotalTime": 2135.0,
    "ResilienceModuleToExternalAverageTimePerRequest": 85.4
  },
  {
    "ClientToModuleTotalTime": 2239.0,
    "ClientToModulePercentualError": 0.0,
    "ResilienceModuleToExternalTotalSuccessTime": 2226.0,
    "ResilienceModuleToExternalTotalErrorTime": 0.0,
    "ResilienceModuleToExternalTotalTime": 2226.0,
    "ResilienceModuleToExternalAverageTimePerRequest": 89.04
  },
  {
    "ClientToModuleTotalTime": 2393.0,
    "ClientToModulePercentualError": 0.0,
    "ResilienceModuleToExternalTotalSuccessTime": 2379.0,
    "ResilienceModuleToExternalTotalErrorTime": 0.0,
    "ResilienceModuleToExternalTotalTime": 2379.0,
    "ResilienceModuleToExternalAverageTimePerRequest": 95.16
  },
  {
    "ClientToModuleTotalTime": 2304.0,
    "ClientToModulePercentualError": 0.0,
    "ResilienceModuleToExternalTotalSuccessTime": 2290.0,
    "ResilienceModuleToExternalTotalErrorTime": 0.0,
    "ResilienceModuleToExternalTotalTime": 2290.0,
    "ResilienceModuleToExternalAverageTimePerRequest": 91.6
  },
  {
    "ClientToModuleTotalTime": 2272.0,
    "ClientToModulePercentualError": 0.0,
    "ResilienceModuleToExternalTotalSuccessTime": 2259.0,
    "ResilienceModuleToExternalTotalErrorTime": 0.0,
    "ResilienceModuleToExternalTotalTime": 2259.0,
    "ResilienceModuleToExternalAverageTimePerRequest": 90.36
  },
  {
    "ClientToModuleTotalTime": 2338.0,
    "ClientToModulePercentualError": 0.0,
    "ResilienceModuleToExternalTotalSuccessTime": 2322.0,
    "ResilienceModuleToExternalTotalErrorTime": 0.0,
    "ResilienceModuleToExternalTotalTime": 2322.0,
    "ResilienceModuleToExternalAverageTimePerRequest": 92.88
  },
  {
    "ClientToModuleTotalTime": 3060.0,
    "ClientToModulePercentualError": 0.0,
    "ResilienceModuleToExternalTotalSuccessTime": 3045.0,
    "ResilienceModuleToExternalTotalErrorTime": 0.0,
    "ResilienceModuleToExternalTotalTime": 3045.0,
    "ResilienceModuleToExternalAverageTimePerRequest": 121.8
  },
  {
    "ClientToModuleTotalTime": 2231.0,
    "ClientToModulePercentualError": 0.0,
    "ResilienceModuleToExternalTotalSuccessTime": 2218.0,
    "ResilienceModuleToExternalTotalErrorTime": 0.0,
    "ResilienceModuleToExternalTotalTime": 2218.0,
    "ResilienceModuleToExternalAverageTimePerRequest": 88.72
  },
  {
    "ClientToModuleTotalTime": 2419.0,
    "ClientToModulePercentualError": 0.0,
    "ResilienceModuleToExternalTotalSuccessTime": 2404.0,
    "ResilienceModuleToExternalTotalErrorTime": 0.0,
    "ResilienceModuleToExternalTotalTime": 2404.0,
    "ResilienceModuleToExternalAverageTimePerRequest": 96.16
  }
]
