[
  {
    "ClientToModuleTotalTime": 4653.5,
    "ClientToModulePercentualError": 0.0,
    "ResilienceModuleToExternalTotalSuccessTime": 4639.0,
    "ResilienceModuleToExternalTotalErrorTime": 0.0,
    "ResilienceModuleToExternalTotalTime": 4639.0,
    "ResilienceModuleToExternalAverageTimePerRequest": 185.56
  },
  {
    "ClientToModuleTotalTime": 4715.0,
    "ClientToModulePercentualError": 0.0,
    "ResilienceModuleToExternalTotalSuccessTime": 4700.5,
    "ResilienceModuleToExternalTotalErrorTime": 0.0,
    "ResilienceModuleToExternalTotalTime": 4700.5,
    "ResilienceModuleToExternalAverageTimePerRequest": 188.01999999999998
  },
  {
    "ClientToModuleTotalTime": 4597.0,
    "ClientToModulePercentualError": 0.0,
    "ResilienceModuleToExternalTotalSuccessTime": 4582.0,
    "ResilienceModuleToExternalTotalErrorTime": 0.0,
    "ResilienceModuleToExternalTotalTime": 4582.0,
    "ResilienceModuleToExternalAverageTimePerRequest": 183.28
  },
  {
    "ClientToModuleTotalTime": 5539.5,
    "ClientToModulePercentualError": 0.0,
    "ResilienceModuleToExternalTotalSuccessTime": 5524.0,
    "ResilienceModuleToExternalTotalErrorTime": 0.0,
    "ResilienceModuleToExternalTotalTime": 5524.0,
    "ResilienceModuleToExternalAverageTimePerRequest": 220.95999999999998
  },
  {
    "ClientToModuleTotalTime": 4588.0,
    "ClientToModulePercentualError": 0.0,
    "ResilienceModuleToExternalTotalSuccessTime": 4571.5,
    "ResilienceModuleToExternalTotalErrorTime": 0.0,
    "ResilienceModuleToExternalTotalTime": 4571.5,
    "ResilienceModuleToExternalAverageTimePerRequest": 182.86
  },
  {
    "ClientToModuleTotalTime": 4969.0,
    "ClientToModulePercentualError": 0.0,
    "ResilienceModuleToExternalTotalSuccessTime": 4954.5,
    "ResilienceModuleToExternalTotalErrorTime": 0.0,
    "ResilienceModuleToExternalTotalTime": 4954.5,
    "ResilienceModuleToExternalAverageTimePerRequest": 198.18
  },
  {
    "ClientToModuleTotalTime": 4679.0,
    "ClientToModulePercentualError": 0.0,
    "ResilienceModuleToExternalTotalSuccessTime": 4660.5,
    "ResilienceModuleToExternalTotalErrorTime": 0.0,
    "ResilienceModuleToExternalTotalTime": 4660.5,
    "ResilienceModuleToExternalAverageTimePerRequest": 186.42000000000002
  },
  {
    "ClientToModuleTotalTime": 5243.0,
    "ClientToModulePercentualError": 0.0,
    "ResilienceModuleToExternalTotalSuccessTime": 5222.0,
    "ResilienceModuleToExternalTotalErrorTime": 0.0,
    "ResilienceModuleToExternalTotalTime": 5222.0,
    "ResilienceModuleToExternalAverageTimePerRequest": 208.88
  },
  {
    "ClientToModuleTotalTime": 4595.5,
    "ClientToModulePercentualError": 0.0,
    "ResilienceModuleToExternalTotalSuccessTime": 4580.5,
    "ResilienceModuleToExternalTotalErrorTime": 0.0,
    "ResilienceModuleToExternalTotalTime": 4580.5,
    "ResilienceModuleToExternalAverageTimePerRequest": 183.22
  },
  {
    "ClientToModuleTotalTime": 4854.5,
    "ClientToModulePercentualError": 0.0,
    "ResilienceModuleToExternalTotalSuccessTime": 4838.0,
    "ResilienceModuleToExternalTotalErrorTime": 0.0,
    "ResilienceModuleToExternalTotalTime": 4838.0,
    "ResilienceModuleToExternalAverageTimePerRequest": 193.51999999999998
  }
]
