[
  {
    "ClientToModuleTotalTime": 8309.0,
    "ClientToModulePercentualError": 0.9821169810393948,
    "ResilienceModuleToExternalTotalSuccessTime": 3882.5,
    "ResilienceModuleToExternalTotalErrorTime": 2328.0,
    "ResilienceModuleToExternalTotalTime": 6120.5,
    "ResilienceModuleToExternalAverageTimePerRequest": 155.3
  },
  {
    "ClientToModuleTotalTime": 11358.0,
    "ClientToModulePercentualError": 0.9824684087117993,
    "ResilienceModuleToExternalTotalSuccessTime": 5768.0,
    "ResilienceModuleToExternalTotalErrorTime": 3546.5,
    "ResilienceModuleToExternalTotalTime": 8972.5,
    "ResilienceModuleToExternalAverageTimePerRequest": 230.72
  },
  {
    "ClientToModuleTotalTime": 11879.0,
    "ClientToModulePercentualError": 0.9797403480982525,
    "ResilienceModuleToExternalTotalSuccessTime": 5559.0,
    "ResilienceModuleToExternalTotalErrorTime": 3732.0,
    "ResilienceModuleToExternalTotalTime": 9489.0,
    "ResilienceModuleToExternalAverageTimePerRequest": 222.36
  },
  {
    "ClientToModuleTotalTime": 13105.5,
    "ClientToModulePercentualError": 0.9807524987672116,
    "ResilienceModuleToExternalTotalSuccessTime": 6327.0,
    "ResilienceModuleToExternalTotalErrorTime": 4131.5,
    "ResilienceModuleToExternalTotalTime": 10699.0,
    "ResilienceModuleToExternalAverageTimePerRequest": 253.07999999999998
  },
  {
    "ClientToModuleTotalTime": 16428.0,
    "ClientToModulePercentualError": 0.9818174028216218,
    "ResilienceModuleToExternalTotalSuccessTime": 7985.5,
    "ResilienceModuleToExternalTotalErrorTime": 5593.5,
    "ResilienceModuleToExternalTotalTime": 13490.0,
    "ResilienceModuleToExternalAverageTimePerRequest": 319.41999999999996
  },
  {
    "ClientToModuleTotalTime": 11672.0,
    "ClientToModulePercentualError": 0.9832775246351704,
    "ResilienceModuleToExternalTotalSuccessTime": 5871.5,
    "ResilienceModuleToExternalTotalErrorTime": 3919.5,
    "ResilienceModuleToExternalTotalTime": 9764.5,
    "ResilienceModuleToExternalAverageTimePerRequest": 234.86
  },
  {
    "ClientToModuleTotalTime": 7313.5,
    "ClientToModulePercentualError": 0.9839145814086708,
    "ResilienceModuleToExternalTotalSuccessTime": 3294.5,
    "ResilienceModuleToExternalTotalErrorTime": 2042.5,
    "ResilienceModuleToExternalTotalTime": 5283.0,
    "ResilienceModuleToExternalAverageTimePerRequest": 131.78
  },
  {
    "ClientToModuleTotalTime": 9587.0,
    "ClientToModulePercentualError": 0.9834546367969754,
    "ResilienceModuleToExternalTotalSuccessTime": 4448.5,
    "ResilienceModuleToExternalTotalErrorTime": 3009.5,
    "ResilienceModuleToExternalTotalTime": 7508.5,
    "ResilienceModuleToExternalAverageTimePerRequest": 177.94
  },
  {
    "ClientToModuleTotalTime": 9648.5,
    "ClientToModulePercentualError": 0.9819168149945638,
    "ResilienceModuleToExternalTotalSuccessTime": 4115.0,
    "ResilienceModuleToExternalTotalErrorTime": 2667.0,
    "ResilienceModuleToExternalTotalTime": 6786.0,
    "ResilienceModuleToExternalAverageTimePerRequest": 164.60000000000002
  },
  {
    "ClientToModuleTotalTime": 11376.0,
    "ClientToModulePercentualError": 0.9816847359381708,
    "ResilienceModuleToExternalTotalSuccessTime": 5470.0,
    "ResilienceModuleToExternalTotalErrorTime": 3388.0,
    "ResilienceModuleToExternalTotalTime": 8847.5,
    "ResilienceModuleToExternalAverageTimePerRequest": 218.8
  }
]
