[
  {
    "ClientToModuleTotalTime": 2012.0,
    "ClientToModulePercentualError": 0.999601167780738,
    "ResilienceModuleToExternalTotalSuccessTime": 169.0,
    "ResilienceModuleToExternalTotalErrorTime": 83.0,
    "ResilienceModuleToExternalTotalTime": 252.0,
    "ResilienceModuleToExternalAverageTimePerRequest": 6.76
  },
  {
    "ClientToModuleTotalTime": 1462.0,
    "ClientToModulePercentualError": 0.9994267895629844,
    "ResilienceModuleToExternalTotalSuccessTime": 151.0,
    "ResilienceModuleToExternalTotalErrorTime": 63.0,
    "ResilienceModuleToExternalTotalTime": 214.0,
    "ResilienceModuleToExternalAverageTimePerRequest": 6.04
  },
  {
    "ClientToModuleTotalTime": 1559.0,
    "ClientToModulePercentualError": 0.999472139524081,
    "ResilienceModuleToExternalTotalSuccessTime": 147.0,
    "ResilienceModuleToExternalTotalErrorTime": 64.0,
    "ResilienceModuleToExternalTotalTime": 211.0,
    "ResilienceModuleToExternalAverageTimePerRequest": 5.88
  },
  {
    "ClientToModuleTotalTime": 1772.0,
    "ClientToModulePercentualError": 0.9995451071727501,
    "ResilienceModuleToExternalTotalSuccessTime": 152.0,
    "ResilienceModuleToExternalTotalErrorTime": 73.0,
    "ResilienceModuleToExternalTotalTime": 225.0,
    "ResilienceModuleToExternalAverageTimePerRequest": 6.08
  },
  {
    "ClientToModuleTotalTime": 1186.0,
    "ClientToModulePercentualError": 0.9992470559889166,
    "ResilienceModuleToExternalTotalSuccessTime": 170.0,
    "ResilienceModuleToExternalTotalErrorTime": 63.0,
    "ResilienceModuleToExternalTotalTime": 233.0,
    "ResilienceModuleToExternalAverageTimePerRequest": 6.8
  },
  {
    "ClientToModuleTotalTime": 1668.0,
    "ClientToModulePercentualError": 0.9995155132652468,
    "ResilienceModuleToExternalTotalSuccessTime": 148.0,
    "ResilienceModuleToExternalTotalErrorTime": 69.0,
    "ResilienceModuleToExternalTotalTime": 217.0,
    "ResilienceModuleToExternalAverageTimePerRequest": 5.92
  },
  {
    "ClientToModuleTotalTime": 1266.0,
    "ClientToModulePercentualError": 0.9992987967351976,
    "ResilienceModuleToExternalTotalSuccessTime": 162.0,
    "ResilienceModuleToExternalTotalErrorTime": 64.0,
    "ResilienceModuleToExternalTotalTime": 226.0,
    "ResilienceModuleToExternalAverageTimePerRequest": 6.48
  },
  {
    "ClientToModuleTotalTime": 1149.0,
    "ClientToModulePercentualError": 0.9992389649923896,
    "ResilienceModuleToExternalTotalSuccessTime": 156.0,
    "ResilienceModuleToExternalTotalErrorTime": 56.0,
    "ResilienceModuleToExternalTotalTime": 212.0,
    "ResilienceModuleToExternalAverageTimePerRequest": 6.24
  },
  {
    "ClientToModuleTotalTime": 1253.0,
    "ClientToModulePercentualError": 0.9993110860040233,
    "ResilienceModuleToExternalTotalSuccessTime": 158.0,
    "ResilienceModuleToExternalTotalErrorTime": 55.0,
    "ResilienceModuleToExternalTotalTime": 213.0,
    "ResilienceModuleToExternalAverageTimePerRequest": 6.32
  },
  {
    "ClientToModuleTotalTime": 821.0,
    "ClientToModulePercentualError": 0.9988729600577044,
    "ResilienceModuleToExternalTotalSuccessTime": 149.0,
    "ResilienceModuleToExternalTotalErrorTime": 38.0,
    "ResilienceModuleToExternalTotalTime": 187.0,
    "ResilienceModuleToExternalAverageTimePerRequest": 5.96
  }
]
