[
  {
    "ClientToModuleTotalTime": 5564.0,
    "ClientToModulePercentualError": 0.990340030911901,
    "ResilienceModuleToExternalTotalSuccessTime": 2155.0,
    "ResilienceModuleToExternalTotalErrorTime": 1625.0,
    "ResilienceModuleToExternalTotalTime": 3668.0,
    "ResilienceModuleToExternalAverageTimePerRequest": 86.2
  },
  {
    "ClientToModuleTotalTime": 5330.0,
    "ClientToModulePercentualError": 0.9852420306965761,
    "ResilienceModuleToExternalTotalSuccessTime": 2151.0,
    "ResilienceModuleToExternalTotalErrorTime": 1378.0,
    "ResilienceModuleToExternalTotalTime": 3459.0,
    "ResilienceModuleToExternalAverageTimePerRequest": 86.04
  },
  {
    "ClientToModuleTotalTime": 5927.0,
    "ClientToModulePercentualError": 0.989001319841619,
    "ResilienceModuleToExternalTotalSuccessTime": 2367.0,
    "ResilienceModuleToExternalTotalErrorTime": 1759.0,
    "ResilienceModuleToExternalTotalTime": 4025.0,
    "ResilienceModuleToExternalAverageTimePerRequest": 94.68
  },
  {
    "ClientToModuleTotalTime": 5930.0,
    "ClientToModulePercentualError": 0.9879576107899807,
    "ResilienceModuleToExternalTotalSuccessTime": 2152.0,
    "ResilienceModuleToExternalTotalErrorTime": 1633.0,
    "ResilienceModuleToExternalTotalTime": 3722.0,
    "ResilienceModuleToExternalAverageTimePerRequest": 86.08
  },
  {
    "ClientToModuleTotalTime": 5547.0,
    "ClientToModulePercentualError": 0.9859865470852018,
    "ResilienceModuleToExternalTotalSuccessTime": 1909.0,
    "ResilienceModuleToExternalTotalErrorTime": 1457.0,
    "ResilienceModuleToExternalTotalTime": 3286.0,
    "ResilienceModuleToExternalAverageTimePerRequest": 76.36
  },
  {
    "ClientToModuleTotalTime": 5009.0,
    "ClientToModulePercentualError": 0.9840662842574889,
    "ResilienceModuleToExternalTotalSuccessTime": 1988.0,
    "ResilienceModuleToExternalTotalErrorTime": 1261.0,
    "ResilienceModuleToExternalTotalTime": 3125.0,
    "ResilienceModuleToExternalAverageTimePerRequest": 79.52
  },
  {
    "ClientToModuleTotalTime": 5076.0,
    "ClientToModulePercentualError": 0.986449864498645,
    "ResilienceModuleToExternalTotalSuccessTime": 2021.0,
    "ResilienceModuleToExternalTotalErrorTime": 1336.0,
    "ResilienceModuleToExternalTotalTime": 3313.0,
    "ResilienceModuleToExternalAverageTimePerRequest": 80.84
  },
  {
    "ClientToModuleTotalTime": 4901.0,
    "ClientToModulePercentualError": 0.985198342214328,
    "ResilienceModuleToExternalTotalSuccessTime": 2042.0,
    "ResilienceModuleToExternalTotalErrorTime": 1161.0,
    "ResilienceModuleToExternalTotalTime": 3201.0,
    "ResilienceModuleToExternalAverageTimePerRequest": 81.68
  },
  {
    "ClientToModuleTotalTime": 5224.0,
    "ClientToModulePercentualError": 0.9857549857549858,
    "ResilienceModuleToExternalTotalSuccessTime": 2216.0,
    "ResilienceModuleToExternalTotalErrorTime": 1329.0,
    "ResilienceModuleToExternalTotalTime": 3394.0,
    "ResilienceModuleToExternalAverageTimePerRequest": 88.64
  },
  {
    "ClientToModuleTotalTime": 5398.0,
    "ClientToModulePercentualError": 0.9869178440607012,
    "ResilienceModuleToExternalTotalSuccessTime": 2227.0,
    "ResilienceModuleToExternalTotalErrorTime": 1521.0,
    "ResilienceModuleToExternalTotalTime": 3663.0,
    "ResilienceModuleToExternalAverageTimePerRequest": 89.08
  }
]
