[
  {
    "ClientToModuleTotalTime": 6914.0,
    "ClientToModulePercentualError": 0.9870155341795084,
    "ResilienceModuleToExternalTotalSuccessTime": 2855.5,
    "ResilienceModuleToExternalTotalErrorTime": 1972.5,
    "ResilienceModuleToExternalTotalTime": 4888.0,
    "ResilienceModuleToExternalAverageTimePerRequest": 114.22
  },
  {
    "ClientToModuleTotalTime": 9865.5,
    "ClientToModulePercentualError": 0.982281121957098,
    "ResilienceModuleToExternalTotalSuccessTime": 4560.5,
    "ResilienceModuleToExternalTotalErrorTime": 2989.5,
    "ResilienceModuleToExternalTotalTime": 7505.0,
    "ResilienceModuleToExternalAverageTimePerRequest": 182.42000000000002
  },
  {
    "ClientToModuleTotalTime": 10387.0,
    "ClientToModulePercentualError": 0.9835054382004476,
    "ResilienceModuleToExternalTotalSuccessTime": 4942.5,
    "ResilienceModuleToExternalTotalErrorTime": 3290.0,
    "ResilienceModuleToExternalTotalTime": 8076.0,
    "ResilienceModuleToExternalAverageTimePerRequest": 197.7
  },
  {
    "ClientToModuleTotalTime": 10794.5,
    "ClientToModulePercentualError": 0.9800712067142479,
    "ResilienceModuleToExternalTotalSuccessTime": 4877.5,
    "ResilienceModuleToExternalTotalErrorTime": 2699.0,
    "ResilienceModuleToExternalTotalTime": 7564.0,
    "ResilienceModuleToExternalAverageTimePerRequest": 195.1
  },
  {
    "ClientToModuleTotalTime": 10225.0,
    "ClientToModulePercentualError": 0.9800399169788037,
    "ResilienceModuleToExternalTotalSuccessTime": 5197.5,
    "ResilienceModuleToExternalTotalErrorTime": 2524.5,
    "ResilienceModuleToExternalTotalTime": 7686.0,
    "ResilienceModuleToExternalAverageTimePerRequest": 207.9
  },
  {
    "ClientToModuleTotalTime": 10355.5,
    "ClientToModulePercentualError": 0.9812663892772715,
    "ResilienceModuleToExternalTotalSuccessTime": 4943.5,
    "ResilienceModuleToExternalTotalErrorTime": 3128.0,
    "ResilienceModuleToExternalTotalTime": 7851.0,
    "ResilienceModuleToExternalAverageTimePerRequest": 197.74
  },
  {
    "ClientToModuleTotalTime": 10696.0,
    "ClientToModulePercentualError": 0.9799993727803304,
    "ResilienceModuleToExternalTotalSuccessTime": 4613.5,
    "ResilienceModuleToExternalTotalErrorTime": 2922.5,
    "ResilienceModuleToExternalTotalTime": 7484.5,
    "ResilienceModuleToExternalAverageTimePerRequest": 184.54000000000002
  },
  {
    "ClientToModuleTotalTime": 10202.0,
    "ClientToModulePercentualError": 0.9814298402400812,
    "ResilienceModuleToExternalTotalSuccessTime": 4716.5,
    "ResilienceModuleToExternalTotalErrorTime": 2820.0,
    "ResilienceModuleToExternalTotalTime": 7456.0,
    "ResilienceModuleToExternalAverageTimePerRequest": 188.66
  },
  {
    "ClientToModuleTotalTime": 10555.5,
    "ClientToModulePercentualError": 0.9830902724404722,
    "ResilienceModuleToExternalTotalSuccessTime": 4805.0,
    "ResilienceModuleToExternalTotalErrorTime": 3276.0,
    "ResilienceModuleToExternalTotalTime": 7951.0,
    "ResilienceModuleToExternalAverageTimePerRequest": 192.2
  },
  {
    "ClientToModuleTotalTime": 11399.5,
    "ClientToModulePercentualError": 0.9842121866166402,
    "ResilienceModuleToExternalTotalSuccessTime": 5262.5,
    "ResilienceModuleToExternalTotalErrorTime": 3481.5,
    "ResilienceModuleToExternalTotalTime": 8595.0,
    "ResilienceModuleToExternalAverageTimePerRequest": 210.5
  }
]
